nanoseconds,logic,logic,logic,logic,logic,logic,logic,logic
0,0,1,1,1,1,1,1,1
125,0,1,1,1,1,1,1,1
250,0,1,1,1,1,1,1,1
375,0,1,1,1,1,1,1,1
500,0,1,1,1,1,1,1,1
625,0,1,1,1,1,1,1,1
750,0,1,1,1,1,1,1,1
875,0,1,1,1,1,1,1,1
1000,0,1,1,1,1,1,1,1
1125,0,1,1,1,1,1,1,1
1250,0,1,1,1,1,1,1,1
1375,0,1,1,1,1,1,1,1
1500,0,1,1,1,1,1,1,1
1625,0,1,1,1,1,1,1,1
1750,0,1,1,1,1,1,1,1
1875,0,1,1,1,1,1,1,1
2000,0,1,1,1,1,1,1,1
2125,0,1,1,1,1,1,1,1
2250,0,1,1,1,1,1,1,1
2375,0,1,1,1,1,1,1,1
2500,0,1,1,1,1,1,1,1
2625,0,1,1,1,1,1,1,1
2750,0,1,1,1,1,1,1,1
2875,0,1,1,1,1,1,1,1
3000,0,1,1,1,1,1,1,1
3125,0,1,1,1,1,1,1,1
3250,0,1,1,1,1,1,1,1
3375,0,1,1,1,1,1,1,1
3500,0,1,1,1,1,1,1,1
3625,0,1,1,1,1,1,1,1
3750,0,1,1,1,1,1,1,1
3875,0,1,1,1,1,1,1,1
4000,0,1,1,1,1,1,1,1
4125,0,1,1,1,1,1,1,1
4250,0,1,1,1,1,1,1,1
4375,0,1,1,1,1,1,1,1
4500,0,1,1,1,1,1,1,1
4625,0,1,1,1,1,1,1,1
4750,0,1,1,1,1,1,1,1
4875,0,1,1,1,1,1,1,1
5000,0,1,1,1,1,1,1,1
5125,0,1,1,1,1,1,1,1
5250,0,1,1,1,1,1,1,1
5375,0,1,1,1,1,1,1,1
5500,0,1,1,1,1,1,1,1
5625,0,1,1,1,1,1,1,1
5750,0,1,1,1,1,1,1,1
5875,0,1,1,1,1,1,1,1
6000,0,1,1,1,1,1,1,1
6125,0,1,1,1,1,1,1,1
6250,0,1,1,1,1,1,1,1
6375,0,1,1,1,1,1,1,1
6500,0,1,1,1,1,1,1,1
6625,0,1,1,1,1,1,1,1
6750,0,1,1,1,1,1,1,1
6875,0,1,1,1,1,1,1,1
7000,0,1,1,1,1,1,1,1
7125,0,1,1,1,1,1,1,1
7250,0,1,1,1,1,1,1,1
7375,0,1,1,1,1,1,1,1
7500,0,1,1,1,1,1,1,1
7625,0,1,1,1,1,1,1,1
7750,0,1,1,1,1,1,1,1
7875,0,1,1,1,1,1,1,1
8000,0,1,1,1,1,1,1,1
8125,0,1,1,1,1,1,1,1
8250,0,1,1,1,1,1,1,1
8375,0,1,1,1,1,1,1,1
8500,0,1,1,1,1,1,1,1
8625,0,1,1,1,1,1,1,1
8750,0,1,1,1,1,1,1,1
8875,0,1,1,1,1,1,1,1
9000,0,1,1,1,1,1,1,1
9125,0,1,1,1,1,1,1,1
9250,0,1,1,1,1,1,1,1
9375,0,1,1,1,1,1,1,1
9500,0,1,1,1,1,1,1,1
9625,0,1,1,1,1,1,1,1
9750,0,1,1,1,1,1,1,1
9875,0,1,1,1,1,1,1,1
10000,0,1,1,1,1,1,1,1
10125,0,1,1,1,1,1,1,1
10250,0,1,1,1,1,1,1,1
10375,0,1,1,1,1,1,1,1
10500,0,1,1,1,1,1,1,1
10625,0,1,1,1,1,1,1,1
10750,0,1,1,1,1,1,1,1
10875,0,1,1,1,1,1,1,1
11000,0,1,1,1,1,1,1,1
11125,0,1,1,1,1,1,1,1
11250,0,1,1,1,1,1,1,1
11375,0,1,1,1,1,1,1,1
11500,0,1,1,1,1,1,1,1
11625,0,1,1,1,1,1,1,1
11750,0,1,1,1,1,1,1,1
11875,0,1,1,1,1,1,1,1
12000,0,1,1,1,1,1,1,1
12125,0,1,1,1,1,1,1,1
12250,0,1,1,1,1,1,1,1
12375,0,1,1,1,1,1,1,1
12500,0,1,1,1,1,1,1,1
12625,0,1,1,1,1,1,1,1
12750,0,1,1,1,1,1,1,1
12875,0,1,1,1,1,1,1,1
13000,0,1,1,1,1,1,1,1
13125,0,1,1,1,1,1,1,1
13250,0,1,1,1,1,1,1,1
13375,0,1,1,1,1,1,1,1
13500,0,1,1,1,1,1,1,1
13625,0,1,1,1,1,1,1,1
13750,0,1,1,1,1,1,1,1
13875,0,1,1,1,1,1,1,1
14000,0,1,1,1,1,1,1,1
14125,0,1,1,1,1,1,1,1
14250,0,1,1,1,1,1,1,1
14375,0,1,1,1,1,1,1,1
14500,0,1,1,1,1,1,1,1
14625,0,1,1,1,1,1,1,1
14750,0,1,1,1,1,1,1,1
14875,0,1,1,1,1,1,1,1
15000,0,1,1,1,1,1,1,1
15125,0,1,1,1,1,1,1,1
15250,0,1,1,1,1,1,1,1
15375,0,1,1,1,1,1,1,1
15500,0,1,1,1,1,1,1,1
15625,0,1,1,1,1,1,1,1
15750,0,1,1,1,1,1,1,1
15875,0,1,1,1,1,1,1,1
16000,0,1,1,1,1,1,1,1
16125,0,1,1,1,1,1,1,1
16250,0,1,1,1,1,1,1,1
16375,0,1,1,1,1,1,1,1
16500,0,1,1,1,1,1,1,1
16625,0,1,1,1,1,1,1,1
16750,0,1,1,1,1,1,1,1
16875,0,1,1,1,1,1,1,1
17000,0,1,1,1,1,1,1,1
17125,0,1,1,1,1,1,1,1
17250,0,1,1,1,1,1,1,1
17375,0,1,1,1,1,1,1,1
17500,0,1,1,1,1,1,1,1
17625,0,1,1,1,1,1,1,1
17750,0,1,1,1,1,1,1,1
17875,0,1,1,1,1,1,1,1
18000,0,1,1,1,1,1,1,1
18125,0,1,1,1,1,1,1,1
18250,0,1,1,1,1,1,1,1
18375,0,1,1,1,1,1,1,1
18500,0,1,1,1,1,1,1,1
18625,0,1,1,1,1,1,1,1
18750,0,1,1,1,1,1,1,1
18875,0,1,1,1,1,1,1,1
19000,0,1,1,1,1,1,1,1
19125,0,1,1,1,1,1,1,1
19250,0,1,1,1,1,1,1,1
19375,0,1,1,1,1,1,1,1
19500,0,1,1,1,1,1,1,1
19625,0,1,1,1,1,1,1,1
19750,0,1,1,1,1,1,1,1
19875,0,1,1,1,1,1,1,1
20000,0,1,1,1,1,1,1,1
20125,0,1,1,1,1,1,1,1
20250,0,1,1,1,1,1,1,1
20375,0,1,1,1,1,1,1,1
20500,0,1,1,1,1,1,1,1
20625,0,1,1,1,1,1,1,1
20750,0,1,1,1,1,1,1,1
20875,0,1,1,1,1,1,1,1
21000,0,1,1,1,1,1,1,1
21125,0,1,1,1,1,1,1,1
21250,0,1,1,1,1,1,1,1
21375,0,1,1,1,1,1,1,1
21500,0,1,1,1,1,1,1,1
21625,0,1,1,1,1,1,1,1
21750,0,1,1,1,1,1,1,1
21875,0,1,1,1,1,1,1,1
22000,0,1,1,1,1,1,1,1
22125,0,1,1,1,1,1,1,1
22250,0,1,1,1,1,1,1,1
22375,0,1,1,1,1,1,1,1
22500,0,1,1,1,1,1,1,1
22625,0,1,1,1,1,1,1,1
22750,0,1,1,1,1,1,1,1
22875,0,1,1,1,1,1,1,1
23000,0,1,1,1,1,1,1,1
23125,0,1,1,1,1,1,1,1
23250,0,1,1,1,1,1,1,1
23375,0,1,1,1,1,1,1,1
23500,0,1,1,1,1,1,1,1
23625,0,1,1,1,1,1,1,1
23750,0,1,1,1,1,1,1,1
23875,0,1,1,1,1,1,1,1
24000,0,1,1,1,1,1,1,1
24125,0,1,1,1,1,1,1,1
24250,0,1,1,1,1,1,1,1
24375,0,1,1,1,1,1,1,1
24500,0,1,1,1,1,1,1,1
24625,0,1,1,1,1,1,1,1
24750,0,1,1,1,1,1,1,1
24875,0,1,1,1,1,1,1,1
25000,0,1,1,1,1,1,1,1
25125,0,1,1,1,1,1,1,1
25250,0,1,1,1,1,1,1,1
25375,0,1,1,1,1,1,1,1
25500,0,1,1,1,1,1,1,1
25625,0,1,1,1,1,1,1,1
25750,0,1,1,1,1,1,1,1
25875,0,1,1,1,1,1,1,1
26000,0,1,1,1,1,1,1,1
26125,0,1,1,1,1,1,1,1
26250,0,1,1,1,1,1,1,1
26375,0,1,1,1,1,1,1,1
26500,0,1,1,1,1,1,1,1
26625,0,1,1,1,1,1,1,1
26750,0,1,1,1,1,1,1,1
26875,0,1,1,1,1,1,1,1
27000,0,1,1,1,1,1,1,1
27125,0,1,1,1,1,1,1,1
27250,0,1,1,1,1,1,1,1
27375,0,1,1,1,1,1,1,1
27500,0,1,1,1,1,1,1,1
27625,0,1,1,1,1,1,1,1
27750,0,1,1,1,1,1,1,1
27875,0,1,1,1,1,1,1,1
28000,0,1,1,1,1,1,1,1
28125,0,1,1,1,1,1,1,1
28250,0,1,1,1,1,1,1,1
28375,0,1,1,1,1,1,1,1
28500,0,1,1,1,1,1,1,1
28625,0,1,1,1,1,1,1,1
28750,0,1,1,1,1,1,1,1
28875,0,1,1,1,1,1,1,1
29000,0,1,1,1,1,1,1,1
29125,0,1,1,1,1,1,1,1
29250,0,1,1,1,1,1,1,1
29375,0,1,1,1,1,1,1,1
29500,0,1,1,1,1,1,1,1
29625,0,1,1,1,1,1,1,1
29750,0,1,1,1,1,1,1,1
29875,0,1,1,1,1,1,1,1
30000,0,1,1,1,1,1,1,1
30125,0,1,1,1,1,1,1,1
30250,0,1,1,1,1,1,1,1
30375,0,1,1,1,1,1,1,1
30500,0,1,1,1,1,1,1,1
30625,0,1,1,1,1,1,1,1
30750,0,1,1,1,1,1,1,1
30875,0,1,1,1,1,1,1,1
31000,0,1,1,1,1,1,1,1
31125,0,1,1,1,1,1,1,1
31250,0,1,1,1,1,1,1,1
31375,0,1,1,1,1,1,1,1
31500,0,1,1,1,1,1,1,1
31625,0,1,1,1,1,1,1,1
31750,0,1,1,1,1,1,1,1
31875,0,1,1,1,1,1,1,1
32000,0,1,1,1,1,1,1,1
32125,0,1,1,1,1,1,1,1
32250,0,1,1,1,1,1,1,1
32375,0,1,1,1,1,1,1,1
32500,0,1,1,1,1,1,1,1
32625,0,1,1,1,1,1,1,1
32750,0,1,1,1,1,1,1,1
32875,0,1,1,1,1,1,1,1
33000,0,1,1,1,1,1,1,1
33125,0,1,1,1,1,1,1,1
33250,0,1,1,1,1,1,1,1
33375,0,1,1,1,1,1,1,1
33500,0,1,1,1,1,1,1,1
33625,0,1,1,1,1,1,1,1
33750,0,1,1,1,1,1,1,1
33875,0,1,1,1,1,1,1,1
34000,0,1,1,1,1,1,1,1
34125,0,1,1,1,1,1,1,1
34250,0,1,1,1,1,1,1,1
34375,0,1,1,1,1,1,1,1
34500,0,1,1,1,1,1,1,1
34625,0,1,1,1,1,1,1,1
34750,0,1,1,1,1,1,1,1
34875,0,1,1,1,1,1,1,1
35000,0,1,1,1,1,1,1,1
35125,0,1,1,1,1,1,1,1
35250,0,1,1,1,1,1,1,1
35375,0,1,1,1,1,1,1,1
35500,0,1,1,1,1,1,1,1
35625,0,1,1,1,1,1,1,1
35750,0,1,1,1,1,1,1,1
35875,0,1,1,1,1,1,1,1
36000,0,1,1,1,1,1,1,1
36125,0,1,1,1,1,1,1,1
36250,0,1,1,1,1,1,1,1
36375,0,1,1,1,1,1,1,1
36500,0,1,1,1,1,1,1,1
36625,0,1,1,1,1,1,1,1
36750,0,1,1,1,1,1,1,1
36875,0,1,1,1,1,1,1,1
37000,0,1,1,1,1,1,1,1
37125,0,1,1,1,1,1,1,1
37250,0,1,1,1,1,1,1,1
37375,0,1,1,1,1,1,1,1
37500,0,1,1,1,1,1,1,1
37625,0,1,1,1,1,1,1,1
37750,0,1,1,1,1,1,1,1
37875,0,1,1,1,1,1,1,1
38000,0,1,1,1,1,1,1,1
38125,0,1,1,1,1,1,1,1
38250,0,1,1,1,1,1,1,1
38375,0,1,1,1,1,1,1,1
38500,0,1,1,1,1,1,1,1
38625,0,1,1,1,1,1,1,1
38750,0,1,1,1,1,1,1,1
38875,0,1,1,1,1,1,1,1
39000,0,1,1,1,1,1,1,1
39125,0,1,1,1,1,1,1,1
39250,0,1,1,1,1,1,1,1
39375,0,1,1,1,1,1,1,1
39500,0,1,1,1,1,1,1,1
39625,0,1,1,1,1,1,1,1
39750,0,1,1,1,1,1,1,1
39875,0,1,1,1,1,1,1,1
40000,0,1,1,1,1,1,1,1
40125,0,1,1,1,1,1,1,1
40250,0,1,1,1,1,1,1,1
40375,0,1,1,1,1,1,1,1
40500,0,1,1,1,1,1,1,1
40625,0,1,1,1,1,1,1,1
40750,0,1,1,1,1,1,1,1
40875,0,1,1,1,1,1,1,1
41000,0,1,1,1,1,1,1,1
41125,0,1,1,1,1,1,1,1
41250,0,1,1,1,1,1,1,1
41375,0,1,1,1,1,1,1,1
41500,0,1,1,1,1,1,1,1
41625,0,1,1,1,1,1,1,1
41750,0,1,1,1,1,1,1,1
41875,0,1,1,1,1,1,1,1
42000,0,1,1,1,1,1,1,1
42125,0,1,1,1,1,1,1,1
42250,0,1,1,1,1,1,1,1
42375,0,1,1,1,1,1,1,1
42500,0,1,1,1,1,1,1,1
42625,0,1,1,1,1,1,1,1
42750,0,1,1,1,1,1,1,1
42875,0,1,1,1,1,1,1,1
43000,0,1,1,1,1,1,1,1
43125,0,1,1,1,1,1,1,1
43250,0,1,1,1,1,1,1,1
43375,0,1,1,1,1,1,1,1
43500,0,1,1,1,1,1,1,1
43625,0,1,1,1,1,1,1,1
43750,0,1,1,1,1,1,1,1
43875,0,1,1,1,1,1,1,1
44000,0,1,1,1,1,1,1,1
44125,0,1,1,1,1,1,1,1
44250,0,1,1,1,1,1,1,1
44375,0,1,1,1,1,1,1,1
44500,0,1,1,1,1,1,1,1
44625,0,1,1,1,1,1,1,1
44750,0,1,1,1,1,1,1,1
44875,0,1,1,1,1,1,1,1
45000,0,1,1,1,1,1,1,1
45125,0,1,1,1,1,1,1,1
45250,0,1,1,1,1,1,1,1
45375,0,1,1,1,1,1,1,1
45500,0,1,1,1,1,1,1,1
45625,0,1,1,1,1,1,1,1
45750,0,1,1,1,1,1,1,1
45875,0,1,1,1,1,1,1,1
46000,0,1,1,1,1,1,1,1
46125,0,1,1,1,1,1,1,1
46250,0,1,1,1,1,1,1,1
46375,0,1,1,1,1,1,1,1
46500,0,1,1,1,1,1,1,1
46625,0,1,1,1,1,1,1,1
46750,0,1,1,1,1,1,1,1
46875,0,1,1,1,1,1,1,1
47000,0,1,1,1,1,1,1,1
47125,0,1,1,1,1,1,1,1
47250,0,1,1,1,1,1,1,1
47375,0,1,1,1,1,1,1,1
47500,0,1,1,1,1,1,1,1
47625,0,1,1,1,1,1,1,1
47750,0,1,1,1,1,1,1,1
47875,0,1,1,1,1,1,1,1
48000,0,1,1,1,1,1,1,1
48125,0,1,1,1,1,1,1,1
48250,0,1,1,1,1,1,1,1
48375,0,1,1,1,1,1,1,1
48500,0,1,1,1,1,1,1,1
48625,0,1,1,1,1,1,1,1
48750,0,1,1,1,1,1,1,1
48875,0,1,1,1,1,1,1,1
49000,0,1,1,1,1,1,1,1
49125,0,1,1,1,1,1,1,1
49250,0,1,1,1,1,1,1,1
49375,0,1,1,1,1,1,1,1
49500,0,1,1,1,1,1,1,1
49625,0,1,1,1,1,1,1,1
49750,0,1,1,1,1,1,1,1
49875,0,1,1,1,1,1,1,1
50000,0,1,1,1,1,1,1,1
50125,0,1,1,1,1,1,1,1
50250,0,1,1,1,1,1,1,1
50375,0,1,1,1,1,1,1,1
50500,0,1,1,1,1,1,1,1
50625,0,1,1,1,1,1,1,1
50750,0,1,1,1,1,1,1,1
50875,0,1,1,1,1,1,1,1
51000,0,1,1,1,1,1,1,1
51125,0,1,1,1,1,1,1,1
51250,0,1,1,1,1,1,1,1
51375,0,1,1,1,1,1,1,1
51500,0,1,1,1,1,1,1,1
51625,0,1,1,1,1,1,1,1
51750,0,1,1,1,1,1,1,1
51875,0,1,1,1,1,1,1,1
52000,0,1,1,1,1,1,1,1
52125,0,1,1,1,1,1,1,1
52250,0,1,1,1,1,1,1,1
52375,0,1,1,1,1,1,1,1
52500,0,1,1,1,1,1,1,1
52625,0,1,1,1,1,1,1,1
52750,0,1,1,1,1,1,1,1
52875,0,1,1,1,1,1,1,1
53000,0,1,1,1,1,1,1,1
53125,0,1,1,1,1,1,1,1
53250,0,1,1,1,1,1,1,1
53375,0,1,1,1,1,1,1,1
53500,0,1,1,1,1,1,1,1
53625,0,1,1,1,1,1,1,1
53750,0,1,1,1,1,1,1,1
53875,0,1,1,1,1,1,1,1
54000,0,1,1,1,1,1,1,1
54125,0,1,1,1,1,1,1,1
54250,0,1,1,1,1,1,1,1
54375,0,1,1,1,1,1,1,1
54500,0,1,1,1,1,1,1,1
54625,0,1,1,1,1,1,1,1
54750,0,1,1,1,1,1,1,1
54875,0,1,1,1,1,1,1,1
55000,0,1,1,1,1,1,1,1
55125,0,1,1,1,1,1,1,1
55250,0,1,1,1,1,1,1,1
55375,0,1,1,1,1,1,1,1
55500,0,1,1,1,1,1,1,1
55625,0,1,1,1,1,1,1,1
55750,0,1,1,1,1,1,1,1
55875,0,1,1,1,1,1,1,1
56000,0,1,1,1,1,1,1,1
56125,0,1,1,1,1,1,1,1
56250,0,1,1,1,1,1,1,1
56375,0,1,1,1,1,1,1,1
56500,0,1,1,1,1,1,1,1
56625,0,1,1,1,1,1,1,1
56750,0,1,1,1,1,1,1,1
56875,0,1,1,1,1,1,1,1
57000,0,1,1,1,1,1,1,1
57125,0,1,1,1,1,1,1,1
57250,0,1,1,1,1,1,1,1
57375,0,1,1,1,1,1,1,1
57500,0,1,1,1,1,1,1,1
57625,0,1,1,1,1,1,1,1
57750,0,1,1,1,1,1,1,1
57875,0,1,1,1,1,1,1,1
58000,0,1,1,1,1,1,1,1
58125,0,1,1,1,1,1,1,1
58250,0,1,1,1,1,1,1,1
58375,0,1,1,1,1,1,1,1
58500,0,1,1,1,1,1,1,1
58625,0,1,1,1,1,1,1,1
58750,0,1,1,1,1,1,1,1
58875,0,1,1,1,1,1,1,1
59000,0,1,1,1,1,1,1,1
59125,0,1,1,1,1,1,1,1
59250,0,1,1,1,1,1,1,1
59375,0,1,1,1,1,1,1,1
59500,0,1,1,1,1,1,1,1
59625,0,1,1,1,1,1,1,1
59750,0,1,1,1,1,1,1,1
59875,0,1,1,1,1,1,1,1
60000,0,1,1,1,1,1,1,1
60125,0,1,1,1,1,1,1,1
60250,0,1,1,1,1,1,1,1
60375,0,1,1,1,1,1,1,1
60500,0,1,1,1,1,1,1,1
60625,0,1,1,1,1,1,1,1
60750,0,1,1,1,1,1,1,1
60875,0,1,1,1,1,1,1,1
61000,0,1,1,1,1,1,1,1
61125,0,1,1,1,1,1,1,1
61250,0,1,1,1,1,1,1,1
61375,0,1,1,1,1,1,1,1
61500,0,1,1,1,1,1,1,1
61625,0,1,1,1,1,1,1,1
61750,0,1,1,1,1,1,1,1
61875,0,1,1,1,1,1,1,1
62000,0,1,1,1,1,1,1,1
62125,0,1,1,1,1,1,1,1
62250,0,1,1,1,1,1,1,1
62375,0,1,1,1,1,1,1,1
62500,0,1,1,1,1,1,1,1
62625,0,1,1,1,1,1,1,1
62750,0,1,1,1,1,1,1,1
62875,0,1,1,1,1,1,1,1
63000,0,1,1,1,1,1,1,1
63125,0,1,1,1,1,1,1,1
63250,0,1,1,1,1,1,1,1
63375,0,1,1,1,1,1,1,1
63500,0,1,1,1,1,1,1,1
63625,0,1,1,1,1,1,1,1
63750,0,1,1,1,1,1,1,1
63875,0,1,1,1,1,1,1,1
64000,0,1,1,1,1,1,1,1
64125,0,1,1,1,1,1,1,1
64250,0,1,1,1,1,1,1,1
64375,0,1,1,1,1,1,1,1
64500,0,1,1,1,1,1,1,1
64625,0,1,1,1,1,1,1,1
64750,0,1,1,1,1,1,1,1
64875,0,1,1,1,1,1,1,1
65000,0,1,1,1,1,1,1,1
65125,0,1,1,1,1,1,1,1
65250,0,1,1,1,1,1,1,1
65375,0,1,1,1,1,1,1,1
65500,0,1,1,1,1,1,1,1
65625,0,1,1,1,1,1,1,1
65750,0,1,1,1,1,1,1,1
65875,0,1,1,1,1,1,1,1
66000,0,1,1,1,1,1,1,1
66125,0,1,1,1,1,1,1,1
66250,0,1,1,1,1,1,1,1
66375,0,1,1,1,1,1,1,1
66500,0,1,1,1,1,1,1,1
66625,0,1,1,1,1,1,1,1
66750,0,1,1,1,1,1,1,1
66875,0,1,1,1,1,1,1,1
67000,0,1,1,1,1,1,1,1
67125,0,1,1,1,1,1,1,1
67250,0,1,1,1,1,1,1,1
67375,0,1,1,1,1,1,1,1
67500,0,1,1,1,1,1,1,1
67625,0,1,1,1,1,1,1,1
67750,0,1,1,1,1,1,1,1
67875,0,1,1,1,1,1,1,1
68000,0,1,1,1,1,1,1,1
68125,0,1,1,1,1,1,1,1
68250,0,1,1,1,1,1,1,1
68375,0,1,1,1,1,1,1,1
68500,0,1,1,1,1,1,1,1
68625,0,1,1,1,1,1,1,1
68750,0,1,1,1,1,1,1,1
68875,0,1,1,1,1,1,1,1
69000,0,1,1,1,1,1,1,1
69125,0,1,1,1,1,1,1,1
69250,0,1,1,1,1,1,1,1
69375,0,1,1,1,1,1,1,1
69500,0,1,1,1,1,1,1,1
69625,0,1,1,1,1,1,1,1
69750,0,1,1,1,1,1,1,1
69875,0,1,1,1,1,1,1,1
70000,0,1,1,1,1,1,1,1
70125,0,1,1,1,1,1,1,1
70250,0,1,1,1,1,1,1,1
70375,0,1,1,1,1,1,1,1
70500,0,1,1,1,1,1,1,1
70625,0,1,1,1,1,1,1,1
70750,0,1,1,1,1,1,1,1
70875,0,1,1,1,1,1,1,1
71000,0,1,1,1,1,1,1,1
71125,0,1,1,1,1,1,1,1
71250,0,1,1,1,1,1,1,1
71375,0,1,1,1,1,1,1,1
71500,0,1,1,1,1,1,1,1
71625,0,1,1,1,1,1,1,1
71750,0,1,1,1,1,1,1,1
71875,0,1,1,1,1,1,1,1
72000,0,1,1,1,1,1,1,1
72125,0,1,1,1,1,1,1,1
72250,0,1,1,1,1,1,1,1
72375,0,1,1,1,1,1,1,1
72500,0,1,1,1,1,1,1,1
72625,0,1,1,1,1,1,1,1
72750,0,1,1,1,1,1,1,1
72875,0,1,1,1,1,1,1,1
73000,0,1,1,1,1,1,1,1
73125,0,1,1,1,1,1,1,1
73250,0,1,1,1,1,1,1,1
73375,0,1,1,1,1,1,1,1
73500,0,1,1,1,1,1,1,1
73625,0,1,1,1,1,1,1,1
73750,0,1,1,1,1,1,1,1
73875,0,1,1,1,1,1,1,1
74000,0,1,1,1,1,1,1,1
74125,0,1,1,1,1,1,1,1
74250,0,1,1,1,1,1,1,1
74375,0,1,1,1,1,1,1,1
74500,0,1,1,1,1,1,1,1
74625,0,1,1,1,1,1,1,1
74750,0,1,1,1,1,1,1,1
74875,0,1,1,1,1,1,1,1
75000,0,1,1,1,1,1,1,1
75125,0,1,1,1,1,1,1,1
75250,0,1,1,1,1,1,1,1
75375,0,1,1,1,1,1,1,1
75500,0,1,1,1,1,1,1,1
75625,0,1,1,1,1,1,1,1
75750,0,1,1,1,1,1,1,1
75875,0,1,1,1,1,1,1,1
76000,0,1,1,1,1,1,1,1
76125,0,1,1,1,1,1,1,1
76250,0,1,1,1,1,1,1,1
76375,0,1,1,1,1,1,1,1
76500,0,1,1,1,1,1,1,1
76625,0,1,1,1,1,1,1,1
76750,0,1,1,1,1,1,1,1
76875,0,1,1,1,1,1,1,1
77000,0,1,1,1,1,1,1,1
77125,0,1,1,1,1,1,1,1
77250,0,1,1,1,1,1,1,1
77375,0,1,1,1,1,1,1,1
77500,0,1,1,1,1,1,1,1
77625,0,1,1,1,1,1,1,1
77750,0,1,1,1,1,1,1,1
77875,0,1,1,1,1,1,1,1
78000,0,1,1,1,1,1,1,1
78125,0,1,1,1,1,1,1,1
78250,0,1,1,1,1,1,1,1
78375,0,1,1,1,1,1,1,1
78500,0,1,1,1,1,1,1,1
78625,0,1,1,1,1,1,1,1
78750,0,1,1,1,1,1,1,1
78875,0,1,1,1,1,1,1,1
79000,0,1,1,1,1,1,1,1
79125,0,1,1,1,1,1,1,1
79250,0,1,1,1,1,1,1,1
79375,0,1,1,1,1,1,1,1
79500,0,1,1,1,1,1,1,1
79625,0,1,1,1,1,1,1,1
79750,0,1,1,1,1,1,1,1
79875,0,1,1,1,1,1,1,1
80000,0,1,1,1,1,1,1,1
80125,0,1,1,1,1,1,1,1
80250,0,1,1,1,1,1,1,1
80375,0,1,1,1,1,1,1,1
80500,0,1,1,1,1,1,1,1
80625,0,1,1,1,1,1,1,1
80750,0,1,1,1,1,1,1,1
80875,0,1,1,1,1,1,1,1
81000,0,1,1,1,1,1,1,1
81125,0,1,1,1,1,1,1,1
81250,0,1,1,1,1,1,1,1
81375,0,1,1,1,1,1,1,1
81500,0,1,1,1,1,1,1,1
81625,0,1,1,1,1,1,1,1
81750,0,1,1,1,1,1,1,1
81875,0,1,1,1,1,1,1,1
82000,0,1,1,1,1,1,1,1
82125,0,1,1,1,1,1,1,1
82250,0,1,1,1,1,1,1,1
82375,0,1,1,1,1,1,1,1
82500,0,1,1,1,1,1,1,1
82625,0,1,1,1,1,1,1,1
82750,0,1,1,1,1,1,1,1
82875,0,1,1,1,1,1,1,1
83000,0,1,1,1,1,1,1,1
83125,0,1,1,1,1,1,1,1
83250,0,1,1,1,1,1,1,1
83375,0,1,1,1,1,1,1,1
83500,0,1,1,1,1,1,1,1
83625,0,1,1,1,1,1,1,1
83750,0,1,1,1,1,1,1,1
83875,0,1,1,1,1,1,1,1
84000,0,1,1,1,1,1,1,1
84125,0,1,1,1,1,1,1,1
84250,0,1,1,1,1,1,1,1
84375,0,1,1,1,1,1,1,1
84500,0,1,1,1,1,1,1,1
84625,0,1,1,1,1,1,1,1
84750,0,1,1,1,1,1,1,1
84875,0,1,1,1,1,1,1,1
85000,0,1,1,1,1,1,1,1
85125,0,1,1,1,1,1,1,1
85250,0,1,1,1,1,1,1,1
85375,0,1,1,1,1,1,1,1
85500,0,1,1,1,1,1,1,1
85625,0,1,1,1,1,1,1,1
85750,0,1,1,1,1,1,1,1
85875,0,1,1,1,1,1,1,1
86000,0,1,1,1,1,1,1,1
86125,0,1,1,1,1,1,1,1
86250,0,1,1,1,1,1,1,1
86375,0,1,1,1,1,1,1,1
86500,0,1,1,1,1,1,1,1
86625,0,1,1,1,1,1,1,1
86750,0,1,1,1,1,1,1,1
86875,0,1,1,1,1,1,1,1
87000,0,1,1,1,1,1,1,1
87125,0,1,1,1,1,1,1,1
87250,0,1,1,1,1,1,1,1
87375,0,1,1,1,1,1,1,1
87500,0,1,1,1,1,1,1,1
87625,0,1,1,1,1,1,1,1
87750,0,1,1,1,1,1,1,1
87875,0,1,1,1,1,1,1,1
88000,0,1,1,1,1,1,1,1
88125,0,1,1,1,1,1,1,1
88250,0,1,1,1,1,1,1,1
88375,0,1,1,1,1,1,1,1
88500,0,1,1,1,1,1,1,1
88625,0,1,1,1,1,1,1,1
88750,0,1,1,1,1,1,1,1
88875,0,1,1,1,1,1,1,1
89000,0,1,1,1,1,1,1,1
89125,0,1,1,1,1,1,1,1
89250,0,1,1,1,1,1,1,1
89375,0,1,1,1,1,1,1,1
89500,0,1,1,1,1,1,1,1
89625,0,1,1,1,1,1,1,1
89750,0,1,1,1,1,1,1,1
89875,0,1,1,1,1,1,1,1
90000,0,1,1,1,1,1,1,1
90125,0,1,1,1,1,1,1,1
90250,0,1,1,1,1,1,1,1
90375,0,1,1,1,1,1,1,1
90500,0,1,1,1,1,1,1,1
90625,0,1,1,1,1,1,1,1
90750,0,1,1,1,1,1,1,1
90875,0,1,1,1,1,1,1,1
91000,0,1,1,1,1,1,1,1
91125,0,1,1,1,1,1,1,1
91250,0,1,1,1,1,1,1,1
91375,0,1,1,1,1,1,1,1
91500,0,1,1,1,1,1,1,1
91625,0,1,1,1,1,1,1,1
91750,0,1,1,1,1,1,1,1
91875,0,1,1,1,1,1,1,1
92000,0,1,1,1,1,1,1,1
92125,0,1,1,1,1,1,1,1
92250,0,1,1,1,1,1,1,1
92375,0,1,1,1,1,1,1,1
92500,0,1,1,1,1,1,1,1
92625,0,1,1,1,1,1,1,1
92750,0,1,1,1,1,1,1,1
92875,0,1,1,1,1,1,1,1
93000,0,1,1,1,1,1,1,1
93125,0,1,1,1,1,1,1,1
93250,0,1,1,1,1,1,1,1
93375,0,1,1,1,1,1,1,1
93500,0,1,1,1,1,1,1,1
93625,0,1,1,1,1,1,1,1
93750,0,1,1,1,1,1,1,1
93875,0,1,1,1,1,1,1,1
94000,0,1,1,1,1,1,1,1
94125,0,1,1,1,1,1,1,1
94250,0,1,1,1,1,1,1,1
94375,0,1,1,1,1,1,1,1
94500,0,1,1,1,1,1,1,1
94625,0,1,1,1,1,1,1,1
94750,0,1,1,1,1,1,1,1
94875,0,1,1,1,1,1,1,1
95000,0,1,1,1,1,1,1,1
95125,0,1,1,1,1,1,1,1
95250,0,1,1,1,1,1,1,1
95375,0,1,1,1,1,1,1,1
95500,0,1,1,1,1,1,1,1
95625,0,1,1,1,1,1,1,1
95750,0,1,1,1,1,1,1,1
95875,0,1,1,1,1,1,1,1
96000,0,1,1,1,1,1,1,1
96125,0,1,1,1,1,1,1,1
96250,0,1,1,1,1,1,1,1
96375,0,1,1,1,1,1,1,1
96500,0,1,1,1,1,1,1,1
96625,0,1,1,1,1,1,1,1
96750,0,1,1,1,1,1,1,1
96875,0,1,1,1,1,1,1,1
97000,0,1,1,1,1,1,1,1
97125,0,1,1,1,1,1,1,1
97250,0,1,1,1,1,1,1,1
97375,0,1,1,1,1,1,1,1
97500,0,1,1,1,1,1,1,1
97625,0,1,1,1,1,1,1,1
97750,0,1,1,1,1,1,1,1
97875,0,1,1,1,1,1,1,1
98000,0,1,1,1,1,1,1,1
98125,0,1,1,1,1,1,1,1
98250,0,1,1,1,1,1,1,1
98375,0,1,1,1,1,1,1,1
98500,0,1,1,1,1,1,1,1
98625,0,1,1,1,1,1,1,1
98750,0,1,1,1,1,1,1,1
98875,0,1,1,1,1,1,1,1
99000,0,1,1,1,1,1,1,1
99125,0,1,1,1,1,1,1,1
99250,0,1,1,1,1,1,1,1
99375,0,1,1,1,1,1,1,1
99500,0,1,1,1,1,1,1,1
99625,0,1,1,1,1,1,1,1
99750,0,1,1,1,1,1,1,1
99875,0,1,1,1,1,1,1,1
100000,0,1,1,1,1,1,1,1
100125,0,1,1,1,1,1,1,1
100250,0,1,1,1,1,1,1,1
100375,0,1,1,1,1,1,1,1
100500,0,1,1,1,1,1,1,1
100625,0,1,1,1,1,1,1,1
100750,0,1,1,1,1,1,1,1
100875,0,1,1,1,1,1,1,1
101000,0,1,1,1,1,1,1,1
101125,0,1,1,1,1,1,1,1
101250,0,1,1,1,1,1,1,1
101375,0,1,1,1,1,1,1,1
101500,0,1,1,1,1,1,1,1
101625,0,1,1,1,1,1,1,1
101750,0,1,1,1,1,1,1,1
101875,0,1,1,1,1,1,1,1
102000,0,1,1,1,1,1,1,1
102125,0,1,1,1,1,1,1,1
102250,0,1,1,1,1,1,1,1
102375,0,1,1,1,1,1,1,1
102500,0,1,1,1,1,1,1,1
102625,0,1,1,1,1,1,1,1
102750,0,1,1,1,1,1,1,1
102875,0,1,1,1,1,1,1,1
103000,0,1,1,1,1,1,1,1
103125,0,1,1,1,1,1,1,1
103250,0,1,1,1,1,1,1,1
103375,0,1,1,1,1,1,1,1
103500,0,1,1,1,1,1,1,1
103625,0,1,1,1,1,1,1,1
103750,0,1,1,1,1,1,1,1
103875,0,1,1,1,1,1,1,1
104000,0,1,1,1,1,1,1,1
104125,1,1,1,1,1,1,1,1
104250,1,1,1,1,1,1,1,1
104375,1,1,1,1,1,1,1,1
104500,1,1,1,1,1,1,1,1
104625,1,1,1,1,1,1,1,1
104750,1,1,1,1,1,1,1,1
104875,1,1,1,1,1,1,1,1
105000,1,1,1,1,1,1,1,1
105125,1,1,1,1,1,1,1,1
105250,1,1,1,1,1,1,1,1
105375,1,1,1,1,1,1,1,1
105500,1,1,1,1,1,1,1,1
105625,1,1,1,1,1,1,1,1
105750,1,1,1,1,1,1,1,1
105875,1,1,1,1,1,1,1,1
106000,1,1,1,1,1,1,1,1
106125,1,1,1,1,1,1,1,1
106250,1,1,1,1,1,1,1,1
106375,1,1,1,1,1,1,1,1
106500,1,1,1,1,1,1,1,1
106625,1,1,1,1,1,1,1,1
106750,1,1,1,1,1,1,1,1
106875,1,1,1,1,1,1,1,1
107000,1,1,1,1,1,1,1,1
107125,1,1,1,1,1,1,1,1
107250,1,1,1,1,1,1,1,1
107375,1,1,1,1,1,1,1,1
107500,1,1,1,1,1,1,1,1
107625,1,1,1,1,1,1,1,1
107750,1,1,1,1,1,1,1,1
107875,1,1,1,1,1,1,1,1
108000,1,1,1,1,1,1,1,1
108125,1,1,1,1,1,1,1,1
108250,1,1,1,1,1,1,1,1
108375,1,1,1,1,1,1,1,1
108500,1,1,1,1,1,1,1,1
108625,1,1,1,1,1,1,1,1
108750,1,1,1,1,1,1,1,1
108875,1,1,1,1,1,1,1,1
109000,1,1,1,1,1,1,1,1
109125,1,1,1,1,1,1,1,1
109250,1,1,1,1,1,1,1,1
109375,1,1,1,1,1,1,1,1
109500,1,1,1,1,1,1,1,1
109625,1,1,1,1,1,1,1,1
109750,1,1,1,1,1,1,1,1
109875,1,1,1,1,1,1,1,1
110000,1,1,1,1,1,1,1,1
110125,1,1,1,1,1,1,1,1
110250,1,1,1,1,1,1,1,1
110375,1,1,1,1,1,1,1,1
110500,1,1,1,1,1,1,1,1
110625,1,1,1,1,1,1,1,1
110750,1,1,1,1,1,1,1,1
110875,1,1,1,1,1,1,1,1
111000,1,1,1,1,1,1,1,1
111125,1,1,1,1,1,1,1,1
111250,1,1,1,1,1,1,1,1
111375,1,1,1,1,1,1,1,1
111500,1,1,1,1,1,1,1,1
111625,1,1,1,1,1,1,1,1
111750,1,1,1,1,1,1,1,1
111875,1,1,1,1,1,1,1,1
112000,1,1,1,1,1,1,1,1
112125,1,1,1,1,1,1,1,1
112250,1,1,1,1,1,1,1,1
112375,1,1,1,1,1,1,1,1
112500,1,1,1,1,1,1,1,1
112625,1,1,1,1,1,1,1,1
112750,1,1,1,1,1,1,1,1
112875,1,1,1,1,1,1,1,1
113000,1,1,1,1,1,1,1,1
113125,1,1,1,1,1,1,1,1
113250,1,1,1,1,1,1,1,1
113375,1,1,1,1,1,1,1,1
113500,1,1,1,1,1,1,1,1
113625,1,1,1,1,1,1,1,1
113750,1,1,1,1,1,1,1,1
113875,1,1,1,1,1,1,1,1
114000,1,1,1,1,1,1,1,1
114125,1,1,1,1,1,1,1,1
114250,1,1,1,1,1,1,1,1
114375,1,1,1,1,1,1,1,1
114500,1,1,1,1,1,1,1,1
114625,1,1,1,1,1,1,1,1
114750,1,1,1,1,1,1,1,1
114875,1,1,1,1,1,1,1,1
115000,1,1,1,1,1,1,1,1
115125,1,1,1,1,1,1,1,1
115250,1,1,1,1,1,1,1,1
115375,1,1,1,1,1,1,1,1
115500,1,1,1,1,1,1,1,1
115625,1,1,1,1,1,1,1,1
115750,1,1,1,1,1,1,1,1
115875,1,1,1,1,1,1,1,1
116000,1,1,1,1,1,1,1,1
116125,1,1,1,1,1,1,1,1
116250,1,1,1,1,1,1,1,1
116375,1,1,1,1,1,1,1,1
116500,1,1,1,1,1,1,1,1
116625,1,1,1,1,1,1,1,1
116750,1,1,1,1,1,1,1,1
116875,1,1,1,1,1,1,1,1
117000,1,1,1,1,1,1,1,1
117125,1,1,1,1,1,1,1,1
117250,1,1,1,1,1,1,1,1
117375,1,1,1,1,1,1,1,1
117500,1,1,1,1,1,1,1,1
117625,1,1,1,1,1,1,1,1
117750,1,1,1,1,1,1,1,1
117875,1,1,1,1,1,1,1,1
118000,1,1,1,1,1,1,1,1
118125,1,1,1,1,1,1,1,1
118250,1,1,1,1,1,1,1,1
118375,1,1,1,1,1,1,1,1
118500,1,1,1,1,1,1,1,1
118625,1,1,1,1,1,1,1,1
118750,1,1,1,1,1,1,1,1
118875,1,1,1,1,1,1,1,1
119000,1,1,1,1,1,1,1,1
119125,1,1,1,1,1,1,1,1
119250,1,1,1,1,1,1,1,1
119375,1,1,1,1,1,1,1,1
119500,1,1,1,1,1,1,1,1
119625,1,1,1,1,1,1,1,1
119750,1,1,1,1,1,1,1,1
119875,1,1,1,1,1,1,1,1
120000,1,1,1,1,1,1,1,1
120125,1,1,1,1,1,1,1,1
120250,1,1,1,1,1,1,1,1
120375,1,1,1,1,1,1,1,1
120500,1,1,1,1,1,1,1,1
120625,1,1,1,1,1,1,1,1
120750,1,1,1,1,1,1,1,1
120875,1,1,1,1,1,1,1,1
121000,1,1,1,1,1,1,1,1
121125,1,1,1,1,1,1,1,1
121250,1,1,1,1,1,1,1,1
121375,1,1,1,1,1,1,1,1
121500,1,1,1,1,1,1,1,1
121625,1,1,1,1,1,1,1,1
121750,1,1,1,1,1,1,1,1
121875,1,1,1,1,1,1,1,1
122000,1,1,1,1,1,1,1,1
122125,1,1,1,1,1,1,1,1
122250,1,1,1,1,1,1,1,1
122375,1,1,1,1,1,1,1,1
122500,1,1,1,1,1,1,1,1
122625,1,1,1,1,1,1,1,1
122750,1,1,1,1,1,1,1,1
122875,1,1,1,1,1,1,1,1
123000,1,1,1,1,1,1,1,1
123125,1,1,1,1,1,1,1,1
123250,1,1,1,1,1,1,1,1
123375,1,1,1,1,1,1,1,1
123500,1,1,1,1,1,1,1,1
123625,1,1,1,1,1,1,1,1
123750,1,1,1,1,1,1,1,1
123875,1,1,1,1,1,1,1,1
124000,1,1,1,1,1,1,1,1
124125,1,1,1,1,1,1,1,1
124250,1,1,1,1,1,1,1,1
124375,1,1,1,1,1,1,1,1
124500,1,1,1,1,1,1,1,1
124625,1,1,1,1,1,1,1,1
124750,1,1,1,1,1,1,1,1
124875,1,1,1,1,1,1,1,1
125000,1,1,1,1,1,1,1,1
125125,1,1,1,1,1,1,1,1
125250,1,1,1,1,1,1,1,1
125375,1,1,1,1,1,1,1,1
125500,1,1,1,1,1,1,1,1
125625,1,1,1,1,1,1,1,1
125750,1,1,1,1,1,1,1,1
125875,1,1,1,1,1,1,1,1
126000,1,1,1,1,1,1,1,1
126125,1,1,1,1,1,1,1,1
126250,1,1,1,1,1,1,1,1
126375,1,1,1,1,1,1,1,1
126500,1,1,1,1,1,1,1,1
126625,1,1,1,1,1,1,1,1
126750,1,1,1,1,1,1,1,1
126875,1,1,1,1,1,1,1,1
127000,1,1,1,1,1,1,1,1
127125,1,1,1,1,1,1,1,1
127250,1,1,1,1,1,1,1,1
127375,1,1,1,1,1,1,1,1
127500,1,1,1,1,1,1,1,1
127625,1,1,1,1,1,1,1,1
127750,1,1,1,1,1,1,1,1
127875,1,1,1,1,1,1,1,1
128000,1,1,1,1,1,1,1,1
128125,1,1,1,1,1,1,1,1
128250,1,1,1,1,1,1,1,1
128375,1,1,1,1,1,1,1,1
128500,1,1,1,1,1,1,1,1
128625,1,1,1,1,1,1,1,1
128750,1,1,1,1,1,1,1,1
128875,1,1,1,1,1,1,1,1
129000,1,1,1,1,1,1,1,1
129125,1,1,1,1,1,1,1,1
129250,1,1,1,1,1,1,1,1
129375,1,1,1,1,1,1,1,1
129500,1,1,1,1,1,1,1,1
129625,1,1,1,1,1,1,1,1
129750,1,1,1,1,1,1,1,1
129875,1,1,1,1,1,1,1,1
130000,1,1,1,1,1,1,1,1
130125,1,1,1,1,1,1,1,1
130250,1,1,1,1,1,1,1,1
130375,1,1,1,1,1,1,1,1
130500,1,1,1,1,1,1,1,1
130625,1,1,1,1,1,1,1,1
130750,1,1,1,1,1,1,1,1
130875,1,1,1,1,1,1,1,1
131000,1,1,1,1,1,1,1,1
131125,1,1,1,1,1,1,1,1
131250,1,1,1,1,1,1,1,1
131375,1,1,1,1,1,1,1,1
131500,1,1,1,1,1,1,1,1
131625,1,1,1,1,1,1,1,1
131750,1,1,1,1,1,1,1,1
131875,1,1,1,1,1,1,1,1
132000,1,1,1,1,1,1,1,1
132125,1,1,1,1,1,1,1,1
132250,1,1,1,1,1,1,1,1
132375,1,1,1,1,1,1,1,1
132500,1,1,1,1,1,1,1,1
132625,1,1,1,1,1,1,1,1
132750,1,1,1,1,1,1,1,1
132875,1,1,1,1,1,1,1,1
133000,1,1,1,1,1,1,1,1
133125,1,1,1,1,1,1,1,1
133250,1,1,1,1,1,1,1,1
133375,1,1,1,1,1,1,1,1
133500,1,1,1,1,1,1,1,1
133625,1,1,1,1,1,1,1,1
133750,1,1,1,1,1,1,1,1
133875,1,1,1,1,1,1,1,1
134000,1,1,1,1,1,1,1,1
134125,1,1,1,1,1,1,1,1
134250,1,1,1,1,1,1,1,1
134375,1,1,1,1,1,1,1,1
134500,1,1,1,1,1,1,1,1
134625,1,1,1,1,1,1,1,1
134750,1,1,1,1,1,1,1,1
134875,1,1,1,1,1,1,1,1
135000,1,1,1,1,1,1,1,1
135125,1,1,1,1,1,1,1,1
135250,1,1,1,1,1,1,1,1
135375,1,1,1,1,1,1,1,1
135500,1,1,1,1,1,1,1,1
135625,1,1,1,1,1,1,1,1
135750,1,1,1,1,1,1,1,1
135875,1,1,1,1,1,1,1,1
136000,1,1,1,1,1,1,1,1
136125,1,1,1,1,1,1,1,1
136250,1,1,1,1,1,1,1,1
136375,1,1,1,1,1,1,1,1
136500,1,1,1,1,1,1,1,1
136625,1,1,1,1,1,1,1,1
136750,1,1,1,1,1,1,1,1
136875,1,1,1,1,1,1,1,1
137000,1,1,1,1,1,1,1,1
137125,1,1,1,1,1,1,1,1
137250,1,1,1,1,1,1,1,1
137375,1,1,1,1,1,1,1,1
137500,1,1,1,1,1,1,1,1
137625,1,1,1,1,1,1,1,1
137750,1,1,1,1,1,1,1,1
137875,1,1,1,1,1,1,1,1
138000,1,1,1,1,1,1,1,1
138125,1,1,1,1,1,1,1,1
138250,1,1,1,1,1,1,1,1
138375,1,1,1,1,1,1,1,1
138500,1,1,1,1,1,1,1,1
138625,1,1,1,1,1,1,1,1
138750,1,1,1,1,1,1,1,1
138875,1,1,1,1,1,1,1,1
139000,1,1,1,1,1,1,1,1
139125,1,1,1,1,1,1,1,1
139250,1,1,1,1,1,1,1,1
139375,1,1,1,1,1,1,1,1
139500,1,1,1,1,1,1,1,1
139625,1,1,1,1,1,1,1,1
139750,1,1,1,1,1,1,1,1
139875,1,1,1,1,1,1,1,1
140000,1,1,1,1,1,1,1,1
140125,1,1,1,1,1,1,1,1
140250,1,1,1,1,1,1,1,1
140375,1,1,1,1,1,1,1,1
140500,1,1,1,1,1,1,1,1
140625,1,1,1,1,1,1,1,1
140750,1,1,1,1,1,1,1,1
140875,1,1,1,1,1,1,1,1
141000,1,1,1,1,1,1,1,1
141125,1,1,1,1,1,1,1,1
141250,1,1,1,1,1,1,1,1
141375,1,1,1,1,1,1,1,1
141500,1,1,1,1,1,1,1,1
141625,1,1,1,1,1,1,1,1
141750,1,1,1,1,1,1,1,1
141875,1,1,1,1,1,1,1,1
142000,1,1,1,1,1,1,1,1
142125,1,1,1,1,1,1,1,1
142250,1,1,1,1,1,1,1,1
142375,1,1,1,1,1,1,1,1
142500,1,1,1,1,1,1,1,1
142625,1,1,1,1,1,1,1,1
142750,1,1,1,1,1,1,1,1
142875,1,1,1,1,1,1,1,1
143000,1,1,1,1,1,1,1,1
143125,1,1,1,1,1,1,1,1
143250,1,1,1,1,1,1,1,1
143375,1,1,1,1,1,1,1,1
143500,1,1,1,1,1,1,1,1
143625,1,1,1,1,1,1,1,1
143750,1,1,1,1,1,1,1,1
143875,1,1,1,1,1,1,1,1
144000,1,1,1,1,1,1,1,1
144125,1,1,1,1,1,1,1,1
144250,1,1,1,1,1,1,1,1
144375,1,1,1,1,1,1,1,1
144500,1,1,1,1,1,1,1,1
144625,1,1,1,1,1,1,1,1
144750,1,1,1,1,1,1,1,1
144875,1,1,1,1,1,1,1,1
145000,1,1,1,1,1,1,1,1
145125,1,1,1,1,1,1,1,1
145250,1,1,1,1,1,1,1,1
145375,1,1,1,1,1,1,1,1
145500,1,1,1,1,1,1,1,1
145625,1,1,1,1,1,1,1,1
145750,1,1,1,1,1,1,1,1
145875,1,1,1,1,1,1,1,1
146000,1,1,1,1,1,1,1,1
146125,1,1,1,1,1,1,1,1
146250,1,1,1,1,1,1,1,1
146375,1,1,1,1,1,1,1,1
146500,1,1,1,1,1,1,1,1
146625,1,1,1,1,1,1,1,1
146750,1,1,1,1,1,1,1,1
146875,1,1,1,1,1,1,1,1
147000,1,1,1,1,1,1,1,1
147125,1,1,1,1,1,1,1,1
147250,1,1,1,1,1,1,1,1
147375,1,1,1,1,1,1,1,1
147500,1,1,1,1,1,1,1,1
147625,1,1,1,1,1,1,1,1
147750,1,1,1,1,1,1,1,1
147875,1,1,1,1,1,1,1,1
148000,1,1,1,1,1,1,1,1
148125,1,1,1,1,1,1,1,1
148250,1,1,1,1,1,1,1,1
148375,1,1,1,1,1,1,1,1
148500,1,1,1,1,1,1,1,1
148625,1,1,1,1,1,1,1,1
148750,1,1,1,1,1,1,1,1
148875,1,1,1,1,1,1,1,1
149000,1,1,1,1,1,1,1,1
149125,1,1,1,1,1,1,1,1
149250,1,1,1,1,1,1,1,1
149375,1,1,1,1,1,1,1,1
149500,1,1,1,1,1,1,1,1
149625,1,1,1,1,1,1,1,1
149750,1,1,1,1,1,1,1,1
149875,1,1,1,1,1,1,1,1
150000,1,1,1,1,1,1,1,1
150125,1,1,1,1,1,1,1,1
150250,1,1,1,1,1,1,1,1
150375,1,1,1,1,1,1,1,1
150500,1,1,1,1,1,1,1,1
150625,1,1,1,1,1,1,1,1
150750,1,1,1,1,1,1,1,1
150875,1,1,1,1,1,1,1,1
151000,1,1,1,1,1,1,1,1
151125,1,1,1,1,1,1,1,1
151250,1,1,1,1,1,1,1,1
151375,1,1,1,1,1,1,1,1
151500,1,1,1,1,1,1,1,1
151625,1,1,1,1,1,1,1,1
151750,1,1,1,1,1,1,1,1
151875,1,1,1,1,1,1,1,1
152000,1,1,1,1,1,1,1,1
152125,1,1,1,1,1,1,1,1
152250,1,1,1,1,1,1,1,1
152375,1,1,1,1,1,1,1,1
152500,1,1,1,1,1,1,1,1
152625,1,1,1,1,1,1,1,1
152750,1,1,1,1,1,1,1,1
152875,1,1,1,1,1,1,1,1
153000,1,1,1,1,1,1,1,1
153125,1,1,1,1,1,1,1,1
153250,1,1,1,1,1,1,1,1
153375,1,1,1,1,1,1,1,1
153500,1,1,1,1,1,1,1,1
153625,1,1,1,1,1,1,1,1
153750,1,1,1,1,1,1,1,1
153875,1,1,1,1,1,1,1,1
154000,1,1,1,1,1,1,1,1
154125,1,1,1,1,1,1,1,1
154250,1,1,1,1,1,1,1,1
154375,1,1,1,1,1,1,1,1
154500,1,1,1,1,1,1,1,1
154625,1,1,1,1,1,1,1,1
154750,1,1,1,1,1,1,1,1
154875,1,1,1,1,1,1,1,1
155000,1,1,1,1,1,1,1,1
155125,1,1,1,1,1,1,1,1
155250,1,1,1,1,1,1,1,1
155375,1,1,1,1,1,1,1,1
155500,1,1,1,1,1,1,1,1
155625,1,1,1,1,1,1,1,1
155750,1,1,1,1,1,1,1,1
155875,1,1,1,1,1,1,1,1
156000,1,1,1,1,1,1,1,1
156125,1,1,1,1,1,1,1,1
156250,1,1,1,1,1,1,1,1
156375,1,1,1,1,1,1,1,1
156500,1,1,1,1,1,1,1,1
156625,1,1,1,1,1,1,1,1
156750,1,1,1,1,1,1,1,1
156875,1,1,1,1,1,1,1,1
157000,1,1,1,1,1,1,1,1
157125,1,1,1,1,1,1,1,1
157250,1,1,1,1,1,1,1,1
157375,1,1,1,1,1,1,1,1
157500,1,1,1,1,1,1,1,1
157625,1,1,1,1,1,1,1,1
157750,1,1,1,1,1,1,1,1
157875,1,1,1,1,1,1,1,1
158000,1,1,1,1,1,1,1,1
158125,1,1,1,1,1,1,1,1
158250,1,1,1,1,1,1,1,1
158375,1,1,1,1,1,1,1,1
158500,1,1,1,1,1,1,1,1
158625,1,1,1,1,1,1,1,1
158750,1,1,1,1,1,1,1,1
158875,1,1,1,1,1,1,1,1
159000,1,1,1,1,1,1,1,1
159125,1,1,1,1,1,1,1,1
159250,1,1,1,1,1,1,1,1
159375,1,1,1,1,1,1,1,1
159500,1,1,1,1,1,1,1,1
159625,1,1,1,1,1,1,1,1
159750,1,1,1,1,1,1,1,1
159875,1,1,1,1,1,1,1,1
160000,1,1,1,1,1,1,1,1
160125,1,1,1,1,1,1,1,1
160250,1,1,1,1,1,1,1,1
160375,1,1,1,1,1,1,1,1
160500,1,1,1,1,1,1,1,1
160625,1,1,1,1,1,1,1,1
160750,1,1,1,1,1,1,1,1
160875,1,1,1,1,1,1,1,1
161000,1,1,1,1,1,1,1,1
161125,1,1,1,1,1,1,1,1
161250,1,1,1,1,1,1,1,1
161375,1,1,1,1,1,1,1,1
161500,1,1,1,1,1,1,1,1
161625,1,1,1,1,1,1,1,1
161750,1,1,1,1,1,1,1,1
161875,1,1,1,1,1,1,1,1
162000,1,1,1,1,1,1,1,1
162125,1,1,1,1,1,1,1,1
162250,1,1,1,1,1,1,1,1
162375,1,1,1,1,1,1,1,1
162500,1,1,1,1,1,1,1,1
162625,1,1,1,1,1,1,1,1
162750,1,1,1,1,1,1,1,1
162875,1,1,1,1,1,1,1,1
163000,1,1,1,1,1,1,1,1
163125,1,1,1,1,1,1,1,1
163250,1,1,1,1,1,1,1,1
163375,1,1,1,1,1,1,1,1
163500,1,1,1,1,1,1,1,1
163625,1,1,1,1,1,1,1,1
163750,1,1,1,1,1,1,1,1
163875,1,1,1,1,1,1,1,1
164000,1,1,1,1,1,1,1,1
164125,1,1,1,1,1,1,1,1
164250,1,1,1,1,1,1,1,1
164375,1,1,1,1,1,1,1,1
164500,1,1,1,1,1,1,1,1
164625,1,1,1,1,1,1,1,1
164750,1,1,1,1,1,1,1,1
164875,1,1,1,1,1,1,1,1
165000,1,1,1,1,1,1,1,1
165125,1,1,1,1,1,1,1,1
165250,1,1,1,1,1,1,1,1
165375,1,1,1,1,1,1,1,1
165500,1,1,1,1,1,1,1,1
165625,1,1,1,1,1,1,1,1
165750,1,1,1,1,1,1,1,1
165875,1,1,1,1,1,1,1,1
166000,1,1,1,1,1,1,1,1
166125,1,1,1,1,1,1,1,1
166250,1,1,1,1,1,1,1,1
166375,1,1,1,1,1,1,1,1
166500,1,1,1,1,1,1,1,1
166625,1,1,1,1,1,1,1,1
166750,1,1,1,1,1,1,1,1
166875,1,1,1,1,1,1,1,1
167000,1,1,1,1,1,1,1,1
167125,1,1,1,1,1,1,1,1
167250,1,1,1,1,1,1,1,1
167375,1,1,1,1,1,1,1,1
167500,1,1,1,1,1,1,1,1
167625,1,1,1,1,1,1,1,1
167750,1,1,1,1,1,1,1,1
167875,1,1,1,1,1,1,1,1
168000,1,1,1,1,1,1,1,1
168125,1,1,1,1,1,1,1,1
168250,1,1,1,1,1,1,1,1
168375,1,1,1,1,1,1,1,1
168500,1,1,1,1,1,1,1,1
168625,1,1,1,1,1,1,1,1
168750,1,1,1,1,1,1,1,1
168875,1,1,1,1,1,1,1,1
169000,1,1,1,1,1,1,1,1
169125,1,1,1,1,1,1,1,1
169250,1,1,1,1,1,1,1,1
169375,1,1,1,1,1,1,1,1
169500,1,1,1,1,1,1,1,1
169625,1,1,1,1,1,1,1,1
169750,1,1,1,1,1,1,1,1
169875,1,1,1,1,1,1,1,1
170000,1,1,1,1,1,1,1,1
170125,1,1,1,1,1,1,1,1
170250,1,1,1,1,1,1,1,1
170375,1,1,1,1,1,1,1,1
170500,1,1,1,1,1,1,1,1
170625,1,1,1,1,1,1,1,1
170750,1,1,1,1,1,1,1,1
170875,1,1,1,1,1,1,1,1
171000,1,1,1,1,1,1,1,1
171125,1,1,1,1,1,1,1,1
171250,1,1,1,1,1,1,1,1
171375,1,1,1,1,1,1,1,1
171500,1,1,1,1,1,1,1,1
171625,1,1,1,1,1,1,1,1
171750,1,1,1,1,1,1,1,1
171875,1,1,1,1,1,1,1,1
172000,1,1,1,1,1,1,1,1
172125,1,1,1,1,1,1,1,1
172250,1,1,1,1,1,1,1,1
172375,1,1,1,1,1,1,1,1
172500,1,1,1,1,1,1,1,1
172625,1,1,1,1,1,1,1,1
172750,1,1,1,1,1,1,1,1
172875,1,1,1,1,1,1,1,1
173000,1,1,1,1,1,1,1,1
173125,1,1,1,1,1,1,1,1
173250,1,1,1,1,1,1,1,1
173375,1,1,1,1,1,1,1,1
173500,1,1,1,1,1,1,1,1
173625,1,1,1,1,1,1,1,1
173750,1,1,1,1,1,1,1,1
173875,1,1,1,1,1,1,1,1
174000,1,1,1,1,1,1,1,1
174125,1,1,1,1,1,1,1,1
174250,1,1,1,1,1,1,1,1
174375,1,1,1,1,1,1,1,1
174500,1,1,1,1,1,1,1,1
174625,1,1,1,1,1,1,1,1
174750,1,1,1,1,1,1,1,1
174875,1,1,1,1,1,1,1,1
175000,1,1,1,1,1,1,1,1
175125,1,1,1,1,1,1,1,1
175250,1,1,1,1,1,1,1,1
175375,1,1,1,1,1,1,1,1
175500,1,1,1,1,1,1,1,1
175625,1,1,1,1,1,1,1,1
175750,1,1,1,1,1,1,1,1
175875,1,1,1,1,1,1,1,1
176000,1,1,1,1,1,1,1,1
176125,1,1,1,1,1,1,1,1
176250,1,1,1,1,1,1,1,1
176375,1,1,1,1,1,1,1,1
176500,1,1,1,1,1,1,1,1
176625,1,1,1,1,1,1,1,1
176750,1,1,1,1,1,1,1,1
176875,1,1,1,1,1,1,1,1
177000,1,1,1,1,1,1,1,1
177125,1,1,1,1,1,1,1,1
177250,1,1,1,1,1,1,1,1
177375,1,1,1,1,1,1,1,1
177500,1,1,1,1,1,1,1,1
177625,1,1,1,1,1,1,1,1
177750,1,1,1,1,1,1,1,1
177875,1,1,1,1,1,1,1,1
178000,1,1,1,1,1,1,1,1
178125,1,1,1,1,1,1,1,1
178250,1,1,1,1,1,1,1,1
178375,1,1,1,1,1,1,1,1
178500,1,1,1,1,1,1,1,1
178625,1,1,1,1,1,1,1,1
178750,1,1,1,1,1,1,1,1
178875,1,1,1,1,1,1,1,1
179000,1,1,1,1,1,1,1,1
179125,1,1,1,1,1,1,1,1
179250,1,1,1,1,1,1,1,1
179375,1,1,1,1,1,1,1,1
179500,1,1,1,1,1,1,1,1
179625,1,1,1,1,1,1,1,1
179750,1,1,1,1,1,1,1,1
179875,1,1,1,1,1,1,1,1
180000,1,1,1,1,1,1,1,1
180125,1,1,1,1,1,1,1,1
180250,1,1,1,1,1,1,1,1
180375,1,1,1,1,1,1,1,1
180500,1,1,1,1,1,1,1,1
180625,1,1,1,1,1,1,1,1
180750,1,1,1,1,1,1,1,1
180875,1,1,1,1,1,1,1,1
181000,1,1,1,1,1,1,1,1
181125,1,1,1,1,1,1,1,1
181250,1,1,1,1,1,1,1,1
181375,1,1,1,1,1,1,1,1
181500,1,1,1,1,1,1,1,1
181625,1,1,1,1,1,1,1,1
181750,1,1,1,1,1,1,1,1
181875,1,1,1,1,1,1,1,1
182000,1,1,1,1,1,1,1,1
182125,1,1,1,1,1,1,1,1
182250,1,1,1,1,1,1,1,1
182375,1,1,1,1,1,1,1,1
182500,1,1,1,1,1,1,1,1
182625,1,1,1,1,1,1,1,1
182750,1,1,1,1,1,1,1,1
182875,1,1,1,1,1,1,1,1
183000,1,1,1,1,1,1,1,1
183125,1,1,1,1,1,1,1,1
183250,1,1,1,1,1,1,1,1
183375,1,1,1,1,1,1,1,1
183500,1,1,1,1,1,1,1,1
183625,1,1,1,1,1,1,1,1
183750,1,1,1,1,1,1,1,1
183875,1,1,1,1,1,1,1,1
184000,1,1,1,1,1,1,1,1
184125,1,1,1,1,1,1,1,1
184250,1,1,1,1,1,1,1,1
184375,1,1,1,1,1,1,1,1
184500,1,1,1,1,1,1,1,1
184625,1,1,1,1,1,1,1,1
184750,1,1,1,1,1,1,1,1
184875,1,1,1,1,1,1,1,1
185000,1,1,1,1,1,1,1,1
185125,1,1,1,1,1,1,1,1
185250,1,1,1,1,1,1,1,1
185375,1,1,1,1,1,1,1,1
185500,1,1,1,1,1,1,1,1
185625,1,1,1,1,1,1,1,1
185750,1,1,1,1,1,1,1,1
185875,1,1,1,1,1,1,1,1
186000,1,1,1,1,1,1,1,1
186125,1,1,1,1,1,1,1,1
186250,1,1,1,1,1,1,1,1
186375,1,1,1,1,1,1,1,1
186500,1,1,1,1,1,1,1,1
186625,1,1,1,1,1,1,1,1
186750,1,1,1,1,1,1,1,1
186875,1,1,1,1,1,1,1,1
187000,1,1,1,1,1,1,1,1
187125,1,1,1,1,1,1,1,1
187250,1,1,1,1,1,1,1,1
187375,1,1,1,1,1,1,1,1
187500,1,1,1,1,1,1,1,1
187625,1,1,1,1,1,1,1,1
187750,1,1,1,1,1,1,1,1
187875,1,1,1,1,1,1,1,1
188000,1,1,1,1,1,1,1,1
188125,1,1,1,1,1,1,1,1
188250,1,1,1,1,1,1,1,1
188375,1,1,1,1,1,1,1,1
188500,1,1,1,1,1,1,1,1
188625,1,1,1,1,1,1,1,1
188750,1,1,1,1,1,1,1,1
188875,1,1,1,1,1,1,1,1
189000,1,1,1,1,1,1,1,1
189125,1,1,1,1,1,1,1,1
189250,1,1,1,1,1,1,1,1
189375,1,1,1,1,1,1,1,1
189500,1,1,1,1,1,1,1,1
189625,1,1,1,1,1,1,1,1
189750,1,1,1,1,1,1,1,1
189875,1,1,1,1,1,1,1,1
190000,1,1,1,1,1,1,1,1
190125,1,1,1,1,1,1,1,1
190250,1,1,1,1,1,1,1,1
190375,1,1,1,1,1,1,1,1
190500,1,1,1,1,1,1,1,1
190625,1,1,1,1,1,1,1,1
190750,1,1,1,1,1,1,1,1
190875,1,1,1,1,1,1,1,1
191000,1,1,1,1,1,1,1,1
191125,1,1,1,1,1,1,1,1
191250,1,1,1,1,1,1,1,1
191375,1,1,1,1,1,1,1,1
191500,1,1,1,1,1,1,1,1
191625,1,1,1,1,1,1,1,1
191750,1,1,1,1,1,1,1,1
191875,1,1,1,1,1,1,1,1
192000,1,1,1,1,1,1,1,1
192125,1,1,1,1,1,1,1,1
192250,1,1,1,1,1,1,1,1
192375,1,1,1,1,1,1,1,1
192500,1,1,1,1,1,1,1,1
192625,1,1,1,1,1,1,1,1
192750,1,1,1,1,1,1,1,1
192875,1,1,1,1,1,1,1,1
193000,1,1,1,1,1,1,1,1
193125,1,1,1,1,1,1,1,1
193250,1,1,1,1,1,1,1,1
193375,1,1,1,1,1,1,1,1
193500,1,1,1,1,1,1,1,1
193625,1,1,1,1,1,1,1,1
193750,1,1,1,1,1,1,1,1
193875,1,1,1,1,1,1,1,1
194000,1,1,1,1,1,1,1,1
194125,1,1,1,1,1,1,1,1
194250,1,1,1,1,1,1,1,1
194375,1,1,1,1,1,1,1,1
194500,1,1,1,1,1,1,1,1
194625,1,1,1,1,1,1,1,1
194750,1,1,1,1,1,1,1,1
194875,1,1,1,1,1,1,1,1
195000,1,1,1,1,1,1,1,1
195125,1,1,1,1,1,1,1,1
195250,1,1,1,1,1,1,1,1
195375,1,1,1,1,1,1,1,1
195500,1,1,1,1,1,1,1,1
195625,1,1,1,1,1,1,1,1
195750,1,1,1,1,1,1,1,1
195875,1,1,1,1,1,1,1,1
196000,1,1,1,1,1,1,1,1
196125,1,1,1,1,1,1,1,1
196250,1,1,1,1,1,1,1,1
196375,1,1,1,1,1,1,1,1
196500,1,1,1,1,1,1,1,1
196625,1,1,1,1,1,1,1,1
196750,1,1,1,1,1,1,1,1
196875,1,1,1,1,1,1,1,1
197000,1,1,1,1,1,1,1,1
197125,1,1,1,1,1,1,1,1
197250,1,1,1,1,1,1,1,1
197375,1,1,1,1,1,1,1,1
197500,1,1,1,1,1,1,1,1
197625,1,1,1,1,1,1,1,1
197750,1,1,1,1,1,1,1,1
197875,1,1,1,1,1,1,1,1
198000,1,1,1,1,1,1,1,1
198125,1,1,1,1,1,1,1,1
198250,1,1,1,1,1,1,1,1
198375,1,1,1,1,1,1,1,1
198500,1,1,1,1,1,1,1,1
198625,1,1,1,1,1,1,1,1
198750,1,1,1,1,1,1,1,1
198875,1,1,1,1,1,1,1,1
199000,1,1,1,1,1,1,1,1
199125,1,1,1,1,1,1,1,1
199250,1,1,1,1,1,1,1,1
199375,1,1,1,1,1,1,1,1
199500,1,1,1,1,1,1,1,1
199625,1,1,1,1,1,1,1,1
199750,1,1,1,1,1,1,1,1
199875,1,1,1,1,1,1,1,1
200000,1,1,1,1,1,1,1,1
200125,1,1,1,1,1,1,1,1
200250,1,1,1,1,1,1,1,1
200375,1,1,1,1,1,1,1,1
200500,1,1,1,1,1,1,1,1
200625,1,1,1,1,1,1,1,1
200750,1,1,1,1,1,1,1,1
200875,1,1,1,1,1,1,1,1
201000,1,1,1,1,1,1,1,1
201125,1,1,1,1,1,1,1,1
201250,1,1,1,1,1,1,1,1
201375,1,1,1,1,1,1,1,1
201500,1,1,1,1,1,1,1,1
201625,1,1,1,1,1,1,1,1
201750,1,1,1,1,1,1,1,1
201875,1,1,1,1,1,1,1,1
202000,1,1,1,1,1,1,1,1
202125,1,1,1,1,1,1,1,1
202250,1,1,1,1,1,1,1,1
202375,1,1,1,1,1,1,1,1
202500,1,1,1,1,1,1,1,1
202625,1,1,1,1,1,1,1,1
202750,1,1,1,1,1,1,1,1
202875,1,1,1,1,1,1,1,1
203000,1,1,1,1,1,1,1,1
203125,1,1,1,1,1,1,1,1
203250,1,1,1,1,1,1,1,1
203375,1,1,1,1,1,1,1,1
203500,1,1,1,1,1,1,1,1
203625,1,1,1,1,1,1,1,1
203750,1,1,1,1,1,1,1,1
203875,1,1,1,1,1,1,1,1
204000,1,1,1,1,1,1,1,1
204125,1,1,1,1,1,1,1,1
204250,1,1,1,1,1,1,1,1
204375,1,1,1,1,1,1,1,1
204500,1,1,1,1,1,1,1,1
204625,1,1,1,1,1,1,1,1
204750,1,1,1,1,1,1,1,1
204875,1,1,1,1,1,1,1,1
205000,1,1,1,1,1,1,1,1
205125,1,1,1,1,1,1,1,1
205250,1,1,1,1,1,1,1,1
205375,1,1,1,1,1,1,1,1
205500,1,1,1,1,1,1,1,1
205625,1,1,1,1,1,1,1,1
205750,1,1,1,1,1,1,1,1
205875,1,1,1,1,1,1,1,1
206000,1,1,1,1,1,1,1,1
206125,1,1,1,1,1,1,1,1
206250,1,1,1,1,1,1,1,1
206375,1,1,1,1,1,1,1,1
206500,1,1,1,1,1,1,1,1
206625,1,1,1,1,1,1,1,1
206750,1,1,1,1,1,1,1,1
206875,1,1,1,1,1,1,1,1
207000,1,1,1,1,1,1,1,1
207125,1,1,1,1,1,1,1,1
207250,1,1,1,1,1,1,1,1
207375,1,1,1,1,1,1,1,1
207500,1,1,1,1,1,1,1,1
207625,1,1,1,1,1,1,1,1
207750,1,1,1,1,1,1,1,1
207875,1,1,1,1,1,1,1,1
208000,1,1,1,1,1,1,1,1
208125,1,1,1,1,1,1,1,1
208250,0,1,1,1,1,1,1,1
208375,0,1,1,1,1,1,1,1
208500,0,1,1,1,1,1,1,1
208625,0,1,1,1,1,1,1,1
208750,0,1,1,1,1,1,1,1
208875,0,1,1,1,1,1,1,1
209000,0,1,1,1,1,1,1,1
209125,0,1,1,1,1,1,1,1
209250,0,1,1,1,1,1,1,1
209375,0,1,1,1,1,1,1,1
209500,0,1,1,1,1,1,1,1
209625,0,1,1,1,1,1,1,1
209750,0,1,1,1,1,1,1,1
209875,0,1,1,1,1,1,1,1
210000,0,1,1,1,1,1,1,1
210125,0,1,1,1,1,1,1,1
210250,0,1,1,1,1,1,1,1
210375,0,1,1,1,1,1,1,1
210500,0,1,1,1,1,1,1,1
210625,0,1,1,1,1,1,1,1
210750,0,1,1,1,1,1,1,1
210875,0,1,1,1,1,1,1,1
211000,0,1,1,1,1,1,1,1
211125,0,1,1,1,1,1,1,1
211250,0,1,1,1,1,1,1,1
211375,0,1,1,1,1,1,1,1
211500,0,1,1,1,1,1,1,1
211625,0,1,1,1,1,1,1,1
211750,0,1,1,1,1,1,1,1
211875,0,1,1,1,1,1,1,1
212000,0,1,1,1,1,1,1,1
212125,0,1,1,1,1,1,1,1
212250,0,1,1,1,1,1,1,1
212375,0,1,1,1,1,1,1,1
212500,0,1,1,1,1,1,1,1
212625,0,1,1,1,1,1,1,1
212750,0,1,1,1,1,1,1,1
212875,0,1,1,1,1,1,1,1
213000,0,1,1,1,1,1,1,1
213125,0,1,1,1,1,1,1,1
213250,0,1,1,1,1,1,1,1
213375,0,1,1,1,1,1,1,1
213500,0,1,1,1,1,1,1,1
213625,0,1,1,1,1,1,1,1
213750,0,1,1,1,1,1,1,1
213875,0,1,1,1,1,1,1,1
214000,0,1,1,1,1,1,1,1
214125,0,1,1,1,1,1,1,1
214250,0,1,1,1,1,1,1,1
214375,0,1,1,1,1,1,1,1
214500,0,1,1,1,1,1,1,1
214625,0,1,1,1,1,1,1,1
214750,0,1,1,1,1,1,1,1
214875,0,1,1,1,1,1,1,1
215000,0,1,1,1,1,1,1,1
215125,0,1,1,1,1,1,1,1
215250,0,1,1,1,1,1,1,1
215375,0,1,1,1,1,1,1,1
215500,0,1,1,1,1,1,1,1
215625,0,1,1,1,1,1,1,1
215750,0,1,1,1,1,1,1,1
215875,0,1,1,1,1,1,1,1
216000,0,1,1,1,1,1,1,1
216125,0,1,1,1,1,1,1,1
216250,0,1,1,1,1,1,1,1
216375,0,1,1,1,1,1,1,1
216500,0,1,1,1,1,1,1,1
216625,0,1,1,1,1,1,1,1
216750,0,1,1,1,1,1,1,1
216875,0,1,1,1,1,1,1,1
217000,0,1,1,1,1,1,1,1
217125,0,1,1,1,1,1,1,1
217250,0,1,1,1,1,1,1,1
217375,0,1,1,1,1,1,1,1
217500,0,1,1,1,1,1,1,1
217625,0,1,1,1,1,1,1,1
217750,0,1,1,1,1,1,1,1
217875,0,1,1,1,1,1,1,1
218000,0,1,1,1,1,1,1,1
218125,0,1,1,1,1,1,1,1
218250,0,1,1,1,1,1,1,1
218375,0,1,1,1,1,1,1,1
218500,0,1,1,1,1,1,1,1
218625,0,1,1,1,1,1,1,1
218750,0,1,1,1,1,1,1,1
218875,0,1,1,1,1,1,1,1
219000,0,1,1,1,1,1,1,1
219125,0,1,1,1,1,1,1,1
219250,0,1,1,1,1,1,1,1
219375,0,1,1,1,1,1,1,1
219500,0,1,1,1,1,1,1,1
219625,0,1,1,1,1,1,1,1
219750,0,1,1,1,1,1,1,1
219875,0,1,1,1,1,1,1,1
220000,0,1,1,1,1,1,1,1
220125,0,1,1,1,1,1,1,1
220250,0,1,1,1,1,1,1,1
220375,0,1,1,1,1,1,1,1
220500,0,1,1,1,1,1,1,1
220625,0,1,1,1,1,1,1,1
220750,0,1,1,1,1,1,1,1
220875,0,1,1,1,1,1,1,1
221000,0,1,1,1,1,1,1,1
221125,0,1,1,1,1,1,1,1
221250,0,1,1,1,1,1,1,1
221375,0,1,1,1,1,1,1,1
221500,0,1,1,1,1,1,1,1
221625,0,1,1,1,1,1,1,1
221750,0,1,1,1,1,1,1,1
221875,0,1,1,1,1,1,1,1
222000,0,1,1,1,1,1,1,1
222125,0,1,1,1,1,1,1,1
222250,0,1,1,1,1,1,1,1
222375,0,1,1,1,1,1,1,1
222500,0,1,1,1,1,1,1,1
222625,0,1,1,1,1,1,1,1
222750,0,1,1,1,1,1,1,1
222875,0,1,1,1,1,1,1,1
223000,0,1,1,1,1,1,1,1
223125,0,1,1,1,1,1,1,1
223250,0,1,1,1,1,1,1,1
223375,0,1,1,1,1,1,1,1
223500,0,1,1,1,1,1,1,1
223625,0,1,1,1,1,1,1,1
223750,0,1,1,1,1,1,1,1
223875,0,1,1,1,1,1,1,1
224000,0,1,1,1,1,1,1,1
224125,0,1,1,1,1,1,1,1
224250,0,1,1,1,1,1,1,1
224375,0,1,1,1,1,1,1,1
224500,0,1,1,1,1,1,1,1
224625,0,1,1,1,1,1,1,1
224750,0,1,1,1,1,1,1,1
224875,0,1,1,1,1,1,1,1
225000,0,1,1,1,1,1,1,1
225125,0,1,1,1,1,1,1,1
225250,0,1,1,1,1,1,1,1
225375,0,1,1,1,1,1,1,1
225500,0,1,1,1,1,1,1,1
225625,0,1,1,1,1,1,1,1
225750,0,1,1,1,1,1,1,1
225875,0,1,1,1,1,1,1,1
226000,0,1,1,1,1,1,1,1
226125,0,1,1,1,1,1,1,1
226250,0,1,1,1,1,1,1,1
226375,0,1,1,1,1,1,1,1
226500,0,1,1,1,1,1,1,1
226625,0,1,1,1,1,1,1,1
226750,0,1,1,1,1,1,1,1
226875,0,1,1,1,1,1,1,1
227000,0,1,1,1,1,1,1,1
227125,0,1,1,1,1,1,1,1
227250,0,1,1,1,1,1,1,1
227375,0,1,1,1,1,1,1,1
227500,0,1,1,1,1,1,1,1
227625,0,1,1,1,1,1,1,1
227750,0,1,1,1,1,1,1,1
227875,0,1,1,1,1,1,1,1
228000,0,1,1,1,1,1,1,1
228125,0,1,1,1,1,1,1,1
228250,0,1,1,1,1,1,1,1
228375,0,1,1,1,1,1,1,1
228500,0,1,1,1,1,1,1,1
228625,0,1,1,1,1,1,1,1
228750,0,1,1,1,1,1,1,1
228875,0,1,1,1,1,1,1,1
229000,0,1,1,1,1,1,1,1
229125,0,1,1,1,1,1,1,1
229250,0,1,1,1,1,1,1,1
229375,0,1,1,1,1,1,1,1
229500,0,1,1,1,1,1,1,1
229625,0,1,1,1,1,1,1,1
229750,0,1,1,1,1,1,1,1
229875,0,1,1,1,1,1,1,1
230000,0,1,1,1,1,1,1,1
230125,0,1,1,1,1,1,1,1
230250,0,1,1,1,1,1,1,1
230375,0,1,1,1,1,1,1,1
230500,0,1,1,1,1,1,1,1
230625,0,1,1,1,1,1,1,1
230750,0,1,1,1,1,1,1,1
230875,0,1,1,1,1,1,1,1
231000,0,1,1,1,1,1,1,1
231125,0,1,1,1,1,1,1,1
231250,0,1,1,1,1,1,1,1
231375,0,1,1,1,1,1,1,1
231500,0,1,1,1,1,1,1,1
231625,0,1,1,1,1,1,1,1
231750,0,1,1,1,1,1,1,1
231875,0,1,1,1,1,1,1,1
232000,0,1,1,1,1,1,1,1
232125,0,1,1,1,1,1,1,1
232250,0,1,1,1,1,1,1,1
232375,0,1,1,1,1,1,1,1
232500,0,1,1,1,1,1,1,1
232625,0,1,1,1,1,1,1,1
232750,0,1,1,1,1,1,1,1
232875,0,1,1,1,1,1,1,1
233000,0,1,1,1,1,1,1,1
233125,0,1,1,1,1,1,1,1
233250,0,1,1,1,1,1,1,1
233375,0,1,1,1,1,1,1,1
233500,0,1,1,1,1,1,1,1
233625,0,1,1,1,1,1,1,1
233750,0,1,1,1,1,1,1,1
233875,0,1,1,1,1,1,1,1
234000,0,1,1,1,1,1,1,1
234125,0,1,1,1,1,1,1,1
234250,0,1,1,1,1,1,1,1
234375,0,1,1,1,1,1,1,1
234500,0,1,1,1,1,1,1,1
234625,0,1,1,1,1,1,1,1
234750,0,1,1,1,1,1,1,1
234875,0,1,1,1,1,1,1,1
235000,0,1,1,1,1,1,1,1
235125,0,1,1,1,1,1,1,1
235250,0,1,1,1,1,1,1,1
235375,0,1,1,1,1,1,1,1
235500,0,1,1,1,1,1,1,1
235625,0,1,1,1,1,1,1,1
235750,0,1,1,1,1,1,1,1
235875,0,1,1,1,1,1,1,1
236000,0,1,1,1,1,1,1,1
236125,0,1,1,1,1,1,1,1
236250,0,1,1,1,1,1,1,1
236375,0,1,1,1,1,1,1,1
236500,0,1,1,1,1,1,1,1
236625,0,1,1,1,1,1,1,1
236750,0,1,1,1,1,1,1,1
236875,0,1,1,1,1,1,1,1
237000,0,1,1,1,1,1,1,1
237125,0,1,1,1,1,1,1,1
237250,0,1,1,1,1,1,1,1
237375,0,1,1,1,1,1,1,1
237500,0,1,1,1,1,1,1,1
237625,0,1,1,1,1,1,1,1
237750,0,1,1,1,1,1,1,1
237875,0,1,1,1,1,1,1,1
238000,0,1,1,1,1,1,1,1
238125,0,1,1,1,1,1,1,1
238250,0,1,1,1,1,1,1,1
238375,0,1,1,1,1,1,1,1
238500,0,1,1,1,1,1,1,1
238625,0,1,1,1,1,1,1,1
238750,0,1,1,1,1,1,1,1
238875,0,1,1,1,1,1,1,1
239000,0,1,1,1,1,1,1,1
239125,0,1,1,1,1,1,1,1
239250,0,1,1,1,1,1,1,1
239375,0,1,1,1,1,1,1,1
239500,0,1,1,1,1,1,1,1
239625,0,1,1,1,1,1,1,1
239750,0,1,1,1,1,1,1,1
239875,0,1,1,1,1,1,1,1
240000,0,1,1,1,1,1,1,1
240125,0,1,1,1,1,1,1,1
240250,0,1,1,1,1,1,1,1
240375,0,1,1,1,1,1,1,1
240500,0,1,1,1,1,1,1,1
240625,0,1,1,1,1,1,1,1
240750,0,1,1,1,1,1,1,1
240875,0,1,1,1,1,1,1,1
241000,0,1,1,1,1,1,1,1
241125,0,1,1,1,1,1,1,1
241250,0,1,1,1,1,1,1,1
241375,0,1,1,1,1,1,1,1
241500,0,1,1,1,1,1,1,1
241625,0,1,1,1,1,1,1,1
241750,0,1,1,1,1,1,1,1
241875,0,1,1,1,1,1,1,1
242000,0,1,1,1,1,1,1,1
242125,0,1,1,1,1,1,1,1
242250,0,1,1,1,1,1,1,1
242375,0,1,1,1,1,1,1,1
242500,0,1,1,1,1,1,1,1
242625,0,1,1,1,1,1,1,1
242750,0,1,1,1,1,1,1,1
242875,0,1,1,1,1,1,1,1
243000,0,1,1,1,1,1,1,1
243125,0,1,1,1,1,1,1,1
243250,0,1,1,1,1,1,1,1
243375,0,1,1,1,1,1,1,1
243500,0,1,1,1,1,1,1,1
243625,0,1,1,1,1,1,1,1
243750,0,1,1,1,1,1,1,1
243875,0,1,1,1,1,1,1,1
244000,0,1,1,1,1,1,1,1
244125,0,1,1,1,1,1,1,1
244250,0,1,1,1,1,1,1,1
244375,0,1,1,1,1,1,1,1
244500,0,1,1,1,1,1,1,1
244625,0,1,1,1,1,1,1,1
244750,0,1,1,1,1,1,1,1
244875,0,1,1,1,1,1,1,1
245000,0,1,1,1,1,1,1,1
245125,0,1,1,1,1,1,1,1
245250,0,1,1,1,1,1,1,1
245375,0,1,1,1,1,1,1,1
245500,0,1,1,1,1,1,1,1
245625,0,1,1,1,1,1,1,1
245750,0,1,1,1,1,1,1,1
245875,0,1,1,1,1,1,1,1
246000,0,1,1,1,1,1,1,1
246125,0,1,1,1,1,1,1,1
246250,0,1,1,1,1,1,1,1
246375,0,1,1,1,1,1,1,1
246500,0,1,1,1,1,1,1,1
246625,0,1,1,1,1,1,1,1
246750,0,1,1,1,1,1,1,1
246875,0,1,1,1,1,1,1,1
247000,0,1,1,1,1,1,1,1
247125,0,1,1,1,1,1,1,1
247250,0,1,1,1,1,1,1,1
247375,0,1,1,1,1,1,1,1
247500,0,1,1,1,1,1,1,1
247625,0,1,1,1,1,1,1,1
247750,0,1,1,1,1,1,1,1
247875,0,1,1,1,1,1,1,1
248000,0,1,1,1,1,1,1,1
248125,0,1,1,1,1,1,1,1
248250,0,1,1,1,1,1,1,1
248375,0,1,1,1,1,1,1,1
248500,0,1,1,1,1,1,1,1
248625,0,1,1,1,1,1,1,1
248750,0,1,1,1,1,1,1,1
248875,0,1,1,1,1,1,1,1
249000,0,1,1,1,1,1,1,1
249125,0,1,1,1,1,1,1,1
249250,0,1,1,1,1,1,1,1
249375,0,1,1,1,1,1,1,1
249500,0,1,1,1,1,1,1,1
249625,0,1,1,1,1,1,1,1
249750,0,1,1,1,1,1,1,1
249875,0,1,1,1,1,1,1,1
250000,0,1,1,1,1,1,1,1
250125,0,1,1,1,1,1,1,1
250250,0,1,1,1,1,1,1,1
250375,0,1,1,1,1,1,1,1
250500,0,1,1,1,1,1,1,1
250625,0,1,1,1,1,1,1,1
250750,0,1,1,1,1,1,1,1
250875,0,1,1,1,1,1,1,1
251000,0,1,1,1,1,1,1,1
251125,0,1,1,1,1,1,1,1
251250,0,1,1,1,1,1,1,1
251375,0,1,1,1,1,1,1,1
251500,0,1,1,1,1,1,1,1
251625,0,1,1,1,1,1,1,1
251750,0,1,1,1,1,1,1,1
251875,0,1,1,1,1,1,1,1
252000,0,1,1,1,1,1,1,1
252125,0,1,1,1,1,1,1,1
252250,0,1,1,1,1,1,1,1
252375,0,1,1,1,1,1,1,1
252500,0,1,1,1,1,1,1,1
252625,0,1,1,1,1,1,1,1
252750,0,1,1,1,1,1,1,1
252875,0,1,1,1,1,1,1,1
253000,0,1,1,1,1,1,1,1
253125,0,1,1,1,1,1,1,1
253250,0,1,1,1,1,1,1,1
253375,0,1,1,1,1,1,1,1
253500,0,1,1,1,1,1,1,1
253625,0,1,1,1,1,1,1,1
253750,0,1,1,1,1,1,1,1
253875,0,1,1,1,1,1,1,1
254000,0,1,1,1,1,1,1,1
254125,0,1,1,1,1,1,1,1
254250,0,1,1,1,1,1,1,1
254375,0,1,1,1,1,1,1,1
254500,0,1,1,1,1,1,1,1
254625,0,1,1,1,1,1,1,1
254750,0,1,1,1,1,1,1,1
254875,0,1,1,1,1,1,1,1
255000,0,1,1,1,1,1,1,1
255125,0,1,1,1,1,1,1,1
255250,0,1,1,1,1,1,1,1
255375,0,1,1,1,1,1,1,1
255500,0,1,1,1,1,1,1,1
255625,0,1,1,1,1,1,1,1
255750,0,1,1,1,1,1,1,1
255875,0,1,1,1,1,1,1,1
256000,0,1,1,1,1,1,1,1
256125,0,1,1,1,1,1,1,1
256250,0,1,1,1,1,1,1,1
256375,0,1,1,1,1,1,1,1
256500,0,1,1,1,1,1,1,1
256625,0,1,1,1,1,1,1,1
256750,0,1,1,1,1,1,1,1
256875,0,1,1,1,1,1,1,1
257000,0,1,1,1,1,1,1,1
257125,0,1,1,1,1,1,1,1
257250,0,1,1,1,1,1,1,1
257375,0,1,1,1,1,1,1,1
257500,0,1,1,1,1,1,1,1
257625,0,1,1,1,1,1,1,1
257750,0,1,1,1,1,1,1,1
257875,0,1,1,1,1,1,1,1
258000,0,1,1,1,1,1,1,1
258125,0,1,1,1,1,1,1,1
258250,0,1,1,1,1,1,1,1
258375,0,1,1,1,1,1,1,1
258500,0,1,1,1,1,1,1,1
258625,0,1,1,1,1,1,1,1
258750,0,1,1,1,1,1,1,1
258875,0,1,1,1,1,1,1,1
259000,0,1,1,1,1,1,1,1
259125,0,1,1,1,1,1,1,1
259250,0,1,1,1,1,1,1,1
259375,0,1,1,1,1,1,1,1
259500,0,1,1,1,1,1,1,1
259625,0,1,1,1,1,1,1,1
259750,0,1,1,1,1,1,1,1
259875,0,1,1,1,1,1,1,1
260000,0,1,1,1,1,1,1,1
260125,0,1,1,1,1,1,1,1
260250,0,1,1,1,1,1,1,1
260375,0,1,1,1,1,1,1,1
260500,0,1,1,1,1,1,1,1
260625,0,1,1,1,1,1,1,1
260750,0,1,1,1,1,1,1,1
260875,0,1,1,1,1,1,1,1
261000,0,1,1,1,1,1,1,1
261125,0,1,1,1,1,1,1,1
261250,0,1,1,1,1,1,1,1
261375,0,1,1,1,1,1,1,1
261500,0,1,1,1,1,1,1,1
261625,0,1,1,1,1,1,1,1
261750,0,1,1,1,1,1,1,1
261875,0,1,1,1,1,1,1,1
262000,0,1,1,1,1,1,1,1
262125,0,1,1,1,1,1,1,1
262250,0,1,1,1,1,1,1,1
262375,0,1,1,1,1,1,1,1
262500,0,1,1,1,1,1,1,1
262625,0,1,1,1,1,1,1,1
262750,0,1,1,1,1,1,1,1
262875,0,1,1,1,1,1,1,1
263000,0,1,1,1,1,1,1,1
263125,0,1,1,1,1,1,1,1
263250,0,1,1,1,1,1,1,1
263375,0,1,1,1,1,1,1,1
263500,0,1,1,1,1,1,1,1
263625,0,1,1,1,1,1,1,1
263750,0,1,1,1,1,1,1,1
263875,0,1,1,1,1,1,1,1
264000,0,1,1,1,1,1,1,1
264125,0,1,1,1,1,1,1,1
264250,0,1,1,1,1,1,1,1
264375,0,1,1,1,1,1,1,1
264500,0,1,1,1,1,1,1,1
264625,0,1,1,1,1,1,1,1
264750,0,1,1,1,1,1,1,1
264875,0,1,1,1,1,1,1,1
265000,0,1,1,1,1,1,1,1
265125,0,1,1,1,1,1,1,1
265250,0,1,1,1,1,1,1,1
265375,0,1,1,1,1,1,1,1
265500,0,1,1,1,1,1,1,1
265625,0,1,1,1,1,1,1,1
265750,0,1,1,1,1,1,1,1
265875,0,1,1,1,1,1,1,1
266000,0,1,1,1,1,1,1,1
266125,0,1,1,1,1,1,1,1
266250,0,1,1,1,1,1,1,1
266375,0,1,1,1,1,1,1,1
266500,0,1,1,1,1,1,1,1
266625,0,1,1,1,1,1,1,1
266750,0,1,1,1,1,1,1,1
266875,0,1,1,1,1,1,1,1
267000,0,1,1,1,1,1,1,1
267125,0,1,1,1,1,1,1,1
267250,0,1,1,1,1,1,1,1
267375,0,1,1,1,1,1,1,1
267500,0,1,1,1,1,1,1,1
267625,0,1,1,1,1,1,1,1
267750,0,1,1,1,1,1,1,1
267875,0,1,1,1,1,1,1,1
268000,0,1,1,1,1,1,1,1
268125,0,1,1,1,1,1,1,1
268250,0,1,1,1,1,1,1,1
268375,0,1,1,1,1,1,1,1
268500,0,1,1,1,1,1,1,1
268625,0,1,1,1,1,1,1,1
268750,0,1,1,1,1,1,1,1
268875,0,1,1,1,1,1,1,1
269000,0,1,1,1,1,1,1,1
269125,0,1,1,1,1,1,1,1
269250,0,1,1,1,1,1,1,1
269375,0,1,1,1,1,1,1,1
269500,0,1,1,1,1,1,1,1
269625,0,1,1,1,1,1,1,1
269750,0,1,1,1,1,1,1,1
269875,0,1,1,1,1,1,1,1
270000,0,1,1,1,1,1,1,1
270125,0,1,1,1,1,1,1,1
270250,0,1,1,1,1,1,1,1
270375,0,1,1,1,1,1,1,1
270500,0,1,1,1,1,1,1,1
270625,0,1,1,1,1,1,1,1
270750,0,1,1,1,1,1,1,1
270875,0,1,1,1,1,1,1,1
271000,0,1,1,1,1,1,1,1
271125,0,1,1,1,1,1,1,1
271250,0,1,1,1,1,1,1,1
271375,0,1,1,1,1,1,1,1
271500,0,1,1,1,1,1,1,1
271625,0,1,1,1,1,1,1,1
271750,0,1,1,1,1,1,1,1
271875,0,1,1,1,1,1,1,1
272000,0,1,1,1,1,1,1,1
272125,0,1,1,1,1,1,1,1
272250,0,1,1,1,1,1,1,1
272375,0,1,1,1,1,1,1,1
272500,0,1,1,1,1,1,1,1
272625,0,1,1,1,1,1,1,1
272750,0,1,1,1,1,1,1,1
272875,0,1,1,1,1,1,1,1
273000,0,1,1,1,1,1,1,1
273125,0,1,1,1,1,1,1,1
273250,0,1,1,1,1,1,1,1
273375,0,1,1,1,1,1,1,1
273500,0,1,1,1,1,1,1,1
273625,0,1,1,1,1,1,1,1
273750,0,1,1,1,1,1,1,1
273875,0,1,1,1,1,1,1,1
274000,0,1,1,1,1,1,1,1
274125,0,1,1,1,1,1,1,1
274250,0,1,1,1,1,1,1,1
274375,0,1,1,1,1,1,1,1
274500,0,1,1,1,1,1,1,1
274625,0,1,1,1,1,1,1,1
274750,0,1,1,1,1,1,1,1
274875,0,1,1,1,1,1,1,1
275000,0,1,1,1,1,1,1,1
275125,0,1,1,1,1,1,1,1
275250,0,1,1,1,1,1,1,1
275375,0,1,1,1,1,1,1,1
275500,0,1,1,1,1,1,1,1
275625,0,1,1,1,1,1,1,1
275750,0,1,1,1,1,1,1,1
275875,0,1,1,1,1,1,1,1
276000,0,1,1,1,1,1,1,1
276125,0,1,1,1,1,1,1,1
276250,0,1,1,1,1,1,1,1
276375,0,1,1,1,1,1,1,1
276500,0,1,1,1,1,1,1,1
276625,0,1,1,1,1,1,1,1
276750,0,1,1,1,1,1,1,1
276875,0,1,1,1,1,1,1,1
277000,0,1,1,1,1,1,1,1
277125,0,1,1,1,1,1,1,1
277250,0,1,1,1,1,1,1,1
277375,0,1,1,1,1,1,1,1
277500,0,1,1,1,1,1,1,1
277625,0,1,1,1,1,1,1,1
277750,0,1,1,1,1,1,1,1
277875,0,1,1,1,1,1,1,1
278000,0,1,1,1,1,1,1,1
278125,0,1,1,1,1,1,1,1
278250,0,1,1,1,1,1,1,1
278375,0,1,1,1,1,1,1,1
278500,0,1,1,1,1,1,1,1
278625,0,1,1,1,1,1,1,1
278750,0,1,1,1,1,1,1,1
278875,0,1,1,1,1,1,1,1
279000,0,1,1,1,1,1,1,1
279125,0,1,1,1,1,1,1,1
279250,0,1,1,1,1,1,1,1
279375,0,1,1,1,1,1,1,1
279500,0,1,1,1,1,1,1,1
279625,0,1,1,1,1,1,1,1
279750,0,1,1,1,1,1,1,1
279875,0,1,1,1,1,1,1,1
280000,0,1,1,1,1,1,1,1
280125,0,1,1,1,1,1,1,1
280250,0,1,1,1,1,1,1,1
280375,0,1,1,1,1,1,1,1
280500,0,1,1,1,1,1,1,1
280625,0,1,1,1,1,1,1,1
280750,0,1,1,1,1,1,1,1
280875,0,1,1,1,1,1,1,1
281000,0,1,1,1,1,1,1,1
281125,0,1,1,1,1,1,1,1
281250,0,1,1,1,1,1,1,1
281375,0,1,1,1,1,1,1,1
281500,0,1,1,1,1,1,1,1
281625,0,1,1,1,1,1,1,1
281750,0,1,1,1,1,1,1,1
281875,0,1,1,1,1,1,1,1
282000,0,1,1,1,1,1,1,1
282125,0,1,1,1,1,1,1,1
282250,0,1,1,1,1,1,1,1
282375,0,1,1,1,1,1,1,1
282500,0,1,1,1,1,1,1,1
282625,0,1,1,1,1,1,1,1
282750,0,1,1,1,1,1,1,1
282875,0,1,1,1,1,1,1,1
283000,0,1,1,1,1,1,1,1
283125,0,1,1,1,1,1,1,1
283250,0,1,1,1,1,1,1,1
283375,0,1,1,1,1,1,1,1
283500,0,1,1,1,1,1,1,1
283625,0,1,1,1,1,1,1,1
283750,0,1,1,1,1,1,1,1
283875,0,1,1,1,1,1,1,1
284000,0,1,1,1,1,1,1,1
284125,0,1,1,1,1,1,1,1
284250,0,1,1,1,1,1,1,1
284375,0,1,1,1,1,1,1,1
284500,0,1,1,1,1,1,1,1
284625,0,1,1,1,1,1,1,1
284750,0,1,1,1,1,1,1,1
284875,0,1,1,1,1,1,1,1
285000,0,1,1,1,1,1,1,1
285125,0,1,1,1,1,1,1,1
285250,0,1,1,1,1,1,1,1
285375,0,1,1,1,1,1,1,1
285500,0,1,1,1,1,1,1,1
285625,0,1,1,1,1,1,1,1
285750,0,1,1,1,1,1,1,1
285875,0,1,1,1,1,1,1,1
286000,0,1,1,1,1,1,1,1
286125,0,1,1,1,1,1,1,1
286250,0,1,1,1,1,1,1,1
286375,0,1,1,1,1,1,1,1
286500,0,1,1,1,1,1,1,1
286625,0,1,1,1,1,1,1,1
286750,0,1,1,1,1,1,1,1
286875,0,1,1,1,1,1,1,1
287000,0,1,1,1,1,1,1,1
287125,0,1,1,1,1,1,1,1
287250,0,1,1,1,1,1,1,1
287375,0,1,1,1,1,1,1,1
287500,0,1,1,1,1,1,1,1
287625,0,1,1,1,1,1,1,1
287750,0,1,1,1,1,1,1,1
287875,0,1,1,1,1,1,1,1
288000,0,1,1,1,1,1,1,1
288125,0,1,1,1,1,1,1,1
288250,0,1,1,1,1,1,1,1
288375,0,1,1,1,1,1,1,1
288500,0,1,1,1,1,1,1,1
288625,0,1,1,1,1,1,1,1
288750,0,1,1,1,1,1,1,1
288875,0,1,1,1,1,1,1,1
289000,0,1,1,1,1,1,1,1
289125,0,1,1,1,1,1,1,1
289250,0,1,1,1,1,1,1,1
289375,0,1,1,1,1,1,1,1
289500,0,1,1,1,1,1,1,1
289625,0,1,1,1,1,1,1,1
289750,0,1,1,1,1,1,1,1
289875,0,1,1,1,1,1,1,1
290000,0,1,1,1,1,1,1,1
290125,0,1,1,1,1,1,1,1
290250,0,1,1,1,1,1,1,1
290375,0,1,1,1,1,1,1,1
290500,0,1,1,1,1,1,1,1
290625,0,1,1,1,1,1,1,1
290750,0,1,1,1,1,1,1,1
290875,0,1,1,1,1,1,1,1
291000,0,1,1,1,1,1,1,1
291125,0,1,1,1,1,1,1,1
291250,0,1,1,1,1,1,1,1
291375,0,1,1,1,1,1,1,1
291500,0,1,1,1,1,1,1,1
291625,0,1,1,1,1,1,1,1
291750,0,1,1,1,1,1,1,1
291875,0,1,1,1,1,1,1,1
292000,0,1,1,1,1,1,1,1
292125,0,1,1,1,1,1,1,1
292250,0,1,1,1,1,1,1,1
292375,0,1,1,1,1,1,1,1
292500,0,1,1,1,1,1,1,1
292625,0,1,1,1,1,1,1,1
292750,0,1,1,1,1,1,1,1
292875,0,1,1,1,1,1,1,1
293000,0,1,1,1,1,1,1,1
293125,0,1,1,1,1,1,1,1
293250,0,1,1,1,1,1,1,1
293375,0,1,1,1,1,1,1,1
293500,0,1,1,1,1,1,1,1
293625,0,1,1,1,1,1,1,1
293750,0,1,1,1,1,1,1,1
293875,0,1,1,1,1,1,1,1
294000,0,1,1,1,1,1,1,1
294125,0,1,1,1,1,1,1,1
294250,0,1,1,1,1,1,1,1
294375,0,1,1,1,1,1,1,1
294500,0,1,1,1,1,1,1,1
294625,0,1,1,1,1,1,1,1
294750,0,1,1,1,1,1,1,1
294875,0,1,1,1,1,1,1,1
295000,0,1,1,1,1,1,1,1
295125,0,1,1,1,1,1,1,1
295250,0,1,1,1,1,1,1,1
295375,0,1,1,1,1,1,1,1
295500,0,1,1,1,1,1,1,1
295625,0,1,1,1,1,1,1,1
295750,0,1,1,1,1,1,1,1
295875,0,1,1,1,1,1,1,1
296000,0,1,1,1,1,1,1,1
296125,0,1,1,1,1,1,1,1
296250,0,1,1,1,1,1,1,1
296375,0,1,1,1,1,1,1,1
296500,0,1,1,1,1,1,1,1
296625,0,1,1,1,1,1,1,1
296750,0,1,1,1,1,1,1,1
296875,0,1,1,1,1,1,1,1
297000,0,1,1,1,1,1,1,1
297125,0,1,1,1,1,1,1,1
297250,0,1,1,1,1,1,1,1
297375,0,1,1,1,1,1,1,1
297500,0,1,1,1,1,1,1,1
297625,0,1,1,1,1,1,1,1
297750,0,1,1,1,1,1,1,1
297875,0,1,1,1,1,1,1,1
298000,0,1,1,1,1,1,1,1
298125,0,1,1,1,1,1,1,1
298250,0,1,1,1,1,1,1,1
298375,0,1,1,1,1,1,1,1
298500,0,1,1,1,1,1,1,1
298625,0,1,1,1,1,1,1,1
298750,0,1,1,1,1,1,1,1
298875,0,1,1,1,1,1,1,1
299000,0,1,1,1,1,1,1,1
299125,0,1,1,1,1,1,1,1
299250,0,1,1,1,1,1,1,1
299375,0,1,1,1,1,1,1,1
299500,0,1,1,1,1,1,1,1
299625,0,1,1,1,1,1,1,1
299750,0,1,1,1,1,1,1,1
299875,0,1,1,1,1,1,1,1
300000,0,1,1,1,1,1,1,1
300125,0,1,1,1,1,1,1,1
300250,0,1,1,1,1,1,1,1
300375,0,1,1,1,1,1,1,1
300500,0,1,1,1,1,1,1,1
300625,0,1,1,1,1,1,1,1
300750,0,1,1,1,1,1,1,1
300875,0,1,1,1,1,1,1,1
301000,0,1,1,1,1,1,1,1
301125,0,1,1,1,1,1,1,1
301250,0,1,1,1,1,1,1,1
301375,0,1,1,1,1,1,1,1
301500,0,1,1,1,1,1,1,1
301625,0,1,1,1,1,1,1,1
301750,0,1,1,1,1,1,1,1
301875,0,1,1,1,1,1,1,1
302000,0,1,1,1,1,1,1,1
302125,0,1,1,1,1,1,1,1
302250,0,1,1,1,1,1,1,1
302375,0,1,1,1,1,1,1,1
302500,0,1,1,1,1,1,1,1
302625,0,1,1,1,1,1,1,1
302750,0,1,1,1,1,1,1,1
302875,0,1,1,1,1,1,1,1
303000,0,1,1,1,1,1,1,1
303125,0,1,1,1,1,1,1,1
303250,0,1,1,1,1,1,1,1
303375,0,1,1,1,1,1,1,1
303500,0,1,1,1,1,1,1,1
303625,0,1,1,1,1,1,1,1
303750,0,1,1,1,1,1,1,1
303875,0,1,1,1,1,1,1,1
304000,0,1,1,1,1,1,1,1
304125,0,1,1,1,1,1,1,1
304250,0,1,1,1,1,1,1,1
304375,0,1,1,1,1,1,1,1
304500,0,1,1,1,1,1,1,1
304625,0,1,1,1,1,1,1,1
304750,0,1,1,1,1,1,1,1
304875,0,1,1,1,1,1,1,1
305000,0,1,1,1,1,1,1,1
305125,0,1,1,1,1,1,1,1
305250,0,1,1,1,1,1,1,1
305375,0,1,1,1,1,1,1,1
305500,0,1,1,1,1,1,1,1
305625,0,1,1,1,1,1,1,1
305750,0,1,1,1,1,1,1,1
305875,0,1,1,1,1,1,1,1
306000,0,1,1,1,1,1,1,1
306125,0,1,1,1,1,1,1,1
306250,0,1,1,1,1,1,1,1
306375,0,1,1,1,1,1,1,1
306500,0,1,1,1,1,1,1,1
306625,0,1,1,1,1,1,1,1
306750,0,1,1,1,1,1,1,1
306875,0,1,1,1,1,1,1,1
307000,0,1,1,1,1,1,1,1
307125,0,1,1,1,1,1,1,1
307250,0,1,1,1,1,1,1,1
307375,0,1,1,1,1,1,1,1
307500,0,1,1,1,1,1,1,1
307625,0,1,1,1,1,1,1,1
307750,0,1,1,1,1,1,1,1
307875,0,1,1,1,1,1,1,1
308000,0,1,1,1,1,1,1,1
308125,0,1,1,1,1,1,1,1
308250,0,1,1,1,1,1,1,1
308375,0,1,1,1,1,1,1,1
308500,0,1,1,1,1,1,1,1
308625,0,1,1,1,1,1,1,1
308750,0,1,1,1,1,1,1,1
308875,0,1,1,1,1,1,1,1
309000,0,1,1,1,1,1,1,1
309125,0,1,1,1,1,1,1,1
309250,0,1,1,1,1,1,1,1
309375,0,1,1,1,1,1,1,1
309500,0,1,1,1,1,1,1,1
309625,0,1,1,1,1,1,1,1
309750,0,1,1,1,1,1,1,1
309875,0,1,1,1,1,1,1,1
310000,0,1,1,1,1,1,1,1
310125,0,1,1,1,1,1,1,1
310250,0,1,1,1,1,1,1,1
310375,0,1,1,1,1,1,1,1
310500,0,1,1,1,1,1,1,1
310625,0,1,1,1,1,1,1,1
310750,0,1,1,1,1,1,1,1
310875,0,1,1,1,1,1,1,1
311000,0,1,1,1,1,1,1,1
311125,0,1,1,1,1,1,1,1
311250,0,1,1,1,1,1,1,1
311375,0,1,1,1,1,1,1,1
311500,0,1,1,1,1,1,1,1
311625,0,1,1,1,1,1,1,1
311750,0,1,1,1,1,1,1,1
311875,0,1,1,1,1,1,1,1
312000,0,1,1,1,1,1,1,1
312125,0,1,1,1,1,1,1,1
312250,0,1,1,1,1,1,1,1
312375,1,1,1,1,1,1,1,1
312500,1,1,1,1,1,1,1,1
312625,1,1,1,1,1,1,1,1
312750,1,1,1,1,1,1,1,1
312875,1,1,1,1,1,1,1,1
313000,1,1,1,1,1,1,1,1
313125,1,1,1,1,1,1,1,1
313250,1,1,1,1,1,1,1,1
313375,1,1,1,1,1,1,1,1
313500,1,1,1,1,1,1,1,1
313625,1,1,1,1,1,1,1,1
313750,1,1,1,1,1,1,1,1
313875,1,1,1,1,1,1,1,1
314000,1,1,1,1,1,1,1,1
314125,1,1,1,1,1,1,1,1
314250,1,1,1,1,1,1,1,1
314375,1,1,1,1,1,1,1,1
314500,1,1,1,1,1,1,1,1
314625,1,1,1,1,1,1,1,1
314750,1,1,1,1,1,1,1,1
314875,1,1,1,1,1,1,1,1
315000,1,1,1,1,1,1,1,1
315125,1,1,1,1,1,1,1,1
315250,1,1,1,1,1,1,1,1
315375,1,1,1,1,1,1,1,1
315500,1,1,1,1,1,1,1,1
315625,1,1,1,1,1,1,1,1
315750,1,1,1,1,1,1,1,1
315875,1,1,1,1,1,1,1,1
316000,1,1,1,1,1,1,1,1
316125,1,1,1,1,1,1,1,1
316250,1,1,1,1,1,1,1,1
316375,1,1,1,1,1,1,1,1
316500,1,1,1,1,1,1,1,1
316625,1,1,1,1,1,1,1,1
316750,1,1,1,1,1,1,1,1
316875,1,1,1,1,1,1,1,1
317000,1,1,1,1,1,1,1,1
317125,1,1,1,1,1,1,1,1
317250,1,1,1,1,1,1,1,1
317375,1,1,1,1,1,1,1,1
317500,1,1,1,1,1,1,1,1
317625,1,1,1,1,1,1,1,1
317750,1,1,1,1,1,1,1,1
317875,1,1,1,1,1,1,1,1
318000,1,1,1,1,1,1,1,1
318125,1,1,1,1,1,1,1,1
318250,1,1,1,1,1,1,1,1
318375,1,1,1,1,1,1,1,1
318500,1,1,1,1,1,1,1,1
318625,1,1,1,1,1,1,1,1
318750,1,1,1,1,1,1,1,1
318875,1,1,1,1,1,1,1,1
319000,1,1,1,1,1,1,1,1
319125,1,1,1,1,1,1,1,1
319250,1,1,1,1,1,1,1,1
319375,1,1,1,1,1,1,1,1
319500,1,1,1,1,1,1,1,1
319625,1,1,1,1,1,1,1,1
319750,1,1,1,1,1,1,1,1
319875,1,1,1,1,1,1,1,1
320000,1,1,1,1,1,1,1,1
320125,1,1,1,1,1,1,1,1
320250,1,1,1,1,1,1,1,1
320375,1,1,1,1,1,1,1,1
320500,1,1,1,1,1,1,1,1
320625,1,1,1,1,1,1,1,1
320750,1,1,1,1,1,1,1,1
320875,1,1,1,1,1,1,1,1
321000,1,1,1,1,1,1,1,1
321125,1,1,1,1,1,1,1,1
321250,1,1,1,1,1,1,1,1
321375,1,1,1,1,1,1,1,1
321500,1,1,1,1,1,1,1,1
321625,1,1,1,1,1,1,1,1
321750,1,1,1,1,1,1,1,1
321875,1,1,1,1,1,1,1,1
322000,1,1,1,1,1,1,1,1
322125,1,1,1,1,1,1,1,1
322250,1,1,1,1,1,1,1,1
322375,1,1,1,1,1,1,1,1
322500,1,1,1,1,1,1,1,1
322625,1,1,1,1,1,1,1,1
322750,1,1,1,1,1,1,1,1
322875,1,1,1,1,1,1,1,1
323000,1,1,1,1,1,1,1,1
323125,1,1,1,1,1,1,1,1
323250,1,1,1,1,1,1,1,1
323375,1,1,1,1,1,1,1,1
323500,1,1,1,1,1,1,1,1
323625,1,1,1,1,1,1,1,1
323750,1,1,1,1,1,1,1,1
323875,1,1,1,1,1,1,1,1
324000,1,1,1,1,1,1,1,1
324125,1,1,1,1,1,1,1,1
324250,1,1,1,1,1,1,1,1
324375,1,1,1,1,1,1,1,1
324500,1,1,1,1,1,1,1,1
324625,1,1,1,1,1,1,1,1
324750,1,1,1,1,1,1,1,1
324875,1,1,1,1,1,1,1,1
325000,1,1,1,1,1,1,1,1
325125,1,1,1,1,1,1,1,1
325250,1,1,1,1,1,1,1,1
325375,1,1,1,1,1,1,1,1
325500,1,1,1,1,1,1,1,1
325625,1,1,1,1,1,1,1,1
325750,1,1,1,1,1,1,1,1
325875,1,1,1,1,1,1,1,1
326000,1,1,1,1,1,1,1,1
326125,1,1,1,1,1,1,1,1
326250,1,1,1,1,1,1,1,1
326375,1,1,1,1,1,1,1,1
326500,1,1,1,1,1,1,1,1
326625,1,1,1,1,1,1,1,1
326750,1,1,1,1,1,1,1,1
326875,1,1,1,1,1,1,1,1
327000,1,1,1,1,1,1,1,1
327125,1,1,1,1,1,1,1,1
327250,1,1,1,1,1,1,1,1
327375,1,1,1,1,1,1,1,1
327500,1,1,1,1,1,1,1,1
327625,1,1,1,1,1,1,1,1
327750,1,1,1,1,1,1,1,1
327875,1,1,1,1,1,1,1,1
328000,1,1,1,1,1,1,1,1
328125,1,1,1,1,1,1,1,1
328250,1,1,1,1,1,1,1,1
328375,1,1,1,1,1,1,1,1
328500,1,1,1,1,1,1,1,1
328625,1,1,1,1,1,1,1,1
328750,1,1,1,1,1,1,1,1
328875,1,1,1,1,1,1,1,1
329000,1,1,1,1,1,1,1,1
329125,1,1,1,1,1,1,1,1
329250,1,1,1,1,1,1,1,1
329375,1,1,1,1,1,1,1,1
329500,1,1,1,1,1,1,1,1
329625,1,1,1,1,1,1,1,1
329750,1,1,1,1,1,1,1,1
329875,1,1,1,1,1,1,1,1
330000,1,1,1,1,1,1,1,1
330125,1,1,1,1,1,1,1,1
330250,1,1,1,1,1,1,1,1
330375,1,1,1,1,1,1,1,1
330500,1,1,1,1,1,1,1,1
330625,1,1,1,1,1,1,1,1
330750,1,1,1,1,1,1,1,1
330875,1,1,1,1,1,1,1,1
331000,1,1,1,1,1,1,1,1
331125,1,1,1,1,1,1,1,1
331250,1,1,1,1,1,1,1,1
331375,1,1,1,1,1,1,1,1
331500,1,1,1,1,1,1,1,1
331625,1,1,1,1,1,1,1,1
331750,1,1,1,1,1,1,1,1
331875,1,1,1,1,1,1,1,1
332000,1,1,1,1,1,1,1,1
332125,1,1,1,1,1,1,1,1
332250,1,1,1,1,1,1,1,1
332375,1,1,1,1,1,1,1,1
332500,1,1,1,1,1,1,1,1
332625,1,1,1,1,1,1,1,1
332750,1,1,1,1,1,1,1,1
332875,1,1,1,1,1,1,1,1
333000,1,1,1,1,1,1,1,1
333125,1,1,1,1,1,1,1,1
333250,1,1,1,1,1,1,1,1
333375,1,1,1,1,1,1,1,1
333500,1,1,1,1,1,1,1,1
333625,1,1,1,1,1,1,1,1
333750,1,1,1,1,1,1,1,1
333875,1,1,1,1,1,1,1,1
334000,1,1,1,1,1,1,1,1
334125,1,1,1,1,1,1,1,1
334250,1,1,1,1,1,1,1,1
334375,1,1,1,1,1,1,1,1
334500,1,1,1,1,1,1,1,1
334625,1,1,1,1,1,1,1,1
334750,1,1,1,1,1,1,1,1
334875,1,1,1,1,1,1,1,1
335000,1,1,1,1,1,1,1,1
335125,1,1,1,1,1,1,1,1
335250,1,1,1,1,1,1,1,1
335375,1,1,1,1,1,1,1,1
335500,1,1,1,1,1,1,1,1
335625,1,1,1,1,1,1,1,1
335750,1,1,1,1,1,1,1,1
335875,1,1,1,1,1,1,1,1
336000,1,1,1,1,1,1,1,1
336125,1,1,1,1,1,1,1,1
336250,1,1,1,1,1,1,1,1
336375,1,1,1,1,1,1,1,1
336500,1,1,1,1,1,1,1,1
336625,1,1,1,1,1,1,1,1
336750,1,1,1,1,1,1,1,1
336875,1,1,1,1,1,1,1,1
337000,1,1,1,1,1,1,1,1
337125,1,1,1,1,1,1,1,1
337250,1,1,1,1,1,1,1,1
337375,1,1,1,1,1,1,1,1
337500,1,1,1,1,1,1,1,1
337625,1,1,1,1,1,1,1,1
337750,1,1,1,1,1,1,1,1
337875,1,1,1,1,1,1,1,1
338000,1,1,1,1,1,1,1,1
338125,1,1,1,1,1,1,1,1
338250,1,1,1,1,1,1,1,1
338375,1,1,1,1,1,1,1,1
338500,1,1,1,1,1,1,1,1
338625,1,1,1,1,1,1,1,1
338750,1,1,1,1,1,1,1,1
338875,1,1,1,1,1,1,1,1
339000,1,1,1,1,1,1,1,1
339125,1,1,1,1,1,1,1,1
339250,1,1,1,1,1,1,1,1
339375,1,1,1,1,1,1,1,1
339500,1,1,1,1,1,1,1,1
339625,1,1,1,1,1,1,1,1
339750,1,1,1,1,1,1,1,1
339875,1,1,1,1,1,1,1,1
340000,1,1,1,1,1,1,1,1
340125,1,1,1,1,1,1,1,1
340250,1,1,1,1,1,1,1,1
340375,1,1,1,1,1,1,1,1
340500,1,1,1,1,1,1,1,1
340625,1,1,1,1,1,1,1,1
340750,1,1,1,1,1,1,1,1
340875,1,1,1,1,1,1,1,1
341000,1,1,1,1,1,1,1,1
341125,1,1,1,1,1,1,1,1
341250,1,1,1,1,1,1,1,1
341375,1,1,1,1,1,1,1,1
341500,1,1,1,1,1,1,1,1
341625,1,1,1,1,1,1,1,1
341750,1,1,1,1,1,1,1,1
341875,1,1,1,1,1,1,1,1
342000,1,1,1,1,1,1,1,1
342125,1,1,1,1,1,1,1,1
342250,1,1,1,1,1,1,1,1
342375,1,1,1,1,1,1,1,1
342500,1,1,1,1,1,1,1,1
342625,1,1,1,1,1,1,1,1
342750,1,1,1,1,1,1,1,1
342875,1,1,1,1,1,1,1,1
343000,1,1,1,1,1,1,1,1
343125,1,1,1,1,1,1,1,1
343250,1,1,1,1,1,1,1,1
343375,1,1,1,1,1,1,1,1
343500,1,1,1,1,1,1,1,1
343625,1,1,1,1,1,1,1,1
343750,1,1,1,1,1,1,1,1
343875,1,1,1,1,1,1,1,1
344000,1,1,1,1,1,1,1,1
344125,1,1,1,1,1,1,1,1
344250,1,1,1,1,1,1,1,1
344375,1,1,1,1,1,1,1,1
344500,1,1,1,1,1,1,1,1
344625,1,1,1,1,1,1,1,1
344750,1,1,1,1,1,1,1,1
344875,1,1,1,1,1,1,1,1
345000,1,1,1,1,1,1,1,1
345125,1,1,1,1,1,1,1,1
345250,1,1,1,1,1,1,1,1
345375,1,1,1,1,1,1,1,1
345500,1,1,1,1,1,1,1,1
345625,1,1,1,1,1,1,1,1
345750,1,1,1,1,1,1,1,1
345875,1,1,1,1,1,1,1,1
346000,1,1,1,1,1,1,1,1
346125,1,1,1,1,1,1,1,1
346250,1,1,1,1,1,1,1,1
346375,1,1,1,1,1,1,1,1
346500,1,1,1,1,1,1,1,1
346625,1,1,1,1,1,1,1,1
346750,1,1,1,1,1,1,1,1
346875,1,1,1,1,1,1,1,1
347000,1,1,1,1,1,1,1,1
347125,1,1,1,1,1,1,1,1
347250,1,1,1,1,1,1,1,1
347375,1,1,1,1,1,1,1,1
347500,1,1,1,1,1,1,1,1
347625,1,1,1,1,1,1,1,1
347750,1,1,1,1,1,1,1,1
347875,1,1,1,1,1,1,1,1
348000,1,1,1,1,1,1,1,1
348125,1,1,1,1,1,1,1,1
348250,1,1,1,1,1,1,1,1
348375,1,1,1,1,1,1,1,1
348500,1,1,1,1,1,1,1,1
348625,1,1,1,1,1,1,1,1
348750,1,1,1,1,1,1,1,1
348875,1,1,1,1,1,1,1,1
349000,1,1,1,1,1,1,1,1
349125,1,1,1,1,1,1,1,1
349250,1,1,1,1,1,1,1,1
349375,1,1,1,1,1,1,1,1
349500,1,1,1,1,1,1,1,1
349625,1,1,1,1,1,1,1,1
349750,1,1,1,1,1,1,1,1
349875,1,1,1,1,1,1,1,1
350000,1,1,1,1,1,1,1,1
350125,1,1,1,1,1,1,1,1
350250,1,1,1,1,1,1,1,1
350375,1,1,1,1,1,1,1,1
350500,1,1,1,1,1,1,1,1
350625,1,1,1,1,1,1,1,1
350750,1,1,1,1,1,1,1,1
350875,1,1,1,1,1,1,1,1
351000,1,1,1,1,1,1,1,1
351125,1,1,1,1,1,1,1,1
351250,1,1,1,1,1,1,1,1
351375,1,1,1,1,1,1,1,1
351500,1,1,1,1,1,1,1,1
351625,1,1,1,1,1,1,1,1
351750,1,1,1,1,1,1,1,1
351875,1,1,1,1,1,1,1,1
352000,1,1,1,1,1,1,1,1
352125,1,1,1,1,1,1,1,1
352250,1,1,1,1,1,1,1,1
352375,1,1,1,1,1,1,1,1
352500,1,1,1,1,1,1,1,1
352625,1,1,1,1,1,1,1,1
352750,1,1,1,1,1,1,1,1
352875,1,1,1,1,1,1,1,1
353000,1,1,1,1,1,1,1,1
353125,1,1,1,1,1,1,1,1
353250,1,1,1,1,1,1,1,1
353375,1,1,1,1,1,1,1,1
353500,1,1,1,1,1,1,1,1
353625,1,1,1,1,1,1,1,1
353750,1,1,1,1,1,1,1,1
353875,1,1,1,1,1,1,1,1
354000,1,1,1,1,1,1,1,1
354125,1,1,1,1,1,1,1,1
354250,1,1,1,1,1,1,1,1
354375,1,1,1,1,1,1,1,1
354500,1,1,1,1,1,1,1,1
354625,1,1,1,1,1,1,1,1
354750,1,1,1,1,1,1,1,1
354875,1,1,1,1,1,1,1,1
355000,1,1,1,1,1,1,1,1
355125,1,1,1,1,1,1,1,1
355250,1,1,1,1,1,1,1,1
355375,1,1,1,1,1,1,1,1
355500,1,1,1,1,1,1,1,1
355625,1,1,1,1,1,1,1,1
355750,1,1,1,1,1,1,1,1
355875,1,1,1,1,1,1,1,1
356000,1,1,1,1,1,1,1,1
356125,1,1,1,1,1,1,1,1
356250,1,1,1,1,1,1,1,1
356375,1,1,1,1,1,1,1,1
356500,1,1,1,1,1,1,1,1
356625,1,1,1,1,1,1,1,1
356750,1,1,1,1,1,1,1,1
356875,1,1,1,1,1,1,1,1
357000,1,1,1,1,1,1,1,1
357125,1,1,1,1,1,1,1,1
357250,1,1,1,1,1,1,1,1
357375,1,1,1,1,1,1,1,1
357500,1,1,1,1,1,1,1,1
357625,1,1,1,1,1,1,1,1
357750,1,1,1,1,1,1,1,1
357875,1,1,1,1,1,1,1,1
358000,1,1,1,1,1,1,1,1
358125,1,1,1,1,1,1,1,1
358250,1,1,1,1,1,1,1,1
358375,1,1,1,1,1,1,1,1
358500,1,1,1,1,1,1,1,1
358625,1,1,1,1,1,1,1,1
358750,1,1,1,1,1,1,1,1
358875,1,1,1,1,1,1,1,1
359000,1,1,1,1,1,1,1,1
359125,1,1,1,1,1,1,1,1
359250,1,1,1,1,1,1,1,1
359375,1,1,1,1,1,1,1,1
359500,1,1,1,1,1,1,1,1
359625,1,1,1,1,1,1,1,1
359750,1,1,1,1,1,1,1,1
359875,1,1,1,1,1,1,1,1
360000,1,1,1,1,1,1,1,1
360125,1,1,1,1,1,1,1,1
360250,1,1,1,1,1,1,1,1
360375,1,1,1,1,1,1,1,1
360500,1,1,1,1,1,1,1,1
360625,1,1,1,1,1,1,1,1
360750,1,1,1,1,1,1,1,1
360875,1,1,1,1,1,1,1,1
361000,1,1,1,1,1,1,1,1
361125,1,1,1,1,1,1,1,1
361250,1,1,1,1,1,1,1,1
361375,1,1,1,1,1,1,1,1
361500,1,1,1,1,1,1,1,1
361625,1,1,1,1,1,1,1,1
361750,1,1,1,1,1,1,1,1
361875,1,1,1,1,1,1,1,1
362000,1,1,1,1,1,1,1,1
362125,1,1,1,1,1,1,1,1
362250,1,1,1,1,1,1,1,1
362375,1,1,1,1,1,1,1,1
362500,1,1,1,1,1,1,1,1
362625,1,1,1,1,1,1,1,1
362750,1,1,1,1,1,1,1,1
362875,1,1,1,1,1,1,1,1
363000,1,1,1,1,1,1,1,1
363125,1,1,1,1,1,1,1,1
363250,1,1,1,1,1,1,1,1
363375,1,1,1,1,1,1,1,1
363500,1,1,1,1,1,1,1,1
363625,1,1,1,1,1,1,1,1
363750,1,1,1,1,1,1,1,1
363875,1,1,1,1,1,1,1,1
364000,1,1,1,1,1,1,1,1
364125,1,1,1,1,1,1,1,1
364250,1,1,1,1,1,1,1,1
364375,1,1,1,1,1,1,1,1
364500,1,1,1,1,1,1,1,1
364625,1,1,1,1,1,1,1,1
364750,1,1,1,1,1,1,1,1
364875,1,1,1,1,1,1,1,1
365000,1,1,1,1,1,1,1,1
365125,1,1,1,1,1,1,1,1
365250,1,1,1,1,1,1,1,1
365375,1,1,1,1,1,1,1,1
365500,1,1,1,1,1,1,1,1
365625,1,1,1,1,1,1,1,1
365750,1,1,1,1,1,1,1,1
365875,1,1,1,1,1,1,1,1
366000,1,1,1,1,1,1,1,1
366125,1,1,1,1,1,1,1,1
366250,1,1,1,1,1,1,1,1
366375,1,1,1,1,1,1,1,1
366500,1,1,1,1,1,1,1,1
366625,1,1,1,1,1,1,1,1
366750,1,1,1,1,1,1,1,1
366875,1,1,1,1,1,1,1,1
367000,1,1,1,1,1,1,1,1
367125,1,1,1,1,1,1,1,1
367250,1,1,1,1,1,1,1,1
367375,1,1,1,1,1,1,1,1
367500,1,1,1,1,1,1,1,1
367625,1,1,1,1,1,1,1,1
367750,1,1,1,1,1,1,1,1
367875,1,1,1,1,1,1,1,1
368000,1,1,1,1,1,1,1,1
368125,1,1,1,1,1,1,1,1
368250,1,1,1,1,1,1,1,1
368375,1,1,1,1,1,1,1,1
368500,1,1,1,1,1,1,1,1
368625,1,1,1,1,1,1,1,1
368750,1,1,1,1,1,1,1,1
368875,1,1,1,1,1,1,1,1
369000,1,1,1,1,1,1,1,1
369125,1,1,1,1,1,1,1,1
369250,1,1,1,1,1,1,1,1
369375,1,1,1,1,1,1,1,1
369500,1,1,1,1,1,1,1,1
369625,1,1,1,1,1,1,1,1
369750,1,1,1,1,1,1,1,1
369875,1,1,1,1,1,1,1,1
370000,1,1,1,1,1,1,1,1
370125,1,1,1,1,1,1,1,1
370250,1,1,1,1,1,1,1,1
370375,1,1,1,1,1,1,1,1
370500,1,1,1,1,1,1,1,1
370625,1,1,1,1,1,1,1,1
370750,1,1,1,1,1,1,1,1
370875,1,1,1,1,1,1,1,1
371000,1,1,1,1,1,1,1,1
371125,1,1,1,1,1,1,1,1
371250,1,1,1,1,1,1,1,1
371375,1,1,1,1,1,1,1,1
371500,1,1,1,1,1,1,1,1
371625,1,1,1,1,1,1,1,1
371750,1,1,1,1,1,1,1,1
371875,1,1,1,1,1,1,1,1
372000,1,1,1,1,1,1,1,1
372125,1,1,1,1,1,1,1,1
372250,1,1,1,1,1,1,1,1
372375,1,1,1,1,1,1,1,1
372500,1,1,1,1,1,1,1,1
372625,1,1,1,1,1,1,1,1
372750,1,1,1,1,1,1,1,1
372875,1,1,1,1,1,1,1,1
373000,1,1,1,1,1,1,1,1
373125,1,1,1,1,1,1,1,1
373250,1,1,1,1,1,1,1,1
373375,1,1,1,1,1,1,1,1
373500,1,1,1,1,1,1,1,1
373625,1,1,1,1,1,1,1,1
373750,1,1,1,1,1,1,1,1
373875,1,1,1,1,1,1,1,1
374000,1,1,1,1,1,1,1,1
374125,1,1,1,1,1,1,1,1
374250,1,1,1,1,1,1,1,1
374375,1,1,1,1,1,1,1,1
374500,1,1,1,1,1,1,1,1
374625,1,1,1,1,1,1,1,1
374750,1,1,1,1,1,1,1,1
374875,1,1,1,1,1,1,1,1
375000,1,1,1,1,1,1,1,1
375125,1,1,1,1,1,1,1,1
375250,1,1,1,1,1,1,1,1
375375,1,1,1,1,1,1,1,1
375500,1,1,1,1,1,1,1,1
375625,1,1,1,1,1,1,1,1
375750,1,1,1,1,1,1,1,1
375875,1,1,1,1,1,1,1,1
376000,1,1,1,1,1,1,1,1
376125,1,1,1,1,1,1,1,1
376250,1,1,1,1,1,1,1,1
376375,1,1,1,1,1,1,1,1
376500,1,1,1,1,1,1,1,1
376625,1,1,1,1,1,1,1,1
376750,1,1,1,1,1,1,1,1
376875,1,1,1,1,1,1,1,1
377000,1,1,1,1,1,1,1,1
377125,1,1,1,1,1,1,1,1
377250,1,1,1,1,1,1,1,1
377375,1,1,1,1,1,1,1,1
377500,1,1,1,1,1,1,1,1
377625,1,1,1,1,1,1,1,1
377750,1,1,1,1,1,1,1,1
377875,1,1,1,1,1,1,1,1
378000,1,1,1,1,1,1,1,1
378125,1,1,1,1,1,1,1,1
378250,1,1,1,1,1,1,1,1
378375,1,1,1,1,1,1,1,1
378500,1,1,1,1,1,1,1,1
378625,1,1,1,1,1,1,1,1
378750,1,1,1,1,1,1,1,1
378875,1,1,1,1,1,1,1,1
379000,1,1,1,1,1,1,1,1
379125,1,1,1,1,1,1,1,1
379250,1,1,1,1,1,1,1,1
379375,1,1,1,1,1,1,1,1
379500,1,1,1,1,1,1,1,1
379625,1,1,1,1,1,1,1,1
379750,1,1,1,1,1,1,1,1
379875,1,1,1,1,1,1,1,1
380000,1,1,1,1,1,1,1,1
380125,1,1,1,1,1,1,1,1
380250,1,1,1,1,1,1,1,1
380375,1,1,1,1,1,1,1,1
380500,1,1,1,1,1,1,1,1
380625,1,1,1,1,1,1,1,1
380750,1,1,1,1,1,1,1,1
380875,1,1,1,1,1,1,1,1
381000,1,1,1,1,1,1,1,1
381125,1,1,1,1,1,1,1,1
381250,1,1,1,1,1,1,1,1
381375,1,1,1,1,1,1,1,1
381500,1,1,1,1,1,1,1,1
381625,1,1,1,1,1,1,1,1
381750,1,1,1,1,1,1,1,1
381875,1,1,1,1,1,1,1,1
382000,1,1,1,1,1,1,1,1
382125,1,1,1,1,1,1,1,1
382250,1,1,1,1,1,1,1,1
382375,1,1,1,1,1,1,1,1
382500,1,1,1,1,1,1,1,1
382625,1,1,1,1,1,1,1,1
382750,1,1,1,1,1,1,1,1
382875,1,1,1,1,1,1,1,1
383000,1,1,1,1,1,1,1,1
383125,1,1,1,1,1,1,1,1
383250,1,1,1,1,1,1,1,1
383375,1,1,1,1,1,1,1,1
383500,1,1,1,1,1,1,1,1
383625,1,1,1,1,1,1,1,1
383750,1,1,1,1,1,1,1,1
383875,1,1,1,1,1,1,1,1
384000,1,1,1,1,1,1,1,1
384125,1,1,1,1,1,1,1,1
384250,1,1,1,1,1,1,1,1
384375,1,1,1,1,1,1,1,1
384500,1,1,1,1,1,1,1,1
384625,1,1,1,1,1,1,1,1
384750,1,1,1,1,1,1,1,1
384875,1,1,1,1,1,1,1,1
385000,1,1,1,1,1,1,1,1
385125,1,1,1,1,1,1,1,1
385250,1,1,1,1,1,1,1,1
385375,1,1,1,1,1,1,1,1
385500,1,1,1,1,1,1,1,1
385625,1,1,1,1,1,1,1,1
385750,1,1,1,1,1,1,1,1
385875,1,1,1,1,1,1,1,1
386000,1,1,1,1,1,1,1,1
386125,1,1,1,1,1,1,1,1
386250,1,1,1,1,1,1,1,1
386375,1,1,1,1,1,1,1,1
386500,1,1,1,1,1,1,1,1
386625,1,1,1,1,1,1,1,1
386750,1,1,1,1,1,1,1,1
386875,1,1,1,1,1,1,1,1
387000,1,1,1,1,1,1,1,1
387125,1,1,1,1,1,1,1,1
387250,1,1,1,1,1,1,1,1
387375,1,1,1,1,1,1,1,1
387500,1,1,1,1,1,1,1,1
387625,1,1,1,1,1,1,1,1
387750,1,1,1,1,1,1,1,1
387875,1,1,1,1,1,1,1,1
388000,1,1,1,1,1,1,1,1
388125,1,1,1,1,1,1,1,1
388250,1,1,1,1,1,1,1,1
388375,1,1,1,1,1,1,1,1
388500,1,1,1,1,1,1,1,1
388625,1,1,1,1,1,1,1,1
388750,1,1,1,1,1,1,1,1
388875,1,1,1,1,1,1,1,1
389000,1,1,1,1,1,1,1,1
389125,1,1,1,1,1,1,1,1
389250,1,1,1,1,1,1,1,1
389375,1,1,1,1,1,1,1,1
389500,1,1,1,1,1,1,1,1
389625,1,1,1,1,1,1,1,1
389750,1,1,1,1,1,1,1,1
389875,1,1,1,1,1,1,1,1
390000,1,1,1,1,1,1,1,1
390125,1,1,1,1,1,1,1,1
390250,1,1,1,1,1,1,1,1
390375,1,1,1,1,1,1,1,1
390500,1,1,1,1,1,1,1,1
390625,1,1,1,1,1,1,1,1
390750,1,1,1,1,1,1,1,1
390875,1,1,1,1,1,1,1,1
391000,1,1,1,1,1,1,1,1
391125,1,1,1,1,1,1,1,1
391250,1,1,1,1,1,1,1,1
391375,1,1,1,1,1,1,1,1
391500,1,1,1,1,1,1,1,1
391625,1,1,1,1,1,1,1,1
391750,1,1,1,1,1,1,1,1
391875,1,1,1,1,1,1,1,1
392000,1,1,1,1,1,1,1,1
392125,1,1,1,1,1,1,1,1
392250,1,1,1,1,1,1,1,1
392375,1,1,1,1,1,1,1,1
392500,1,1,1,1,1,1,1,1
392625,1,1,1,1,1,1,1,1
392750,1,1,1,1,1,1,1,1
392875,1,1,1,1,1,1,1,1
393000,1,1,1,1,1,1,1,1
393125,1,1,1,1,1,1,1,1
393250,1,1,1,1,1,1,1,1
393375,1,1,1,1,1,1,1,1
393500,1,1,1,1,1,1,1,1
393625,1,1,1,1,1,1,1,1
393750,1,1,1,1,1,1,1,1
393875,1,1,1,1,1,1,1,1
394000,1,1,1,1,1,1,1,1
394125,1,1,1,1,1,1,1,1
394250,1,1,1,1,1,1,1,1
394375,1,1,1,1,1,1,1,1
394500,1,1,1,1,1,1,1,1
394625,1,1,1,1,1,1,1,1
394750,1,1,1,1,1,1,1,1
394875,1,1,1,1,1,1,1,1
395000,1,1,1,1,1,1,1,1
395125,1,1,1,1,1,1,1,1
395250,1,1,1,1,1,1,1,1
395375,1,1,1,1,1,1,1,1
395500,1,1,1,1,1,1,1,1
395625,1,1,1,1,1,1,1,1
395750,1,1,1,1,1,1,1,1
395875,1,1,1,1,1,1,1,1
396000,1,1,1,1,1,1,1,1
396125,1,1,1,1,1,1,1,1
396250,1,1,1,1,1,1,1,1
396375,1,1,1,1,1,1,1,1
396500,1,1,1,1,1,1,1,1
396625,1,1,1,1,1,1,1,1
396750,1,1,1,1,1,1,1,1
396875,1,1,1,1,1,1,1,1
397000,1,1,1,1,1,1,1,1
397125,1,1,1,1,1,1,1,1
397250,1,1,1,1,1,1,1,1
397375,1,1,1,1,1,1,1,1
397500,1,1,1,1,1,1,1,1
397625,1,1,1,1,1,1,1,1
397750,1,1,1,1,1,1,1,1
397875,1,1,1,1,1,1,1,1
398000,1,1,1,1,1,1,1,1
398125,1,1,1,1,1,1,1,1
398250,1,1,1,1,1,1,1,1
398375,1,1,1,1,1,1,1,1
398500,1,1,1,1,1,1,1,1
398625,1,1,1,1,1,1,1,1
398750,1,1,1,1,1,1,1,1
398875,1,1,1,1,1,1,1,1
399000,1,1,1,1,1,1,1,1
399125,1,1,1,1,1,1,1,1
399250,1,1,1,1,1,1,1,1
399375,1,1,1,1,1,1,1,1
399500,1,1,1,1,1,1,1,1
399625,1,1,1,1,1,1,1,1
399750,1,1,1,1,1,1,1,1
399875,1,1,1,1,1,1,1,1
400000,1,1,1,1,1,1,1,1
400125,1,1,1,1,1,1,1,1
400250,1,1,1,1,1,1,1,1
400375,1,1,1,1,1,1,1,1
400500,1,1,1,1,1,1,1,1
400625,1,1,1,1,1,1,1,1
400750,1,1,1,1,1,1,1,1
400875,1,1,1,1,1,1,1,1
401000,1,1,1,1,1,1,1,1
401125,1,1,1,1,1,1,1,1
401250,1,1,1,1,1,1,1,1
401375,1,1,1,1,1,1,1,1
401500,1,1,1,1,1,1,1,1
401625,1,1,1,1,1,1,1,1
401750,1,1,1,1,1,1,1,1
401875,1,1,1,1,1,1,1,1
402000,1,1,1,1,1,1,1,1
402125,1,1,1,1,1,1,1,1
402250,1,1,1,1,1,1,1,1
402375,1,1,1,1,1,1,1,1
402500,1,1,1,1,1,1,1,1
402625,1,1,1,1,1,1,1,1
402750,1,1,1,1,1,1,1,1
402875,1,1,1,1,1,1,1,1
403000,1,1,1,1,1,1,1,1
403125,1,1,1,1,1,1,1,1
403250,1,1,1,1,1,1,1,1
403375,1,1,1,1,1,1,1,1
403500,1,1,1,1,1,1,1,1
403625,1,1,1,1,1,1,1,1
403750,1,1,1,1,1,1,1,1
403875,1,1,1,1,1,1,1,1
404000,1,1,1,1,1,1,1,1
404125,1,1,1,1,1,1,1,1
404250,1,1,1,1,1,1,1,1
404375,1,1,1,1,1,1,1,1
404500,1,1,1,1,1,1,1,1
404625,1,1,1,1,1,1,1,1
404750,1,1,1,1,1,1,1,1
404875,1,1,1,1,1,1,1,1
405000,1,1,1,1,1,1,1,1
405125,1,1,1,1,1,1,1,1
405250,1,1,1,1,1,1,1,1
405375,1,1,1,1,1,1,1,1
405500,1,1,1,1,1,1,1,1
405625,1,1,1,1,1,1,1,1
405750,1,1,1,1,1,1,1,1
405875,1,1,1,1,1,1,1,1
406000,1,1,1,1,1,1,1,1
406125,1,1,1,1,1,1,1,1
406250,1,1,1,1,1,1,1,1
406375,1,1,1,1,1,1,1,1
406500,1,1,1,1,1,1,1,1
406625,1,1,1,1,1,1,1,1
406750,1,1,1,1,1,1,1,1
406875,1,1,1,1,1,1,1,1
407000,1,1,1,1,1,1,1,1
407125,1,1,1,1,1,1,1,1
407250,1,1,1,1,1,1,1,1
407375,1,1,1,1,1,1,1,1
407500,1,1,1,1,1,1,1,1
407625,1,1,1,1,1,1,1,1
407750,1,1,1,1,1,1,1,1
407875,1,1,1,1,1,1,1,1
408000,1,1,1,1,1,1,1,1
408125,1,1,1,1,1,1,1,1
408250,1,1,1,1,1,1,1,1
408375,1,1,1,1,1,1,1,1
408500,1,1,1,1,1,1,1,1
408625,1,1,1,1,1,1,1,1
408750,1,1,1,1,1,1,1,1
408875,1,1,1,1,1,1,1,1
409000,1,1,1,1,1,1,1,1
409125,1,1,1,1,1,1,1,1
409250,1,1,1,1,1,1,1,1
409375,1,1,1,1,1,1,1,1
409500,1,1,1,1,1,1,1,1
409625,1,1,1,1,1,1,1,1
409750,1,1,1,1,1,1,1,1
409875,1,1,1,1,1,1,1,1
410000,1,1,1,1,1,1,1,1
410125,1,1,1,1,1,1,1,1
410250,1,1,1,1,1,1,1,1
410375,1,1,1,1,1,1,1,1
410500,1,1,1,1,1,1,1,1
410625,1,1,1,1,1,1,1,1
410750,1,1,1,1,1,1,1,1
410875,1,1,1,1,1,1,1,1
411000,1,1,1,1,1,1,1,1
411125,1,1,1,1,1,1,1,1
411250,1,1,1,1,1,1,1,1
411375,1,1,1,1,1,1,1,1
411500,1,1,1,1,1,1,1,1
411625,1,1,1,1,1,1,1,1
411750,1,1,1,1,1,1,1,1
411875,1,1,1,1,1,1,1,1
412000,1,1,1,1,1,1,1,1
412125,1,1,1,1,1,1,1,1
412250,1,1,1,1,1,1,1,1
412375,1,1,1,1,1,1,1,1
412500,1,1,1,1,1,1,1,1
412625,1,1,1,1,1,1,1,1
412750,1,1,1,1,1,1,1,1
412875,1,1,1,1,1,1,1,1
413000,1,1,1,1,1,1,1,1
413125,1,1,1,1,1,1,1,1
413250,1,1,1,1,1,1,1,1
413375,1,1,1,1,1,1,1,1
413500,1,1,1,1,1,1,1,1
413625,1,1,1,1,1,1,1,1
413750,1,1,1,1,1,1,1,1
413875,1,1,1,1,1,1,1,1
414000,1,1,1,1,1,1,1,1
414125,1,1,1,1,1,1,1,1
414250,1,1,1,1,1,1,1,1
414375,1,1,1,1,1,1,1,1
414500,1,1,1,1,1,1,1,1
414625,1,1,1,1,1,1,1,1
414750,1,1,1,1,1,1,1,1
414875,1,1,1,1,1,1,1,1
415000,1,1,1,1,1,1,1,1
415125,1,1,1,1,1,1,1,1
415250,1,1,1,1,1,1,1,1
415375,1,1,1,1,1,1,1,1
415500,1,1,1,1,1,1,1,1
415625,1,1,1,1,1,1,1,1
415750,1,1,1,1,1,1,1,1
415875,1,1,1,1,1,1,1,1
416000,1,1,1,1,1,1,1,1
416125,1,1,1,1,1,1,1,1
416250,1,1,1,1,1,1,1,1
416375,1,1,1,1,1,1,1,1
416500,0,1,1,1,1,1,1,1
416625,0,1,1,1,1,1,1,1
416750,0,1,1,1,1,1,1,1
416875,0,1,1,1,1,1,1,1
417000,0,1,1,1,1,1,1,1
417125,0,1,1,1,1,1,1,1
417250,0,1,1,1,1,1,1,1
417375,0,1,1,1,1,1,1,1
417500,0,1,1,1,1,1,1,1
417625,0,1,1,1,1,1,1,1
417750,0,1,1,1,1,1,1,1
417875,0,1,1,1,1,1,1,1
418000,0,1,1,1,1,1,1,1
418125,0,1,1,1,1,1,1,1
418250,0,1,1,1,1,1,1,1
418375,0,1,1,1,1,1,1,1
418500,0,1,1,1,1,1,1,1
418625,0,1,1,1,1,1,1,1
418750,0,1,1,1,1,1,1,1
418875,0,1,1,1,1,1,1,1
419000,0,1,1,1,1,1,1,1
419125,0,1,1,1,1,1,1,1
419250,0,1,1,1,1,1,1,1
419375,0,1,1,1,1,1,1,1
419500,0,1,1,1,1,1,1,1
419625,0,1,1,1,1,1,1,1
419750,0,1,1,1,1,1,1,1
419875,0,1,1,1,1,1,1,1
420000,0,1,1,1,1,1,1,1
420125,0,1,1,1,1,1,1,1
420250,0,1,1,1,1,1,1,1
420375,0,1,1,1,1,1,1,1
420500,0,1,1,1,1,1,1,1
420625,0,1,1,1,1,1,1,1
420750,0,1,1,1,1,1,1,1
420875,0,1,1,1,1,1,1,1
421000,0,1,1,1,1,1,1,1
421125,0,1,1,1,1,1,1,1
421250,0,1,1,1,1,1,1,1
421375,0,1,1,1,1,1,1,1
421500,0,1,1,1,1,1,1,1
421625,0,1,1,1,1,1,1,1
421750,0,1,1,1,1,1,1,1
421875,0,1,1,1,1,1,1,1
422000,0,1,1,1,1,1,1,1
422125,0,1,1,1,1,1,1,1
422250,0,1,1,1,1,1,1,1
422375,0,1,1,1,1,1,1,1
422500,0,1,1,1,1,1,1,1
422625,0,1,1,1,1,1,1,1
422750,0,1,1,1,1,1,1,1
422875,0,1,1,1,1,1,1,1
423000,0,1,1,1,1,1,1,1
423125,0,1,1,1,1,1,1,1
423250,0,1,1,1,1,1,1,1
423375,0,1,1,1,1,1,1,1
423500,0,1,1,1,1,1,1,1
423625,0,1,1,1,1,1,1,1
423750,0,1,1,1,1,1,1,1
423875,0,1,1,1,1,1,1,1
424000,0,1,1,1,1,1,1,1
424125,0,1,1,1,1,1,1,1
424250,0,1,1,1,1,1,1,1
424375,0,1,1,1,1,1,1,1
424500,0,1,1,1,1,1,1,1
424625,0,1,1,1,1,1,1,1
424750,0,1,1,1,1,1,1,1
424875,0,1,1,1,1,1,1,1
425000,0,1,1,1,1,1,1,1
425125,0,1,1,1,1,1,1,1
425250,0,1,1,1,1,1,1,1
425375,0,1,1,1,1,1,1,1
425500,0,1,1,1,1,1,1,1
425625,0,1,1,1,1,1,1,1
425750,0,1,1,1,1,1,1,1
425875,0,1,1,1,1,1,1,1
426000,0,1,1,1,1,1,1,1
426125,0,1,1,1,1,1,1,1
426250,0,1,1,1,1,1,1,1
426375,0,1,1,1,1,1,1,1
426500,0,1,1,1,1,1,1,1
426625,0,1,1,1,1,1,1,1
426750,0,1,1,1,1,1,1,1
426875,0,1,1,1,1,1,1,1
427000,0,1,1,1,1,1,1,1
427125,0,1,1,1,1,1,1,1
427250,0,1,1,1,1,1,1,1
427375,0,1,1,1,1,1,1,1
427500,0,1,1,1,1,1,1,1
427625,0,1,1,1,1,1,1,1
427750,0,1,1,1,1,1,1,1
427875,0,1,1,1,1,1,1,1
428000,0,1,1,1,1,1,1,1
428125,0,1,1,1,1,1,1,1
428250,0,1,1,1,1,1,1,1
428375,0,1,1,1,1,1,1,1
428500,0,1,1,1,1,1,1,1
428625,0,1,1,1,1,1,1,1
428750,0,1,1,1,1,1,1,1
428875,0,1,1,1,1,1,1,1
429000,0,1,1,1,1,1,1,1
429125,0,1,1,1,1,1,1,1
429250,0,1,1,1,1,1,1,1
429375,0,1,1,1,1,1,1,1
429500,0,1,1,1,1,1,1,1
429625,0,1,1,1,1,1,1,1
429750,0,1,1,1,1,1,1,1
429875,0,1,1,1,1,1,1,1
430000,0,1,1,1,1,1,1,1
430125,0,1,1,1,1,1,1,1
430250,0,1,1,1,1,1,1,1
430375,0,1,1,1,1,1,1,1
430500,0,1,1,1,1,1,1,1
430625,0,1,1,1,1,1,1,1
430750,0,1,1,1,1,1,1,1
430875,0,1,1,1,1,1,1,1
431000,0,1,1,1,1,1,1,1
431125,0,1,1,1,1,1,1,1
431250,0,1,1,1,1,1,1,1
431375,0,1,1,1,1,1,1,1
431500,0,1,1,1,1,1,1,1
431625,0,1,1,1,1,1,1,1
431750,0,1,1,1,1,1,1,1
431875,0,1,1,1,1,1,1,1
432000,0,1,1,1,1,1,1,1
432125,0,1,1,1,1,1,1,1
432250,0,1,1,1,1,1,1,1
432375,0,1,1,1,1,1,1,1
432500,0,1,1,1,1,1,1,1
432625,0,1,1,1,1,1,1,1
432750,0,1,1,1,1,1,1,1
432875,0,1,1,1,1,1,1,1
433000,0,1,1,1,1,1,1,1
433125,0,1,1,1,1,1,1,1
433250,0,1,1,1,1,1,1,1
433375,0,1,1,1,1,1,1,1
433500,0,1,1,1,1,1,1,1
433625,0,1,1,1,1,1,1,1
433750,0,1,1,1,1,1,1,1
433875,0,1,1,1,1,1,1,1
434000,0,1,1,1,1,1,1,1
434125,0,1,1,1,1,1,1,1
434250,0,1,1,1,1,1,1,1
434375,0,1,1,1,1,1,1,1
434500,0,1,1,1,1,1,1,1
434625,0,1,1,1,1,1,1,1
434750,0,1,1,1,1,1,1,1
434875,0,1,1,1,1,1,1,1
435000,0,1,1,1,1,1,1,1
435125,0,1,1,1,1,1,1,1
435250,0,1,1,1,1,1,1,1
435375,0,1,1,1,1,1,1,1
435500,0,1,1,1,1,1,1,1
435625,0,1,1,1,1,1,1,1
435750,0,1,1,1,1,1,1,1
435875,0,1,1,1,1,1,1,1
436000,0,1,1,1,1,1,1,1
436125,0,1,1,1,1,1,1,1
436250,0,1,1,1,1,1,1,1
436375,0,1,1,1,1,1,1,1
436500,0,1,1,1,1,1,1,1
436625,0,1,1,1,1,1,1,1
436750,0,1,1,1,1,1,1,1
436875,0,1,1,1,1,1,1,1
437000,0,1,1,1,1,1,1,1
437125,0,1,1,1,1,1,1,1
437250,0,1,1,1,1,1,1,1
437375,0,1,1,1,1,1,1,1
437500,0,1,1,1,1,1,1,1
437625,0,1,1,1,1,1,1,1
437750,0,1,1,1,1,1,1,1
437875,0,1,1,1,1,1,1,1
438000,0,1,1,1,1,1,1,1
438125,0,1,1,1,1,1,1,1
438250,0,1,1,1,1,1,1,1
438375,0,1,1,1,1,1,1,1
438500,0,1,1,1,1,1,1,1
438625,0,1,1,1,1,1,1,1
438750,0,1,1,1,1,1,1,1
438875,0,1,1,1,1,1,1,1
439000,0,1,1,1,1,1,1,1
439125,0,1,1,1,1,1,1,1
439250,0,1,1,1,1,1,1,1
439375,0,1,1,1,1,1,1,1
439500,0,1,1,1,1,1,1,1
439625,0,1,1,1,1,1,1,1
439750,0,1,1,1,1,1,1,1
439875,0,1,1,1,1,1,1,1
440000,0,1,1,1,1,1,1,1
440125,0,1,1,1,1,1,1,1
440250,0,1,1,1,1,1,1,1
440375,0,1,1,1,1,1,1,1
440500,0,1,1,1,1,1,1,1
440625,0,1,1,1,1,1,1,1
440750,0,1,1,1,1,1,1,1
440875,0,1,1,1,1,1,1,1
441000,0,1,1,1,1,1,1,1
441125,0,1,1,1,1,1,1,1
441250,0,1,1,1,1,1,1,1
441375,0,1,1,1,1,1,1,1
441500,0,1,1,1,1,1,1,1
441625,0,1,1,1,1,1,1,1
441750,0,1,1,1,1,1,1,1
441875,0,1,1,1,1,1,1,1
442000,0,1,1,1,1,1,1,1
442125,0,1,1,1,1,1,1,1
442250,0,1,1,1,1,1,1,1
442375,0,1,1,1,1,1,1,1
442500,0,1,1,1,1,1,1,1
442625,0,1,1,1,1,1,1,1
442750,0,1,1,1,1,1,1,1
442875,0,1,1,1,1,1,1,1
443000,0,1,1,1,1,1,1,1
443125,0,1,1,1,1,1,1,1
443250,0,1,1,1,1,1,1,1
443375,0,1,1,1,1,1,1,1
443500,0,1,1,1,1,1,1,1
443625,0,1,1,1,1,1,1,1
443750,0,1,1,1,1,1,1,1
443875,0,1,1,1,1,1,1,1
444000,0,1,1,1,1,1,1,1
444125,0,1,1,1,1,1,1,1
444250,0,1,1,1,1,1,1,1
444375,0,1,1,1,1,1,1,1
444500,0,1,1,1,1,1,1,1
444625,0,1,1,1,1,1,1,1
444750,0,1,1,1,1,1,1,1
444875,0,1,1,1,1,1,1,1
445000,0,1,1,1,1,1,1,1
445125,0,1,1,1,1,1,1,1
445250,0,1,1,1,1,1,1,1
445375,0,1,1,1,1,1,1,1
445500,0,1,1,1,1,1,1,1
445625,0,1,1,1,1,1,1,1
445750,0,1,1,1,1,1,1,1
445875,0,1,1,1,1,1,1,1
446000,0,1,1,1,1,1,1,1
446125,0,1,1,1,1,1,1,1
446250,0,1,1,1,1,1,1,1
446375,0,1,1,1,1,1,1,1
446500,0,1,1,1,1,1,1,1
446625,0,1,1,1,1,1,1,1
446750,0,1,1,1,1,1,1,1
446875,0,1,1,1,1,1,1,1
447000,0,1,1,1,1,1,1,1
447125,0,1,1,1,1,1,1,1
447250,0,1,1,1,1,1,1,1
447375,0,1,1,1,1,1,1,1
447500,0,1,1,1,1,1,1,1
447625,0,1,1,1,1,1,1,1
447750,0,1,1,1,1,1,1,1
447875,0,1,1,1,1,1,1,1
448000,0,1,1,1,1,1,1,1
448125,0,1,1,1,1,1,1,1
448250,0,1,1,1,1,1,1,1
448375,0,1,1,1,1,1,1,1
448500,0,1,1,1,1,1,1,1
448625,0,1,1,1,1,1,1,1
448750,0,1,1,1,1,1,1,1
448875,0,1,1,1,1,1,1,1
449000,0,1,1,1,1,1,1,1
449125,0,1,1,1,1,1,1,1
449250,0,1,1,1,1,1,1,1
449375,0,1,1,1,1,1,1,1
449500,0,1,1,1,1,1,1,1
449625,0,1,1,1,1,1,1,1
449750,0,1,1,1,1,1,1,1
449875,0,1,1,1,1,1,1,1
450000,0,1,1,1,1,1,1,1
450125,0,1,1,1,1,1,1,1
450250,0,1,1,1,1,1,1,1
450375,0,1,1,1,1,1,1,1
450500,0,1,1,1,1,1,1,1
450625,0,1,1,1,1,1,1,1
450750,0,1,1,1,1,1,1,1
450875,0,1,1,1,1,1,1,1
451000,0,1,1,1,1,1,1,1
451125,0,1,1,1,1,1,1,1
451250,0,1,1,1,1,1,1,1
451375,0,1,1,1,1,1,1,1
451500,0,1,1,1,1,1,1,1
451625,0,1,1,1,1,1,1,1
451750,0,1,1,1,1,1,1,1
451875,0,1,1,1,1,1,1,1
452000,0,1,1,1,1,1,1,1
452125,0,1,1,1,1,1,1,1
452250,0,1,1,1,1,1,1,1
452375,0,1,1,1,1,1,1,1
452500,0,1,1,1,1,1,1,1
452625,0,1,1,1,1,1,1,1
452750,0,1,1,1,1,1,1,1
452875,0,1,1,1,1,1,1,1
453000,0,1,1,1,1,1,1,1
453125,0,1,1,1,1,1,1,1
453250,0,1,1,1,1,1,1,1
453375,0,1,1,1,1,1,1,1
453500,0,1,1,1,1,1,1,1
453625,0,1,1,1,1,1,1,1
453750,0,1,1,1,1,1,1,1
453875,0,1,1,1,1,1,1,1
454000,0,1,1,1,1,1,1,1
454125,0,1,1,1,1,1,1,1
454250,0,1,1,1,1,1,1,1
454375,0,1,1,1,1,1,1,1
454500,0,1,1,1,1,1,1,1
454625,0,1,1,1,1,1,1,1
454750,0,1,1,1,1,1,1,1
454875,0,1,1,1,1,1,1,1
455000,0,1,1,1,1,1,1,1
455125,0,1,1,1,1,1,1,1
455250,0,1,1,1,1,1,1,1
455375,0,1,1,1,1,1,1,1
455500,0,1,1,1,1,1,1,1
455625,0,1,1,1,1,1,1,1
455750,0,1,1,1,1,1,1,1
455875,0,1,1,1,1,1,1,1
456000,0,1,1,1,1,1,1,1
456125,0,1,1,1,1,1,1,1
456250,0,1,1,1,1,1,1,1
456375,0,1,1,1,1,1,1,1
456500,0,1,1,1,1,1,1,1
456625,0,1,1,1,1,1,1,1
456750,0,1,1,1,1,1,1,1
456875,0,1,1,1,1,1,1,1
457000,0,1,1,1,1,1,1,1
457125,0,1,1,1,1,1,1,1
457250,0,1,1,1,1,1,1,1
457375,0,1,1,1,1,1,1,1
457500,0,1,1,1,1,1,1,1
457625,0,1,1,1,1,1,1,1
457750,0,1,1,1,1,1,1,1
457875,0,1,1,1,1,1,1,1
458000,0,1,1,1,1,1,1,1
458125,0,1,1,1,1,1,1,1
458250,0,1,1,1,1,1,1,1
458375,0,1,1,1,1,1,1,1
458500,0,1,1,1,1,1,1,1
458625,0,1,1,1,1,1,1,1
458750,0,1,1,1,1,1,1,1
458875,0,1,1,1,1,1,1,1
459000,0,1,1,1,1,1,1,1
459125,0,1,1,1,1,1,1,1
459250,0,1,1,1,1,1,1,1
459375,0,1,1,1,1,1,1,1
459500,0,1,1,1,1,1,1,1
459625,0,1,1,1,1,1,1,1
459750,0,1,1,1,1,1,1,1
459875,0,1,1,1,1,1,1,1
460000,0,1,1,1,1,1,1,1
460125,0,1,1,1,1,1,1,1
460250,0,1,1,1,1,1,1,1
460375,0,1,1,1,1,1,1,1
460500,0,1,1,1,1,1,1,1
460625,0,1,1,1,1,1,1,1
460750,0,1,1,1,1,1,1,1
460875,0,1,1,1,1,1,1,1
461000,0,1,1,1,1,1,1,1
461125,0,1,1,1,1,1,1,1
461250,0,1,1,1,1,1,1,1
461375,0,1,1,1,1,1,1,1
461500,0,1,1,1,1,1,1,1
461625,0,1,1,1,1,1,1,1
461750,0,1,1,1,1,1,1,1
461875,0,1,1,1,1,1,1,1
462000,0,1,1,1,1,1,1,1
462125,0,1,1,1,1,1,1,1
462250,0,1,1,1,1,1,1,1
462375,0,1,1,1,1,1,1,1
462500,0,1,1,1,1,1,1,1
462625,0,1,1,1,1,1,1,1
462750,0,1,1,1,1,1,1,1
462875,0,1,1,1,1,1,1,1
463000,0,1,1,1,1,1,1,1
463125,0,1,1,1,1,1,1,1
463250,0,1,1,1,1,1,1,1
463375,0,1,1,1,1,1,1,1
463500,0,1,1,1,1,1,1,1
463625,0,1,1,1,1,1,1,1
463750,0,1,1,1,1,1,1,1
463875,0,1,1,1,1,1,1,1
464000,0,1,1,1,1,1,1,1
464125,0,1,1,1,1,1,1,1
464250,0,1,1,1,1,1,1,1
464375,0,1,1,1,1,1,1,1
464500,0,1,1,1,1,1,1,1
464625,0,1,1,1,1,1,1,1
464750,0,1,1,1,1,1,1,1
464875,0,1,1,1,1,1,1,1
465000,0,1,1,1,1,1,1,1
465125,0,1,1,1,1,1,1,1
465250,0,1,1,1,1,1,1,1
465375,0,1,1,1,1,1,1,1
465500,0,1,1,1,1,1,1,1
465625,0,1,1,1,1,1,1,1
465750,0,1,1,1,1,1,1,1
465875,0,1,1,1,1,1,1,1
466000,0,1,1,1,1,1,1,1
466125,0,1,1,1,1,1,1,1
466250,0,1,1,1,1,1,1,1
466375,0,1,1,1,1,1,1,1
466500,0,1,1,1,1,1,1,1
466625,0,1,1,1,1,1,1,1
466750,0,1,1,1,1,1,1,1
466875,0,1,1,1,1,1,1,1
467000,0,1,1,1,1,1,1,1
467125,0,1,1,1,1,1,1,1
467250,0,1,1,1,1,1,1,1
467375,0,1,1,1,1,1,1,1
467500,0,1,1,1,1,1,1,1
467625,0,1,1,1,1,1,1,1
467750,0,1,1,1,1,1,1,1
467875,0,1,1,1,1,1,1,1
468000,0,1,1,1,1,1,1,1
468125,0,1,1,1,1,1,1,1
468250,0,1,1,1,1,1,1,1
468375,0,1,1,1,1,1,1,1
468500,0,1,1,1,1,1,1,1
468625,0,1,1,1,1,1,1,1
468750,0,1,1,1,1,1,1,1
468875,0,1,1,1,1,1,1,1
469000,0,1,1,1,1,1,1,1
469125,0,1,1,1,1,1,1,1
469250,0,1,1,1,1,1,1,1
469375,0,1,1,1,1,1,1,1
469500,0,1,1,1,1,1,1,1
469625,0,1,1,1,1,1,1,1
469750,0,1,1,1,1,1,1,1
469875,0,1,1,1,1,1,1,1
470000,0,1,1,1,1,1,1,1
470125,0,1,1,1,1,1,1,1
470250,0,1,1,1,1,1,1,1
470375,0,1,1,1,1,1,1,1
470500,0,1,1,1,1,1,1,1
470625,0,1,1,1,1,1,1,1
470750,0,1,1,1,1,1,1,1
470875,0,1,1,1,1,1,1,1
471000,0,1,1,1,1,1,1,1
471125,0,1,1,1,1,1,1,1
471250,0,1,1,1,1,1,1,1
471375,0,1,1,1,1,1,1,1
471500,0,1,1,1,1,1,1,1
471625,0,1,1,1,1,1,1,1
471750,0,1,1,1,1,1,1,1
471875,0,1,1,1,1,1,1,1
472000,0,1,1,1,1,1,1,1
472125,0,1,1,1,1,1,1,1
472250,0,1,1,1,1,1,1,1
472375,0,1,1,1,1,1,1,1
472500,0,1,1,1,1,1,1,1
472625,0,1,1,1,1,1,1,1
472750,0,1,1,1,1,1,1,1
472875,0,1,1,1,1,1,1,1
473000,0,1,1,1,1,1,1,1
473125,0,1,1,1,1,1,1,1
473250,0,1,1,1,1,1,1,1
473375,0,1,1,1,1,1,1,1
473500,0,1,1,1,1,1,1,1
473625,0,1,1,1,1,1,1,1
473750,0,1,1,1,1,1,1,1
473875,0,1,1,1,1,1,1,1
474000,0,1,1,1,1,1,1,1
474125,0,1,1,1,1,1,1,1
474250,0,1,1,1,1,1,1,1
474375,0,1,1,1,1,1,1,1
474500,0,1,1,1,1,1,1,1
474625,0,1,1,1,1,1,1,1
474750,0,1,1,1,1,1,1,1
474875,0,1,1,1,1,1,1,1
475000,0,1,1,1,1,1,1,1
475125,0,1,1,1,1,1,1,1
475250,0,1,1,1,1,1,1,1
475375,0,1,1,1,1,1,1,1
475500,0,1,1,1,1,1,1,1
475625,0,1,1,1,1,1,1,1
475750,0,1,1,1,1,1,1,1
475875,0,1,1,1,1,1,1,1
476000,0,1,1,1,1,1,1,1
476125,0,1,1,1,1,1,1,1
476250,0,1,1,1,1,1,1,1
476375,0,1,1,1,1,1,1,1
476500,0,1,1,1,1,1,1,1
476625,0,1,1,1,1,1,1,1
476750,0,1,1,1,1,1,1,1
476875,0,1,1,1,1,1,1,1
477000,0,1,1,1,1,1,1,1
477125,0,1,1,1,1,1,1,1
477250,0,1,1,1,1,1,1,1
477375,0,1,1,1,1,1,1,1
477500,0,1,1,1,1,1,1,1
477625,0,1,1,1,1,1,1,1
477750,0,1,1,1,1,1,1,1
477875,0,1,1,1,1,1,1,1
478000,0,1,1,1,1,1,1,1
478125,0,1,1,1,1,1,1,1
478250,0,1,1,1,1,1,1,1
478375,0,1,1,1,1,1,1,1
478500,0,1,1,1,1,1,1,1
478625,0,1,1,1,1,1,1,1
478750,0,1,1,1,1,1,1,1
478875,0,1,1,1,1,1,1,1
479000,0,1,1,1,1,1,1,1
479125,0,1,1,1,1,1,1,1
479250,0,1,1,1,1,1,1,1
479375,0,1,1,1,1,1,1,1
479500,0,1,1,1,1,1,1,1
479625,0,1,1,1,1,1,1,1
479750,0,1,1,1,1,1,1,1
479875,0,1,1,1,1,1,1,1
480000,0,1,1,1,1,1,1,1
480125,0,1,1,1,1,1,1,1
480250,0,1,1,1,1,1,1,1
480375,0,1,1,1,1,1,1,1
480500,0,1,1,1,1,1,1,1
480625,0,1,1,1,1,1,1,1
480750,0,1,1,1,1,1,1,1
480875,0,1,1,1,1,1,1,1
481000,0,1,1,1,1,1,1,1
481125,0,1,1,1,1,1,1,1
481250,0,1,1,1,1,1,1,1
481375,0,1,1,1,1,1,1,1
481500,0,1,1,1,1,1,1,1
481625,0,1,1,1,1,1,1,1
481750,0,1,1,1,1,1,1,1
481875,0,1,1,1,1,1,1,1
482000,0,1,1,1,1,1,1,1
482125,0,1,1,1,1,1,1,1
482250,0,1,1,1,1,1,1,1
482375,0,1,1,1,1,1,1,1
482500,0,1,1,1,1,1,1,1
482625,0,1,1,1,1,1,1,1
482750,0,1,1,1,1,1,1,1
482875,0,1,1,1,1,1,1,1
483000,0,1,1,1,1,1,1,1
483125,0,1,1,1,1,1,1,1
483250,0,1,1,1,1,1,1,1
483375,0,1,1,1,1,1,1,1
483500,0,1,1,1,1,1,1,1
483625,0,1,1,1,1,1,1,1
483750,0,1,1,1,1,1,1,1
483875,0,1,1,1,1,1,1,1
484000,0,1,1,1,1,1,1,1
484125,0,1,1,1,1,1,1,1
484250,0,1,1,1,1,1,1,1
484375,0,1,1,1,1,1,1,1
484500,0,1,1,1,1,1,1,1
484625,0,1,1,1,1,1,1,1
484750,0,1,1,1,1,1,1,1
484875,0,1,1,1,1,1,1,1
485000,0,1,1,1,1,1,1,1
485125,0,1,1,1,1,1,1,1
485250,0,1,1,1,1,1,1,1
485375,0,1,1,1,1,1,1,1
485500,0,1,1,1,1,1,1,1
485625,0,1,1,1,1,1,1,1
485750,0,1,1,1,1,1,1,1
485875,0,1,1,1,1,1,1,1
486000,0,1,1,1,1,1,1,1
486125,0,1,1,1,1,1,1,1
486250,0,1,1,1,1,1,1,1
486375,0,1,1,1,1,1,1,1
486500,0,1,1,1,1,1,1,1
486625,0,1,1,1,1,1,1,1
486750,0,1,1,1,1,1,1,1
486875,0,1,1,1,1,1,1,1
487000,0,1,1,1,1,1,1,1
487125,0,1,1,1,1,1,1,1
487250,0,1,1,1,1,1,1,1
487375,0,1,1,1,1,1,1,1
487500,0,1,1,1,1,1,1,1
487625,0,1,1,1,1,1,1,1
487750,0,1,1,1,1,1,1,1
487875,0,1,1,1,1,1,1,1
488000,0,1,1,1,1,1,1,1
488125,0,1,1,1,1,1,1,1
488250,0,1,1,1,1,1,1,1
488375,0,1,1,1,1,1,1,1
488500,0,1,1,1,1,1,1,1
488625,0,1,1,1,1,1,1,1
488750,0,1,1,1,1,1,1,1
488875,0,1,1,1,1,1,1,1
489000,0,1,1,1,1,1,1,1
489125,0,1,1,1,1,1,1,1
489250,0,1,1,1,1,1,1,1
489375,0,1,1,1,1,1,1,1
489500,0,1,1,1,1,1,1,1
489625,0,1,1,1,1,1,1,1
489750,0,1,1,1,1,1,1,1
489875,0,1,1,1,1,1,1,1
490000,0,1,1,1,1,1,1,1
490125,0,1,1,1,1,1,1,1
490250,0,1,1,1,1,1,1,1
490375,0,1,1,1,1,1,1,1
490500,0,1,1,1,1,1,1,1
490625,0,1,1,1,1,1,1,1
490750,0,1,1,1,1,1,1,1
490875,0,1,1,1,1,1,1,1
491000,0,1,1,1,1,1,1,1
491125,0,1,1,1,1,1,1,1
491250,0,1,1,1,1,1,1,1
491375,0,1,1,1,1,1,1,1
491500,0,1,1,1,1,1,1,1
491625,0,1,1,1,1,1,1,1
491750,0,1,1,1,1,1,1,1
491875,0,1,1,1,1,1,1,1
492000,0,1,1,1,1,1,1,1
492125,0,1,1,1,1,1,1,1
492250,0,1,1,1,1,1,1,1
492375,0,1,1,1,1,1,1,1
492500,0,1,1,1,1,1,1,1
492625,0,1,1,1,1,1,1,1
492750,0,1,1,1,1,1,1,1
492875,0,1,1,1,1,1,1,1
493000,0,1,1,1,1,1,1,1
493125,0,1,1,1,1,1,1,1
493250,0,1,1,1,1,1,1,1
493375,0,1,1,1,1,1,1,1
493500,0,1,1,1,1,1,1,1
493625,0,1,1,1,1,1,1,1
493750,0,1,1,1,1,1,1,1
493875,0,1,1,1,1,1,1,1
494000,0,1,1,1,1,1,1,1
494125,0,1,1,1,1,1,1,1
494250,0,1,1,1,1,1,1,1
494375,0,1,1,1,1,1,1,1
494500,0,1,1,1,1,1,1,1
494625,0,1,1,1,1,1,1,1
494750,0,1,1,1,1,1,1,1
494875,0,1,1,1,1,1,1,1
495000,0,1,1,1,1,1,1,1
495125,0,1,1,1,1,1,1,1
495250,0,1,1,1,1,1,1,1
495375,0,1,1,1,1,1,1,1
495500,0,1,1,1,1,1,1,1
495625,0,1,1,1,1,1,1,1
495750,0,1,1,1,1,1,1,1
495875,0,1,1,1,1,1,1,1
496000,0,1,1,1,1,1,1,1
496125,0,1,1,1,1,1,1,1
496250,0,1,1,1,1,1,1,1
496375,0,1,1,1,1,1,1,1
496500,0,1,1,1,1,1,1,1
496625,0,1,1,1,1,1,1,1
496750,0,1,1,1,1,1,1,1
496875,0,1,1,1,1,1,1,1
497000,0,1,1,1,1,1,1,1
497125,0,1,1,1,1,1,1,1
497250,0,1,1,1,1,1,1,1
497375,0,1,1,1,1,1,1,1
497500,0,1,1,1,1,1,1,1
497625,0,1,1,1,1,1,1,1
497750,0,1,1,1,1,1,1,1
497875,0,1,1,1,1,1,1,1
498000,0,1,1,1,1,1,1,1
498125,0,1,1,1,1,1,1,1
498250,0,1,1,1,1,1,1,1
498375,0,1,1,1,1,1,1,1
498500,0,1,1,1,1,1,1,1
498625,0,1,1,1,1,1,1,1
498750,0,1,1,1,1,1,1,1
498875,0,1,1,1,1,1,1,1
499000,0,1,1,1,1,1,1,1
499125,0,1,1,1,1,1,1,1
499250,0,1,1,1,1,1,1,1
499375,0,1,1,1,1,1,1,1
499500,0,1,1,1,1,1,1,1
499625,0,1,1,1,1,1,1,1
499750,0,1,1,1,1,1,1,1
499875,0,1,1,1,1,1,1,1
500000,0,1,1,1,1,1,1,1
500125,0,1,1,1,1,1,1,1
500250,0,1,1,1,1,1,1,1
500375,0,1,1,1,1,1,1,1
500500,0,1,1,1,1,1,1,1
500625,0,1,1,1,1,1,1,1
500750,0,1,1,1,1,1,1,1
500875,0,1,1,1,1,1,1,1
501000,0,1,1,1,1,1,1,1
501125,0,1,1,1,1,1,1,1
501250,0,1,1,1,1,1,1,1
501375,0,1,1,1,1,1,1,1
501500,0,1,1,1,1,1,1,1
501625,0,1,1,1,1,1,1,1
501750,0,1,1,1,1,1,1,1
501875,0,1,1,1,1,1,1,1
502000,0,1,1,1,1,1,1,1
502125,0,1,1,1,1,1,1,1
502250,0,1,1,1,1,1,1,1
502375,0,1,1,1,1,1,1,1
502500,0,1,1,1,1,1,1,1
502625,0,1,1,1,1,1,1,1
502750,0,1,1,1,1,1,1,1
502875,0,1,1,1,1,1,1,1
503000,0,1,1,1,1,1,1,1
503125,0,1,1,1,1,1,1,1
503250,0,1,1,1,1,1,1,1
503375,0,1,1,1,1,1,1,1
503500,0,1,1,1,1,1,1,1
503625,0,1,1,1,1,1,1,1
503750,0,1,1,1,1,1,1,1
503875,0,1,1,1,1,1,1,1
504000,0,1,1,1,1,1,1,1
504125,0,1,1,1,1,1,1,1
504250,0,1,1,1,1,1,1,1
504375,0,1,1,1,1,1,1,1
504500,0,1,1,1,1,1,1,1
504625,0,1,1,1,1,1,1,1
504750,0,1,1,1,1,1,1,1
504875,0,1,1,1,1,1,1,1
505000,0,1,1,1,1,1,1,1
505125,0,1,1,1,1,1,1,1
505250,0,1,1,1,1,1,1,1
505375,0,1,1,1,1,1,1,1
505500,0,1,1,1,1,1,1,1
505625,0,1,1,1,1,1,1,1
505750,0,1,1,1,1,1,1,1
505875,0,1,1,1,1,1,1,1
506000,0,1,1,1,1,1,1,1
506125,0,1,1,1,1,1,1,1
506250,0,1,1,1,1,1,1,1
506375,0,1,1,1,1,1,1,1
506500,0,1,1,1,1,1,1,1
506625,0,1,1,1,1,1,1,1
506750,0,1,1,1,1,1,1,1
506875,0,1,1,1,1,1,1,1
507000,0,1,1,1,1,1,1,1
507125,0,1,1,1,1,1,1,1
507250,0,1,1,1,1,1,1,1
507375,0,1,1,1,1,1,1,1
507500,0,1,1,1,1,1,1,1
507625,0,1,1,1,1,1,1,1
507750,0,1,1,1,1,1,1,1
507875,0,1,1,1,1,1,1,1
508000,0,1,1,1,1,1,1,1
508125,0,1,1,1,1,1,1,1
508250,0,1,1,1,1,1,1,1
508375,0,1,1,1,1,1,1,1
508500,0,1,1,1,1,1,1,1
508625,0,1,1,1,1,1,1,1
508750,0,1,1,1,1,1,1,1
508875,0,1,1,1,1,1,1,1
509000,0,1,1,1,1,1,1,1
509125,0,1,1,1,1,1,1,1
509250,0,1,1,1,1,1,1,1
509375,0,1,1,1,1,1,1,1
509500,0,1,1,1,1,1,1,1
509625,0,1,1,1,1,1,1,1
509750,0,1,1,1,1,1,1,1
509875,0,1,1,1,1,1,1,1
510000,0,1,1,1,1,1,1,1
510125,0,1,1,1,1,1,1,1
510250,0,1,1,1,1,1,1,1
510375,0,1,1,1,1,1,1,1
510500,0,1,1,1,1,1,1,1
510625,0,1,1,1,1,1,1,1
510750,0,1,1,1,1,1,1,1
510875,0,1,1,1,1,1,1,1
511000,0,1,1,1,1,1,1,1
511125,0,1,1,1,1,1,1,1
511250,0,1,1,1,1,1,1,1
511375,0,1,1,1,1,1,1,1
511500,0,1,1,1,1,1,1,1
511625,0,1,1,1,1,1,1,1
511750,0,1,1,1,1,1,1,1
511875,0,1,1,1,1,1,1,1
512000,0,1,1,1,1,1,1,1
512125,0,1,1,1,1,1,1,1
512250,0,1,1,1,1,1,1,1
512375,0,1,1,1,1,1,1,1
512500,0,1,1,1,1,1,1,1
512625,0,1,1,1,1,1,1,1
512750,0,1,1,1,1,1,1,1
512875,0,1,1,1,1,1,1,1
513000,0,1,1,1,1,1,1,1
513125,0,1,1,1,1,1,1,1
513250,0,1,1,1,1,1,1,1
513375,0,1,1,1,1,1,1,1
513500,0,1,1,1,1,1,1,1
513625,0,1,1,1,1,1,1,1
513750,0,1,1,1,1,1,1,1
513875,0,1,1,1,1,1,1,1
514000,0,1,1,1,1,1,1,1
514125,0,1,1,1,1,1,1,1
514250,0,1,1,1,1,1,1,1
514375,0,1,1,1,1,1,1,1
514500,0,1,1,1,1,1,1,1
514625,0,1,1,1,1,1,1,1
514750,0,1,1,1,1,1,1,1
514875,0,1,1,1,1,1,1,1
515000,0,1,1,1,1,1,1,1
515125,0,1,1,1,1,1,1,1
515250,0,1,1,1,1,1,1,1
515375,0,1,1,1,1,1,1,1
515500,0,1,1,1,1,1,1,1
515625,0,1,1,1,1,1,1,1
515750,0,1,1,1,1,1,1,1
515875,0,1,1,1,1,1,1,1
516000,0,1,1,1,1,1,1,1
516125,0,1,1,1,1,1,1,1
516250,0,1,1,1,1,1,1,1
516375,0,1,1,1,1,1,1,1
516500,0,1,1,1,1,1,1,1
516625,0,1,1,1,1,1,1,1
516750,0,1,1,1,1,1,1,1
516875,0,1,1,1,1,1,1,1
517000,0,1,1,1,1,1,1,1
517125,0,1,1,1,1,1,1,1
517250,0,1,1,1,1,1,1,1
517375,0,1,1,1,1,1,1,1
517500,0,1,1,1,1,1,1,1
517625,0,1,1,1,1,1,1,1
517750,0,1,1,1,1,1,1,1
517875,0,1,1,1,1,1,1,1
518000,0,1,1,1,1,1,1,1
518125,0,1,1,1,1,1,1,1
518250,0,1,1,1,1,1,1,1
518375,0,1,1,1,1,1,1,1
518500,0,1,1,1,1,1,1,1
518625,0,1,1,1,1,1,1,1
518750,0,1,1,1,1,1,1,1
518875,0,1,1,1,1,1,1,1
519000,0,1,1,1,1,1,1,1
519125,0,1,1,1,1,1,1,1
519250,0,1,1,1,1,1,1,1
519375,0,1,1,1,1,1,1,1
519500,0,1,1,1,1,1,1,1
519625,0,1,1,1,1,1,1,1
519750,0,1,1,1,1,1,1,1
519875,0,1,1,1,1,1,1,1
520000,0,1,1,1,1,1,1,1
520125,0,1,1,1,1,1,1,1
520250,0,1,1,1,1,1,1,1
520375,0,1,1,1,1,1,1,1
520500,0,1,1,1,1,1,1,1
520625,1,1,1,1,1,1,1,1
520750,1,1,1,1,1,1,1,1
520875,1,1,1,1,1,1,1,1
521000,1,1,1,1,1,1,1,1
521125,1,1,1,1,1,1,1,1
521250,1,1,1,1,1,1,1,1
521375,1,1,1,1,1,1,1,1
521500,1,1,1,1,1,1,1,1
521625,1,1,1,1,1,1,1,1
521750,1,1,1,1,1,1,1,1
521875,1,1,1,1,1,1,1,1
522000,1,1,1,1,1,1,1,1
522125,1,1,1,1,1,1,1,1
522250,1,1,1,1,1,1,1,1
522375,1,1,1,1,1,1,1,1
522500,1,1,1,1,1,1,1,1
522625,1,1,1,1,1,1,1,1
522750,1,1,1,1,1,1,1,1
522875,1,1,1,1,1,1,1,1
523000,1,1,1,1,1,1,1,1
523125,1,1,1,1,1,1,1,1
523250,1,1,1,1,1,1,1,1
523375,1,1,1,1,1,1,1,1
523500,1,1,1,1,1,1,1,1
523625,1,1,1,1,1,1,1,1
523750,1,1,1,1,1,1,1,1
523875,1,1,1,1,1,1,1,1
524000,1,1,1,1,1,1,1,1
524125,1,1,1,1,1,1,1,1
524250,1,1,1,1,1,1,1,1
524375,1,1,1,1,1,1,1,1
524500,1,1,1,1,1,1,1,1
524625,1,1,1,1,1,1,1,1
524750,1,1,1,1,1,1,1,1
524875,1,1,1,1,1,1,1,1
525000,1,1,1,1,1,1,1,1
525125,1,1,1,1,1,1,1,1
525250,1,1,1,1,1,1,1,1
525375,1,1,1,1,1,1,1,1
525500,1,1,1,1,1,1,1,1
525625,1,1,1,1,1,1,1,1
525750,1,1,1,1,1,1,1,1
525875,1,1,1,1,1,1,1,1
526000,1,1,1,1,1,1,1,1
526125,1,1,1,1,1,1,1,1
526250,1,1,1,1,1,1,1,1
526375,1,1,1,1,1,1,1,1
526500,1,1,1,1,1,1,1,1
526625,1,1,1,1,1,1,1,1
526750,1,1,1,1,1,1,1,1
526875,1,1,1,1,1,1,1,1
527000,1,1,1,1,1,1,1,1
527125,1,1,1,1,1,1,1,1
527250,1,1,1,1,1,1,1,1
527375,1,1,1,1,1,1,1,1
527500,1,1,1,1,1,1,1,1
527625,1,1,1,1,1,1,1,1
527750,1,1,1,1,1,1,1,1
527875,1,1,1,1,1,1,1,1
528000,1,1,1,1,1,1,1,1
528125,1,1,1,1,1,1,1,1
528250,1,1,1,1,1,1,1,1
528375,1,1,1,1,1,1,1,1
528500,1,1,1,1,1,1,1,1
528625,1,1,1,1,1,1,1,1
528750,1,1,1,1,1,1,1,1
528875,1,1,1,1,1,1,1,1
529000,1,1,1,1,1,1,1,1
529125,1,1,1,1,1,1,1,1
529250,1,1,1,1,1,1,1,1
529375,1,1,1,1,1,1,1,1
529500,1,1,1,1,1,1,1,1
529625,1,1,1,1,1,1,1,1
529750,1,1,1,1,1,1,1,1
529875,1,1,1,1,1,1,1,1
530000,1,1,1,1,1,1,1,1
530125,1,1,1,1,1,1,1,1
530250,1,1,1,1,1,1,1,1
530375,1,1,1,1,1,1,1,1
530500,1,1,1,1,1,1,1,1
530625,1,1,1,1,1,1,1,1
530750,1,1,1,1,1,1,1,1
530875,1,1,1,1,1,1,1,1
531000,1,1,1,1,1,1,1,1
531125,1,1,1,1,1,1,1,1
531250,1,1,1,1,1,1,1,1
531375,1,1,1,1,1,1,1,1
531500,1,1,1,1,1,1,1,1
531625,1,1,1,1,1,1,1,1
531750,1,1,1,1,1,1,1,1
531875,1,1,1,1,1,1,1,1
532000,1,1,1,1,1,1,1,1
532125,1,1,1,1,1,1,1,1
532250,1,1,1,1,1,1,1,1
532375,1,1,1,1,1,1,1,1
532500,1,1,1,1,1,1,1,1
532625,1,1,1,1,1,1,1,1
532750,1,1,1,1,1,1,1,1
532875,1,1,1,1,1,1,1,1
533000,1,1,1,1,1,1,1,1
533125,1,1,1,1,1,1,1,1
533250,1,1,1,1,1,1,1,1
533375,1,1,1,1,1,1,1,1
533500,1,1,1,1,1,1,1,1
533625,1,1,1,1,1,1,1,1
533750,1,1,1,1,1,1,1,1
533875,1,1,1,1,1,1,1,1
534000,1,1,1,1,1,1,1,1
534125,1,1,1,1,1,1,1,1
534250,1,1,1,1,1,1,1,1
534375,1,1,1,1,1,1,1,1
534500,1,1,1,1,1,1,1,1
534625,1,1,1,1,1,1,1,1
534750,1,1,1,1,1,1,1,1
534875,1,1,1,1,1,1,1,1
535000,1,1,1,1,1,1,1,1
535125,1,1,1,1,1,1,1,1
535250,1,1,1,1,1,1,1,1
535375,1,1,1,1,1,1,1,1
535500,1,1,1,1,1,1,1,1
535625,1,1,1,1,1,1,1,1
535750,1,1,1,1,1,1,1,1
535875,1,1,1,1,1,1,1,1
536000,1,1,1,1,1,1,1,1
536125,1,1,1,1,1,1,1,1
536250,1,1,1,1,1,1,1,1
536375,1,1,1,1,1,1,1,1
536500,1,1,1,1,1,1,1,1
536625,1,1,1,1,1,1,1,1
536750,1,1,1,1,1,1,1,1
536875,1,1,1,1,1,1,1,1
537000,1,1,1,1,1,1,1,1
537125,1,1,1,1,1,1,1,1
537250,1,1,1,1,1,1,1,1
537375,1,1,1,1,1,1,1,1
537500,1,1,1,1,1,1,1,1
537625,1,1,1,1,1,1,1,1
537750,1,1,1,1,1,1,1,1
537875,1,1,1,1,1,1,1,1
538000,1,1,1,1,1,1,1,1
538125,1,1,1,1,1,1,1,1
538250,1,1,1,1,1,1,1,1
538375,1,1,1,1,1,1,1,1
538500,1,1,1,1,1,1,1,1
538625,1,1,1,1,1,1,1,1
538750,1,1,1,1,1,1,1,1
538875,1,1,1,1,1,1,1,1
539000,1,1,1,1,1,1,1,1
539125,1,1,1,1,1,1,1,1
539250,1,1,1,1,1,1,1,1
539375,1,1,1,1,1,1,1,1
539500,1,1,1,1,1,1,1,1
539625,1,1,1,1,1,1,1,1
539750,1,1,1,1,1,1,1,1
539875,1,1,1,1,1,1,1,1
540000,1,1,1,1,1,1,1,1
540125,1,1,1,1,1,1,1,1
540250,1,1,1,1,1,1,1,1
540375,1,1,1,1,1,1,1,1
540500,1,1,1,1,1,1,1,1
540625,1,1,1,1,1,1,1,1
540750,1,1,1,1,1,1,1,1
540875,1,1,1,1,1,1,1,1
541000,1,1,1,1,1,1,1,1
541125,1,1,1,1,1,1,1,1
541250,1,1,1,1,1,1,1,1
541375,1,1,1,1,1,1,1,1
541500,1,1,1,1,1,1,1,1
541625,1,1,1,1,1,1,1,1
541750,1,1,1,1,1,1,1,1
541875,1,1,1,1,1,1,1,1
542000,1,1,1,1,1,1,1,1
542125,1,1,1,1,1,1,1,1
542250,1,1,1,1,1,1,1,1
542375,1,1,1,1,1,1,1,1
542500,1,1,1,1,1,1,1,1
542625,1,1,1,1,1,1,1,1
542750,1,1,1,1,1,1,1,1
542875,1,1,1,1,1,1,1,1
543000,1,1,1,1,1,1,1,1
543125,1,1,1,1,1,1,1,1
543250,1,1,1,1,1,1,1,1
543375,1,1,1,1,1,1,1,1
543500,1,1,1,1,1,1,1,1
543625,1,1,1,1,1,1,1,1
543750,1,1,1,1,1,1,1,1
543875,1,1,1,1,1,1,1,1
544000,1,1,1,1,1,1,1,1
544125,1,1,1,1,1,1,1,1
544250,1,1,1,1,1,1,1,1
544375,1,1,1,1,1,1,1,1
544500,1,1,1,1,1,1,1,1
544625,1,1,1,1,1,1,1,1
544750,1,1,1,1,1,1,1,1
544875,1,1,1,1,1,1,1,1
545000,1,1,1,1,1,1,1,1
545125,1,1,1,1,1,1,1,1
545250,1,1,1,1,1,1,1,1
545375,1,1,1,1,1,1,1,1
545500,1,1,1,1,1,1,1,1
545625,1,1,1,1,1,1,1,1
545750,1,1,1,1,1,1,1,1
545875,1,1,1,1,1,1,1,1
546000,1,1,1,1,1,1,1,1
546125,1,1,1,1,1,1,1,1
546250,1,1,1,1,1,1,1,1
546375,1,1,1,1,1,1,1,1
546500,1,1,1,1,1,1,1,1
546625,1,1,1,1,1,1,1,1
546750,1,1,1,1,1,1,1,1
546875,1,1,1,1,1,1,1,1
547000,1,1,1,1,1,1,1,1
547125,1,1,1,1,1,1,1,1
547250,1,1,1,1,1,1,1,1
547375,1,1,1,1,1,1,1,1
547500,1,1,1,1,1,1,1,1
547625,1,1,1,1,1,1,1,1
547750,1,1,1,1,1,1,1,1
547875,1,1,1,1,1,1,1,1
548000,1,1,1,1,1,1,1,1
548125,1,1,1,1,1,1,1,1
548250,1,1,1,1,1,1,1,1
548375,1,1,1,1,1,1,1,1
548500,1,1,1,1,1,1,1,1
548625,1,1,1,1,1,1,1,1
548750,1,1,1,1,1,1,1,1
548875,1,1,1,1,1,1,1,1
549000,1,1,1,1,1,1,1,1
549125,1,1,1,1,1,1,1,1
549250,1,1,1,1,1,1,1,1
549375,1,1,1,1,1,1,1,1
549500,1,1,1,1,1,1,1,1
549625,1,1,1,1,1,1,1,1
549750,1,1,1,1,1,1,1,1
549875,1,1,1,1,1,1,1,1
550000,1,1,1,1,1,1,1,1
550125,1,1,1,1,1,1,1,1
550250,1,1,1,1,1,1,1,1
550375,1,1,1,1,1,1,1,1
550500,1,1,1,1,1,1,1,1
550625,1,1,1,1,1,1,1,1
550750,1,1,1,1,1,1,1,1
550875,1,1,1,1,1,1,1,1
551000,1,1,1,1,1,1,1,1
551125,1,1,1,1,1,1,1,1
551250,1,1,1,1,1,1,1,1
551375,1,1,1,1,1,1,1,1
551500,1,1,1,1,1,1,1,1
551625,1,1,1,1,1,1,1,1
551750,1,1,1,1,1,1,1,1
551875,1,1,1,1,1,1,1,1
552000,1,1,1,1,1,1,1,1
552125,1,1,1,1,1,1,1,1
552250,1,1,1,1,1,1,1,1
552375,1,1,1,1,1,1,1,1
552500,1,1,1,1,1,1,1,1
552625,1,1,1,1,1,1,1,1
552750,1,1,1,1,1,1,1,1
552875,1,1,1,1,1,1,1,1
553000,1,1,1,1,1,1,1,1
553125,1,1,1,1,1,1,1,1
553250,1,1,1,1,1,1,1,1
553375,1,1,1,1,1,1,1,1
553500,1,1,1,1,1,1,1,1
553625,1,1,1,1,1,1,1,1
553750,1,1,1,1,1,1,1,1
553875,1,1,1,1,1,1,1,1
554000,1,1,1,1,1,1,1,1
554125,1,1,1,1,1,1,1,1
554250,1,1,1,1,1,1,1,1
554375,1,1,1,1,1,1,1,1
554500,1,1,1,1,1,1,1,1
554625,1,1,1,1,1,1,1,1
554750,1,1,1,1,1,1,1,1
554875,1,1,1,1,1,1,1,1
555000,1,1,1,1,1,1,1,1
555125,1,1,1,1,1,1,1,1
555250,1,1,1,1,1,1,1,1
555375,1,1,1,1,1,1,1,1
555500,1,1,1,1,1,1,1,1
555625,1,1,1,1,1,1,1,1
555750,1,1,1,1,1,1,1,1
555875,1,1,1,1,1,1,1,1
556000,1,1,1,1,1,1,1,1
556125,1,1,1,1,1,1,1,1
556250,1,1,1,1,1,1,1,1
556375,1,1,1,1,1,1,1,1
556500,1,1,1,1,1,1,1,1
556625,1,1,1,1,1,1,1,1
556750,1,1,1,1,1,1,1,1
556875,1,1,1,1,1,1,1,1
557000,1,1,1,1,1,1,1,1
557125,1,1,1,1,1,1,1,1
557250,1,1,1,1,1,1,1,1
557375,1,1,1,1,1,1,1,1
557500,1,1,1,1,1,1,1,1
557625,1,1,1,1,1,1,1,1
557750,1,1,1,1,1,1,1,1
557875,1,1,1,1,1,1,1,1
558000,1,1,1,1,1,1,1,1
558125,1,1,1,1,1,1,1,1
558250,1,1,1,1,1,1,1,1
558375,1,1,1,1,1,1,1,1
558500,1,1,1,1,1,1,1,1
558625,1,1,1,1,1,1,1,1
558750,1,1,1,1,1,1,1,1
558875,1,1,1,1,1,1,1,1
559000,1,1,1,1,1,1,1,1
559125,1,1,1,1,1,1,1,1
559250,1,1,1,1,1,1,1,1
559375,1,1,1,1,1,1,1,1
559500,1,1,1,1,1,1,1,1
559625,1,1,1,1,1,1,1,1
559750,1,1,1,1,1,1,1,1
559875,1,1,1,1,1,1,1,1
560000,1,1,1,1,1,1,1,1
560125,1,1,1,1,1,1,1,1
560250,1,1,1,1,1,1,1,1
560375,1,1,1,1,1,1,1,1
560500,1,1,1,1,1,1,1,1
560625,1,1,1,1,1,1,1,1
560750,1,1,1,1,1,1,1,1
560875,1,1,1,1,1,1,1,1
561000,1,1,1,1,1,1,1,1
561125,1,1,1,1,1,1,1,1
561250,1,1,1,1,1,1,1,1
561375,1,1,1,1,1,1,1,1
561500,1,1,1,1,1,1,1,1
561625,1,1,1,1,1,1,1,1
561750,1,1,1,1,1,1,1,1
561875,1,1,1,1,1,1,1,1
562000,1,1,1,1,1,1,1,1
562125,1,1,1,1,1,1,1,1
562250,1,1,1,1,1,1,1,1
562375,1,1,1,1,1,1,1,1
562500,1,1,1,1,1,1,1,1
562625,1,1,1,1,1,1,1,1
562750,1,1,1,1,1,1,1,1
562875,1,1,1,1,1,1,1,1
563000,1,1,1,1,1,1,1,1
563125,1,1,1,1,1,1,1,1
563250,1,1,1,1,1,1,1,1
563375,1,1,1,1,1,1,1,1
563500,1,1,1,1,1,1,1,1
563625,1,1,1,1,1,1,1,1
563750,1,1,1,1,1,1,1,1
563875,1,1,1,1,1,1,1,1
564000,1,1,1,1,1,1,1,1
564125,1,1,1,1,1,1,1,1
564250,1,1,1,1,1,1,1,1
564375,1,1,1,1,1,1,1,1
564500,1,1,1,1,1,1,1,1
564625,1,1,1,1,1,1,1,1
564750,1,1,1,1,1,1,1,1
564875,1,1,1,1,1,1,1,1
565000,1,1,1,1,1,1,1,1
565125,1,1,1,1,1,1,1,1
565250,1,1,1,1,1,1,1,1
565375,1,1,1,1,1,1,1,1
565500,1,1,1,1,1,1,1,1
565625,1,1,1,1,1,1,1,1
565750,1,1,1,1,1,1,1,1
565875,1,1,1,1,1,1,1,1
566000,1,1,1,1,1,1,1,1
566125,1,1,1,1,1,1,1,1
566250,1,1,1,1,1,1,1,1
566375,1,1,1,1,1,1,1,1
566500,1,1,1,1,1,1,1,1
566625,1,1,1,1,1,1,1,1
566750,1,1,1,1,1,1,1,1
566875,1,1,1,1,1,1,1,1
567000,1,1,1,1,1,1,1,1
567125,1,1,1,1,1,1,1,1
567250,1,1,1,1,1,1,1,1
567375,1,1,1,1,1,1,1,1
567500,1,1,1,1,1,1,1,1
567625,1,1,1,1,1,1,1,1
567750,1,1,1,1,1,1,1,1
567875,1,1,1,1,1,1,1,1
568000,1,1,1,1,1,1,1,1
568125,1,1,1,1,1,1,1,1
568250,1,1,1,1,1,1,1,1
568375,1,1,1,1,1,1,1,1
568500,1,1,1,1,1,1,1,1
568625,1,1,1,1,1,1,1,1
568750,1,1,1,1,1,1,1,1
568875,1,1,1,1,1,1,1,1
569000,1,1,1,1,1,1,1,1
569125,1,1,1,1,1,1,1,1
569250,1,1,1,1,1,1,1,1
569375,1,1,1,1,1,1,1,1
569500,1,1,1,1,1,1,1,1
569625,1,1,1,1,1,1,1,1
569750,1,1,1,1,1,1,1,1
569875,1,1,1,1,1,1,1,1
570000,1,1,1,1,1,1,1,1
570125,1,1,1,1,1,1,1,1
570250,1,1,1,1,1,1,1,1
570375,1,1,1,1,1,1,1,1
570500,1,1,1,1,1,1,1,1
570625,1,1,1,1,1,1,1,1
570750,1,1,1,1,1,1,1,1
570875,1,1,1,1,1,1,1,1
571000,1,1,1,1,1,1,1,1
571125,1,1,1,1,1,1,1,1
571250,1,1,1,1,1,1,1,1
571375,1,1,1,1,1,1,1,1
571500,1,1,1,1,1,1,1,1
571625,1,1,1,1,1,1,1,1
571750,1,1,1,1,1,1,1,1
571875,1,1,1,1,1,1,1,1
572000,1,1,1,1,1,1,1,1
572125,1,1,1,1,1,1,1,1
572250,1,1,1,1,1,1,1,1
572375,1,1,1,1,1,1,1,1
572500,1,1,1,1,1,1,1,1
572625,1,1,1,1,1,1,1,1
572750,1,1,1,1,1,1,1,1
572875,1,1,1,1,1,1,1,1
573000,1,1,1,1,1,1,1,1
573125,1,1,1,1,1,1,1,1
573250,1,1,1,1,1,1,1,1
573375,1,1,1,1,1,1,1,1
573500,1,1,1,1,1,1,1,1
573625,1,1,1,1,1,1,1,1
573750,1,1,1,1,1,1,1,1
573875,1,1,1,1,1,1,1,1
574000,1,1,1,1,1,1,1,1
574125,1,1,1,1,1,1,1,1
574250,1,1,1,1,1,1,1,1
574375,1,1,1,1,1,1,1,1
574500,1,1,1,1,1,1,1,1
574625,1,1,1,1,1,1,1,1
574750,1,1,1,1,1,1,1,1
574875,1,1,1,1,1,1,1,1
575000,1,1,1,1,1,1,1,1
575125,1,1,1,1,1,1,1,1
575250,1,1,1,1,1,1,1,1
575375,1,1,1,1,1,1,1,1
575500,1,1,1,1,1,1,1,1
575625,1,1,1,1,1,1,1,1
575750,1,1,1,1,1,1,1,1
575875,1,1,1,1,1,1,1,1
576000,1,1,1,1,1,1,1,1
576125,1,1,1,1,1,1,1,1
576250,1,1,1,1,1,1,1,1
576375,1,1,1,1,1,1,1,1
576500,1,1,1,1,1,1,1,1
576625,1,1,1,1,1,1,1,1
576750,1,1,1,1,1,1,1,1
576875,1,1,1,1,1,1,1,1
577000,1,1,1,1,1,1,1,1
577125,1,1,1,1,1,1,1,1
577250,1,1,1,1,1,1,1,1
577375,1,1,1,1,1,1,1,1
577500,1,1,1,1,1,1,1,1
577625,1,1,1,1,1,1,1,1
577750,1,1,1,1,1,1,1,1
577875,1,1,1,1,1,1,1,1
578000,1,1,1,1,1,1,1,1
578125,1,1,1,1,1,1,1,1
578250,1,1,1,1,1,1,1,1
578375,1,1,1,1,1,1,1,1
578500,1,1,1,1,1,1,1,1
578625,1,1,1,1,1,1,1,1
578750,1,1,1,1,1,1,1,1
578875,1,1,1,1,1,1,1,1
579000,1,1,1,1,1,1,1,1
579125,1,1,1,1,1,1,1,1
579250,1,1,1,1,1,1,1,1
579375,1,1,1,1,1,1,1,1
579500,1,1,1,1,1,1,1,1
579625,1,1,1,1,1,1,1,1
579750,1,1,1,1,1,1,1,1
579875,1,1,1,1,1,1,1,1
580000,1,1,1,1,1,1,1,1
580125,1,1,1,1,1,1,1,1
580250,1,1,1,1,1,1,1,1
580375,1,1,1,1,1,1,1,1
580500,1,1,1,1,1,1,1,1
580625,1,1,1,1,1,1,1,1
580750,1,1,1,1,1,1,1,1
580875,1,1,1,1,1,1,1,1
581000,1,1,1,1,1,1,1,1
581125,1,1,1,1,1,1,1,1
581250,1,1,1,1,1,1,1,1
581375,1,1,1,1,1,1,1,1
581500,1,1,1,1,1,1,1,1
581625,1,1,1,1,1,1,1,1
581750,1,1,1,1,1,1,1,1
581875,1,1,1,1,1,1,1,1
582000,1,1,1,1,1,1,1,1
582125,1,1,1,1,1,1,1,1
582250,1,1,1,1,1,1,1,1
582375,1,1,1,1,1,1,1,1
582500,1,1,1,1,1,1,1,1
582625,1,1,1,1,1,1,1,1
582750,1,1,1,1,1,1,1,1
582875,1,1,1,1,1,1,1,1
583000,1,1,1,1,1,1,1,1
583125,1,1,1,1,1,1,1,1
583250,1,1,1,1,1,1,1,1
583375,1,1,1,1,1,1,1,1
583500,1,1,1,1,1,1,1,1
583625,1,1,1,1,1,1,1,1
583750,1,1,1,1,1,1,1,1
583875,1,1,1,1,1,1,1,1
584000,1,1,1,1,1,1,1,1
584125,1,1,1,1,1,1,1,1
584250,1,1,1,1,1,1,1,1
584375,1,1,1,1,1,1,1,1
584500,1,1,1,1,1,1,1,1
584625,1,1,1,1,1,1,1,1
584750,1,1,1,1,1,1,1,1
584875,1,1,1,1,1,1,1,1
585000,1,1,1,1,1,1,1,1
585125,1,1,1,1,1,1,1,1
585250,1,1,1,1,1,1,1,1
585375,1,1,1,1,1,1,1,1
585500,1,1,1,1,1,1,1,1
585625,1,1,1,1,1,1,1,1
585750,1,1,1,1,1,1,1,1
585875,1,1,1,1,1,1,1,1
586000,1,1,1,1,1,1,1,1
586125,1,1,1,1,1,1,1,1
586250,1,1,1,1,1,1,1,1
586375,1,1,1,1,1,1,1,1
586500,1,1,1,1,1,1,1,1
586625,1,1,1,1,1,1,1,1
586750,1,1,1,1,1,1,1,1
586875,1,1,1,1,1,1,1,1
587000,1,1,1,1,1,1,1,1
587125,1,1,1,1,1,1,1,1
587250,1,1,1,1,1,1,1,1
587375,1,1,1,1,1,1,1,1
587500,1,1,1,1,1,1,1,1
587625,1,1,1,1,1,1,1,1
587750,1,1,1,1,1,1,1,1
587875,1,1,1,1,1,1,1,1
588000,1,1,1,1,1,1,1,1
588125,1,1,1,1,1,1,1,1
588250,1,1,1,1,1,1,1,1
588375,1,1,1,1,1,1,1,1
588500,1,1,1,1,1,1,1,1
588625,1,1,1,1,1,1,1,1
588750,1,1,1,1,1,1,1,1
588875,1,1,1,1,1,1,1,1
589000,1,1,1,1,1,1,1,1
589125,1,1,1,1,1,1,1,1
589250,1,1,1,1,1,1,1,1
589375,1,1,1,1,1,1,1,1
589500,1,1,1,1,1,1,1,1
589625,1,1,1,1,1,1,1,1
589750,1,1,1,1,1,1,1,1
589875,1,1,1,1,1,1,1,1
590000,1,1,1,1,1,1,1,1
590125,1,1,1,1,1,1,1,1
590250,1,1,1,1,1,1,1,1
590375,1,1,1,1,1,1,1,1
590500,1,1,1,1,1,1,1,1
590625,1,1,1,1,1,1,1,1
590750,1,1,1,1,1,1,1,1
590875,1,1,1,1,1,1,1,1
591000,1,1,1,1,1,1,1,1
591125,1,1,1,1,1,1,1,1
591250,1,1,1,1,1,1,1,1
591375,1,1,1,1,1,1,1,1
591500,1,1,1,1,1,1,1,1
591625,1,1,1,1,1,1,1,1
591750,1,1,1,1,1,1,1,1
591875,1,1,1,1,1,1,1,1
592000,1,1,1,1,1,1,1,1
592125,1,1,1,1,1,1,1,1
592250,1,1,1,1,1,1,1,1
592375,1,1,1,1,1,1,1,1
592500,1,1,1,1,1,1,1,1
592625,1,1,1,1,1,1,1,1
592750,1,1,1,1,1,1,1,1
592875,1,1,1,1,1,1,1,1
593000,1,1,1,1,1,1,1,1
593125,1,1,1,1,1,1,1,1
593250,1,1,1,1,1,1,1,1
593375,1,1,1,1,1,1,1,1
593500,1,1,1,1,1,1,1,1
593625,1,1,1,1,1,1,1,1
593750,1,1,1,1,1,1,1,1
593875,1,1,1,1,1,1,1,1
594000,1,1,1,1,1,1,1,1
594125,1,1,1,1,1,1,1,1
594250,1,1,1,1,1,1,1,1
594375,1,1,1,1,1,1,1,1
594500,1,1,1,1,1,1,1,1
594625,1,1,1,1,1,1,1,1
594750,1,1,1,1,1,1,1,1
594875,1,1,1,1,1,1,1,1
595000,1,1,1,1,1,1,1,1
595125,1,1,1,1,1,1,1,1
595250,1,1,1,1,1,1,1,1
595375,1,1,1,1,1,1,1,1
595500,1,1,1,1,1,1,1,1
595625,1,1,1,1,1,1,1,1
595750,1,1,1,1,1,1,1,1
595875,1,1,1,1,1,1,1,1
596000,1,1,1,1,1,1,1,1
596125,1,1,1,1,1,1,1,1
596250,1,1,1,1,1,1,1,1
596375,1,1,1,1,1,1,1,1
596500,1,1,1,1,1,1,1,1
596625,1,1,1,1,1,1,1,1
596750,1,1,1,1,1,1,1,1
596875,1,1,1,1,1,1,1,1
597000,1,1,1,1,1,1,1,1
597125,1,1,1,1,1,1,1,1
597250,1,1,1,1,1,1,1,1
597375,1,1,1,1,1,1,1,1
597500,1,1,1,1,1,1,1,1
597625,1,1,1,1,1,1,1,1
597750,1,1,1,1,1,1,1,1
597875,1,1,1,1,1,1,1,1
598000,1,1,1,1,1,1,1,1
598125,1,1,1,1,1,1,1,1
598250,1,1,1,1,1,1,1,1
598375,1,1,1,1,1,1,1,1
598500,1,1,1,1,1,1,1,1
598625,1,1,1,1,1,1,1,1
598750,1,1,1,1,1,1,1,1
598875,1,1,1,1,1,1,1,1
599000,1,1,1,1,1,1,1,1
599125,1,1,1,1,1,1,1,1
599250,1,1,1,1,1,1,1,1
599375,1,1,1,1,1,1,1,1
599500,1,1,1,1,1,1,1,1
599625,1,1,1,1,1,1,1,1
599750,1,1,1,1,1,1,1,1
599875,1,1,1,1,1,1,1,1
600000,1,1,1,1,1,1,1,1
600125,1,1,1,1,1,1,1,1
600250,1,1,1,1,1,1,1,1
600375,1,1,1,1,1,1,1,1
600500,1,1,1,1,1,1,1,1
600625,1,1,1,1,1,1,1,1
600750,1,1,1,1,1,1,1,1
600875,1,1,1,1,1,1,1,1
601000,1,1,1,1,1,1,1,1
601125,1,1,1,1,1,1,1,1
601250,1,1,1,1,1,1,1,1
601375,1,1,1,1,1,1,1,1
601500,1,1,1,1,1,1,1,1
601625,1,1,1,1,1,1,1,1
601750,1,1,1,1,1,1,1,1
601875,1,1,1,1,1,1,1,1
602000,1,1,1,1,1,1,1,1
602125,1,1,1,1,1,1,1,1
602250,1,1,1,1,1,1,1,1
602375,1,1,1,1,1,1,1,1
602500,1,1,1,1,1,1,1,1
602625,1,1,1,1,1,1,1,1
602750,1,1,1,1,1,1,1,1
602875,1,1,1,1,1,1,1,1
603000,1,1,1,1,1,1,1,1
603125,1,1,1,1,1,1,1,1
603250,1,1,1,1,1,1,1,1
603375,1,1,1,1,1,1,1,1
603500,1,1,1,1,1,1,1,1
603625,1,1,1,1,1,1,1,1
603750,1,1,1,1,1,1,1,1
603875,1,1,1,1,1,1,1,1
604000,1,1,1,1,1,1,1,1
604125,1,1,1,1,1,1,1,1
604250,1,1,1,1,1,1,1,1
604375,1,1,1,1,1,1,1,1
604500,1,1,1,1,1,1,1,1
604625,1,1,1,1,1,1,1,1
604750,1,1,1,1,1,1,1,1
604875,1,1,1,1,1,1,1,1
605000,1,1,1,1,1,1,1,1
605125,1,1,1,1,1,1,1,1
605250,1,1,1,1,1,1,1,1
605375,1,1,1,1,1,1,1,1
605500,1,1,1,1,1,1,1,1
605625,1,1,1,1,1,1,1,1
605750,1,1,1,1,1,1,1,1
605875,1,1,1,1,1,1,1,1
606000,1,1,1,1,1,1,1,1
606125,1,1,1,1,1,1,1,1
606250,1,1,1,1,1,1,1,1
606375,1,1,1,1,1,1,1,1
606500,1,1,1,1,1,1,1,1
606625,1,1,1,1,1,1,1,1
606750,1,1,1,1,1,1,1,1
606875,1,1,1,1,1,1,1,1
607000,1,1,1,1,1,1,1,1
607125,1,1,1,1,1,1,1,1
607250,1,1,1,1,1,1,1,1
607375,1,1,1,1,1,1,1,1
607500,1,1,1,1,1,1,1,1
607625,1,1,1,1,1,1,1,1
607750,1,1,1,1,1,1,1,1
607875,1,1,1,1,1,1,1,1
608000,1,1,1,1,1,1,1,1
608125,1,1,1,1,1,1,1,1
608250,1,1,1,1,1,1,1,1
608375,1,1,1,1,1,1,1,1
608500,1,1,1,1,1,1,1,1
608625,1,1,1,1,1,1,1,1
608750,1,1,1,1,1,1,1,1
608875,1,1,1,1,1,1,1,1
609000,1,1,1,1,1,1,1,1
609125,1,1,1,1,1,1,1,1
609250,1,1,1,1,1,1,1,1
609375,1,1,1,1,1,1,1,1
609500,1,1,1,1,1,1,1,1
609625,1,1,1,1,1,1,1,1
609750,1,1,1,1,1,1,1,1
609875,1,1,1,1,1,1,1,1
610000,1,1,1,1,1,1,1,1
610125,1,1,1,1,1,1,1,1
610250,1,1,1,1,1,1,1,1
610375,1,1,1,1,1,1,1,1
610500,1,1,1,1,1,1,1,1
610625,1,1,1,1,1,1,1,1
610750,1,1,1,1,1,1,1,1
610875,1,1,1,1,1,1,1,1
611000,1,1,1,1,1,1,1,1
611125,1,1,1,1,1,1,1,1
611250,1,1,1,1,1,1,1,1
611375,1,1,1,1,1,1,1,1
611500,1,1,1,1,1,1,1,1
611625,1,1,1,1,1,1,1,1
611750,1,1,1,1,1,1,1,1
611875,1,1,1,1,1,1,1,1
612000,1,1,1,1,1,1,1,1
612125,1,1,1,1,1,1,1,1
612250,1,1,1,1,1,1,1,1
612375,1,1,1,1,1,1,1,1
612500,1,1,1,1,1,1,1,1
612625,1,1,1,1,1,1,1,1
612750,1,1,1,1,1,1,1,1
612875,1,1,1,1,1,1,1,1
613000,1,1,1,1,1,1,1,1
613125,1,1,1,1,1,1,1,1
613250,1,1,1,1,1,1,1,1
613375,1,1,1,1,1,1,1,1
613500,1,1,1,1,1,1,1,1
613625,1,1,1,1,1,1,1,1
613750,1,1,1,1,1,1,1,1
613875,1,1,1,1,1,1,1,1
614000,1,1,1,1,1,1,1,1
614125,1,1,1,1,1,1,1,1
614250,1,1,1,1,1,1,1,1
614375,1,1,1,1,1,1,1,1
614500,1,1,1,1,1,1,1,1
614625,1,1,1,1,1,1,1,1
614750,1,1,1,1,1,1,1,1
614875,1,1,1,1,1,1,1,1
615000,1,1,1,1,1,1,1,1
615125,1,1,1,1,1,1,1,1
615250,1,1,1,1,1,1,1,1
615375,1,1,1,1,1,1,1,1
615500,1,1,1,1,1,1,1,1
615625,1,1,1,1,1,1,1,1
615750,1,1,1,1,1,1,1,1
615875,1,1,1,1,1,1,1,1
616000,1,1,1,1,1,1,1,1
616125,1,1,1,1,1,1,1,1
616250,1,1,1,1,1,1,1,1
616375,1,1,1,1,1,1,1,1
616500,1,1,1,1,1,1,1,1
616625,1,1,1,1,1,1,1,1
616750,1,1,1,1,1,1,1,1
616875,1,1,1,1,1,1,1,1
617000,1,1,1,1,1,1,1,1
617125,1,1,1,1,1,1,1,1
617250,1,1,1,1,1,1,1,1
617375,1,1,1,1,1,1,1,1
617500,1,1,1,1,1,1,1,1
617625,1,1,1,1,1,1,1,1
617750,1,1,1,1,1,1,1,1
617875,1,1,1,1,1,1,1,1
618000,1,1,1,1,1,1,1,1
618125,1,1,1,1,1,1,1,1
618250,1,1,1,1,1,1,1,1
618375,1,1,1,1,1,1,1,1
618500,1,1,1,1,1,1,1,1
618625,1,1,1,1,1,1,1,1
618750,1,1,1,1,1,1,1,1
618875,1,1,1,1,1,1,1,1
619000,1,1,1,1,1,1,1,1
619125,1,1,1,1,1,1,1,1
619250,1,1,1,1,1,1,1,1
619375,1,1,1,1,1,1,1,1
619500,1,1,1,1,1,1,1,1
619625,1,1,1,1,1,1,1,1
619750,1,1,1,1,1,1,1,1
619875,1,1,1,1,1,1,1,1
620000,1,1,1,1,1,1,1,1
620125,1,1,1,1,1,1,1,1
620250,1,1,1,1,1,1,1,1
620375,1,1,1,1,1,1,1,1
620500,1,1,1,1,1,1,1,1
620625,1,1,1,1,1,1,1,1
620750,1,1,1,1,1,1,1,1
620875,1,1,1,1,1,1,1,1
621000,1,1,1,1,1,1,1,1
621125,1,1,1,1,1,1,1,1
621250,1,1,1,1,1,1,1,1
621375,1,1,1,1,1,1,1,1
621500,1,1,1,1,1,1,1,1
621625,1,1,1,1,1,1,1,1
621750,1,1,1,1,1,1,1,1
621875,1,1,1,1,1,1,1,1
622000,1,1,1,1,1,1,1,1
622125,1,1,1,1,1,1,1,1
622250,1,1,1,1,1,1,1,1
622375,1,1,1,1,1,1,1,1
622500,1,1,1,1,1,1,1,1
622625,1,1,1,1,1,1,1,1
622750,1,1,1,1,1,1,1,1
622875,1,1,1,1,1,1,1,1
623000,1,1,1,1,1,1,1,1
623125,1,1,1,1,1,1,1,1
623250,1,1,1,1,1,1,1,1
623375,1,1,1,1,1,1,1,1
623500,1,1,1,1,1,1,1,1
623625,1,1,1,1,1,1,1,1
623750,1,1,1,1,1,1,1,1
623875,1,1,1,1,1,1,1,1
624000,1,1,1,1,1,1,1,1
624125,1,1,1,1,1,1,1,1
624250,1,1,1,1,1,1,1,1
624375,1,1,1,1,1,1,1,1
624500,1,1,1,1,1,1,1,1
624625,1,1,1,1,1,1,1,1
624750,0,1,1,1,1,1,1,1
624875,0,1,1,1,1,1,1,1
625000,0,1,1,1,1,1,1,1
625125,0,1,1,1,1,1,1,1
625250,0,1,1,1,1,1,1,1
625375,0,1,1,1,1,1,1,1
625500,0,1,1,1,1,1,1,1
625625,0,1,1,1,1,1,1,1
625750,0,1,1,1,1,1,1,1
625875,0,1,1,1,1,1,1,1
626000,0,1,1,1,1,1,1,1
626125,0,1,1,1,1,1,1,1
626250,0,1,1,1,1,1,1,1
626375,0,1,1,1,1,1,1,1
626500,0,1,1,1,1,1,1,1
626625,0,1,1,1,1,1,1,1
626750,0,1,1,1,1,1,1,1
626875,0,1,1,1,1,1,1,1
627000,0,1,1,1,1,1,1,1
627125,0,1,1,1,1,1,1,1
627250,0,1,1,1,1,1,1,1
627375,0,1,1,1,1,1,1,1
627500,0,1,1,1,1,1,1,1
627625,0,1,1,1,1,1,1,1
627750,0,1,1,1,1,1,1,1
627875,0,1,1,1,1,1,1,1
628000,0,1,1,1,1,1,1,1
628125,0,1,1,1,1,1,1,1
628250,0,1,1,1,1,1,1,1
628375,0,1,1,1,1,1,1,1
628500,0,1,1,1,1,1,1,1
628625,0,1,1,1,1,1,1,1
628750,0,1,1,1,1,1,1,1
628875,0,1,1,1,1,1,1,1
629000,0,1,1,1,1,1,1,1
629125,0,1,1,1,1,1,1,1
629250,0,1,1,1,1,1,1,1
629375,0,1,1,1,1,1,1,1
629500,0,1,1,1,1,1,1,1
629625,0,1,1,1,1,1,1,1
629750,0,1,1,1,1,1,1,1
629875,0,1,1,1,1,1,1,1
630000,0,1,1,1,1,1,1,1
630125,0,1,1,1,1,1,1,1
630250,0,1,1,1,1,1,1,1
630375,0,1,1,1,1,1,1,1
630500,0,1,1,1,1,1,1,1
630625,0,1,1,1,1,1,1,1
630750,0,1,1,1,1,1,1,1
630875,0,1,1,1,1,1,1,1
631000,0,1,1,1,1,1,1,1
631125,0,1,1,1,1,1,1,1
631250,0,1,1,1,1,1,1,1
631375,0,1,1,1,1,1,1,1
631500,0,1,1,1,1,1,1,1
631625,0,1,1,1,1,1,1,1
631750,0,1,1,1,1,1,1,1
631875,0,1,1,1,1,1,1,1
632000,0,1,1,1,1,1,1,1
632125,0,1,1,1,1,1,1,1
632250,0,1,1,1,1,1,1,1
632375,0,1,1,1,1,1,1,1
632500,0,1,1,1,1,1,1,1
632625,0,1,1,1,1,1,1,1
632750,0,1,1,1,1,1,1,1
632875,0,1,1,1,1,1,1,1
633000,0,1,1,1,1,1,1,1
633125,0,1,1,1,1,1,1,1
633250,0,1,1,1,1,1,1,1
633375,0,1,1,1,1,1,1,1
633500,0,1,1,1,1,1,1,1
633625,0,1,1,1,1,1,1,1
633750,0,1,1,1,1,1,1,1
633875,0,1,1,1,1,1,1,1
634000,0,1,1,1,1,1,1,1
634125,0,1,1,1,1,1,1,1
634250,0,1,1,1,1,1,1,1
634375,0,1,1,1,1,1,1,1
634500,0,1,1,1,1,1,1,1
634625,0,1,1,1,1,1,1,1
634750,0,1,1,1,1,1,1,1
634875,0,1,1,1,1,1,1,1
635000,0,1,1,1,1,1,1,1
635125,0,1,1,1,1,1,1,1
635250,0,1,1,1,1,1,1,1
635375,0,1,1,1,1,1,1,1
635500,0,1,1,1,1,1,1,1
635625,0,1,1,1,1,1,1,1
635750,0,1,1,1,1,1,1,1
635875,0,1,1,1,1,1,1,1
636000,0,1,1,1,1,1,1,1
636125,0,1,1,1,1,1,1,1
636250,0,1,1,1,1,1,1,1
636375,0,1,1,1,1,1,1,1
636500,0,1,1,1,1,1,1,1
636625,0,1,1,1,1,1,1,1
636750,0,1,1,1,1,1,1,1
636875,0,1,1,1,1,1,1,1
637000,0,1,1,1,1,1,1,1
637125,0,1,1,1,1,1,1,1
637250,0,1,1,1,1,1,1,1
637375,0,1,1,1,1,1,1,1
637500,0,1,1,1,1,1,1,1
637625,0,1,1,1,1,1,1,1
637750,0,1,1,1,1,1,1,1
637875,0,1,1,1,1,1,1,1
638000,0,1,1,1,1,1,1,1
638125,0,1,1,1,1,1,1,1
638250,0,1,1,1,1,1,1,1
638375,0,1,1,1,1,1,1,1
638500,0,1,1,1,1,1,1,1
638625,0,1,1,1,1,1,1,1
638750,0,1,1,1,1,1,1,1
638875,0,1,1,1,1,1,1,1
639000,0,1,1,1,1,1,1,1
639125,0,1,1,1,1,1,1,1
639250,0,1,1,1,1,1,1,1
639375,0,1,1,1,1,1,1,1
639500,0,1,1,1,1,1,1,1
639625,0,1,1,1,1,1,1,1
639750,0,1,1,1,1,1,1,1
639875,0,1,1,1,1,1,1,1
640000,0,1,1,1,1,1,1,1
640125,0,1,1,1,1,1,1,1
640250,0,1,1,1,1,1,1,1
640375,0,1,1,1,1,1,1,1
640500,0,1,1,1,1,1,1,1
640625,0,1,1,1,1,1,1,1
640750,0,1,1,1,1,1,1,1
640875,0,1,1,1,1,1,1,1
641000,0,1,1,1,1,1,1,1
641125,0,1,1,1,1,1,1,1
641250,0,1,1,1,1,1,1,1
641375,0,1,1,1,1,1,1,1
641500,0,1,1,1,1,1,1,1
641625,0,1,1,1,1,1,1,1
641750,0,1,1,1,1,1,1,1
641875,0,1,1,1,1,1,1,1
642000,0,1,1,1,1,1,1,1
642125,0,1,1,1,1,1,1,1
642250,0,1,1,1,1,1,1,1
642375,0,1,1,1,1,1,1,1
642500,0,1,1,1,1,1,1,1
642625,0,1,1,1,1,1,1,1
642750,0,1,1,1,1,1,1,1
642875,0,1,1,1,1,1,1,1
643000,0,1,1,1,1,1,1,1
643125,0,1,1,1,1,1,1,1
643250,0,1,1,1,1,1,1,1
643375,0,1,1,1,1,1,1,1
643500,0,1,1,1,1,1,1,1
643625,0,1,1,1,1,1,1,1
643750,0,1,1,1,1,1,1,1
643875,0,1,1,1,1,1,1,1
644000,0,1,1,1,1,1,1,1
644125,0,1,1,1,1,1,1,1
644250,0,1,1,1,1,1,1,1
644375,0,1,1,1,1,1,1,1
644500,0,1,1,1,1,1,1,1
644625,0,1,1,1,1,1,1,1
644750,0,1,1,1,1,1,1,1
644875,0,1,1,1,1,1,1,1
645000,0,1,1,1,1,1,1,1
645125,0,1,1,1,1,1,1,1
645250,0,1,1,1,1,1,1,1
645375,0,1,1,1,1,1,1,1
645500,0,1,1,1,1,1,1,1
645625,0,1,1,1,1,1,1,1
645750,0,1,1,1,1,1,1,1
645875,0,1,1,1,1,1,1,1
646000,0,1,1,1,1,1,1,1
646125,0,1,1,1,1,1,1,1
646250,0,1,1,1,1,1,1,1
646375,0,1,1,1,1,1,1,1
646500,0,1,1,1,1,1,1,1
646625,0,1,1,1,1,1,1,1
646750,0,1,1,1,1,1,1,1
646875,0,1,1,1,1,1,1,1
647000,0,1,1,1,1,1,1,1
647125,0,1,1,1,1,1,1,1
647250,0,1,1,1,1,1,1,1
647375,0,1,1,1,1,1,1,1
647500,0,1,1,1,1,1,1,1
647625,0,1,1,1,1,1,1,1
647750,0,1,1,1,1,1,1,1
647875,0,1,1,1,1,1,1,1
648000,0,1,1,1,1,1,1,1
648125,0,1,1,1,1,1,1,1
648250,0,1,1,1,1,1,1,1
648375,0,1,1,1,1,1,1,1
648500,0,1,1,1,1,1,1,1
648625,0,1,1,1,1,1,1,1
648750,0,1,1,1,1,1,1,1
648875,0,1,1,1,1,1,1,1
649000,0,1,1,1,1,1,1,1
649125,0,1,1,1,1,1,1,1
649250,0,1,1,1,1,1,1,1
649375,0,1,1,1,1,1,1,1
649500,0,1,1,1,1,1,1,1
649625,0,1,1,1,1,1,1,1
649750,0,1,1,1,1,1,1,1
649875,0,1,1,1,1,1,1,1
650000,0,1,1,1,1,1,1,1
650125,0,1,1,1,1,1,1,1
650250,0,1,1,1,1,1,1,1
650375,0,1,1,1,1,1,1,1
650500,0,1,1,1,1,1,1,1
650625,0,1,1,1,1,1,1,1
650750,0,1,1,1,1,1,1,1
650875,0,1,1,1,1,1,1,1
651000,0,1,1,1,1,1,1,1
651125,0,1,1,1,1,1,1,1
651250,0,1,1,1,1,1,1,1
651375,0,1,1,1,1,1,1,1
651500,0,1,1,1,1,1,1,1
651625,0,1,1,1,1,1,1,1
651750,0,1,1,1,1,1,1,1
651875,0,1,1,1,1,1,1,1
652000,0,1,1,1,1,1,1,1
652125,0,1,1,1,1,1,1,1
652250,0,1,1,1,1,1,1,1
652375,0,1,1,1,1,1,1,1
652500,0,1,1,1,1,1,1,1
652625,0,1,1,1,1,1,1,1
652750,0,1,1,1,1,1,1,1
652875,0,1,1,1,1,1,1,1
653000,0,1,1,1,1,1,1,1
653125,0,1,1,1,1,1,1,1
653250,0,1,1,1,1,1,1,1
653375,0,1,1,1,1,1,1,1
653500,0,1,1,1,1,1,1,1
653625,0,1,1,1,1,1,1,1
653750,0,1,1,1,1,1,1,1
653875,0,1,1,1,1,1,1,1
654000,0,1,1,1,1,1,1,1
654125,0,1,1,1,1,1,1,1
654250,0,1,1,1,1,1,1,1
654375,0,1,1,1,1,1,1,1
654500,0,1,1,1,1,1,1,1
654625,0,1,1,1,1,1,1,1
654750,0,1,1,1,1,1,1,1
654875,0,1,1,1,1,1,1,1
655000,0,1,1,1,1,1,1,1
655125,0,1,1,1,1,1,1,1
655250,0,1,1,1,1,1,1,1
655375,0,1,1,1,1,1,1,1
655500,0,1,1,1,1,1,1,1
655625,0,1,1,1,1,1,1,1
655750,0,1,1,1,1,1,1,1
655875,0,1,1,1,1,1,1,1
656000,0,1,1,1,1,1,1,1
656125,0,1,1,1,1,1,1,1
656250,0,1,1,1,1,1,1,1
656375,0,1,1,1,1,1,1,1
656500,0,1,1,1,1,1,1,1
656625,0,1,1,1,1,1,1,1
656750,0,1,1,1,1,1,1,1
656875,0,1,1,1,1,1,1,1
657000,0,1,1,1,1,1,1,1
657125,0,1,1,1,1,1,1,1
657250,0,1,1,1,1,1,1,1
657375,0,1,1,1,1,1,1,1
657500,0,1,1,1,1,1,1,1
657625,0,1,1,1,1,1,1,1
657750,0,1,1,1,1,1,1,1
657875,0,1,1,1,1,1,1,1
658000,0,1,1,1,1,1,1,1
658125,0,1,1,1,1,1,1,1
658250,0,1,1,1,1,1,1,1
658375,0,1,1,1,1,1,1,1
658500,0,1,1,1,1,1,1,1
658625,0,1,1,1,1,1,1,1
658750,0,1,1,1,1,1,1,1
658875,0,1,1,1,1,1,1,1
659000,0,1,1,1,1,1,1,1
659125,0,1,1,1,1,1,1,1
659250,0,1,1,1,1,1,1,1
659375,0,1,1,1,1,1,1,1
659500,0,1,1,1,1,1,1,1
659625,0,1,1,1,1,1,1,1
659750,0,1,1,1,1,1,1,1
659875,0,1,1,1,1,1,1,1
660000,0,1,1,1,1,1,1,1
660125,0,1,1,1,1,1,1,1
660250,0,1,1,1,1,1,1,1
660375,0,1,1,1,1,1,1,1
660500,0,1,1,1,1,1,1,1
660625,0,1,1,1,1,1,1,1
660750,0,1,1,1,1,1,1,1
660875,0,1,1,1,1,1,1,1
661000,0,1,1,1,1,1,1,1
661125,0,1,1,1,1,1,1,1
661250,0,1,1,1,1,1,1,1
661375,0,1,1,1,1,1,1,1
661500,0,1,1,1,1,1,1,1
661625,0,1,1,1,1,1,1,1
661750,0,1,1,1,1,1,1,1
661875,0,1,1,1,1,1,1,1
662000,0,1,1,1,1,1,1,1
662125,0,1,1,1,1,1,1,1
662250,0,1,1,1,1,1,1,1
662375,0,1,1,1,1,1,1,1
662500,0,1,1,1,1,1,1,1
662625,0,1,1,1,1,1,1,1
662750,0,1,1,1,1,1,1,1
662875,0,1,1,1,1,1,1,1
663000,0,1,1,1,1,1,1,1
663125,0,1,1,1,1,1,1,1
663250,0,1,1,1,1,1,1,1
663375,0,1,1,1,1,1,1,1
663500,0,1,1,1,1,1,1,1
663625,0,1,1,1,1,1,1,1
663750,0,1,1,1,1,1,1,1
663875,0,1,1,1,1,1,1,1
664000,0,1,1,1,1,1,1,1
664125,0,1,1,1,1,1,1,1
664250,0,1,1,1,1,1,1,1
664375,0,1,1,1,1,1,1,1
664500,0,1,1,1,1,1,1,1
664625,0,1,1,1,1,1,1,1
664750,0,1,1,1,1,1,1,1
664875,0,1,1,1,1,1,1,1
665000,0,1,1,1,1,1,1,1
665125,0,1,1,1,1,1,1,1
665250,0,1,1,1,1,1,1,1
665375,0,1,1,1,1,1,1,1
665500,0,1,1,1,1,1,1,1
665625,0,1,1,1,1,1,1,1
665750,0,1,1,1,1,1,1,1
665875,0,1,1,1,1,1,1,1
666000,0,1,1,1,1,1,1,1
666125,0,1,1,1,1,1,1,1
666250,0,1,1,1,1,1,1,1
666375,0,1,1,1,1,1,1,1
666500,0,1,1,1,1,1,1,1
666625,0,1,1,1,1,1,1,1
666750,0,1,1,1,1,1,1,1
666875,0,1,1,1,1,1,1,1
667000,0,1,1,1,1,1,1,1
667125,0,1,1,1,1,1,1,1
667250,0,1,1,1,1,1,1,1
667375,0,1,1,1,1,1,1,1
667500,0,1,1,1,1,1,1,1
667625,0,1,1,1,1,1,1,1
667750,0,1,1,1,1,1,1,1
667875,0,1,1,1,1,1,1,1
668000,0,1,1,1,1,1,1,1
668125,0,1,1,1,1,1,1,1
668250,0,1,1,1,1,1,1,1
668375,0,1,1,1,1,1,1,1
668500,0,1,1,1,1,1,1,1
668625,0,1,1,1,1,1,1,1
668750,0,1,1,1,1,1,1,1
668875,0,1,1,1,1,1,1,1
669000,0,1,1,1,1,1,1,1
669125,0,1,1,1,1,1,1,1
669250,0,1,1,1,1,1,1,1
669375,0,1,1,1,1,1,1,1
669500,0,1,1,1,1,1,1,1
669625,0,1,1,1,1,1,1,1
669750,0,1,1,1,1,1,1,1
669875,0,1,1,1,1,1,1,1
670000,0,1,1,1,1,1,1,1
670125,0,1,1,1,1,1,1,1
670250,0,1,1,1,1,1,1,1
670375,0,1,1,1,1,1,1,1
670500,0,1,1,1,1,1,1,1
670625,0,1,1,1,1,1,1,1
670750,0,1,1,1,1,1,1,1
670875,0,1,1,1,1,1,1,1
671000,0,1,1,1,1,1,1,1
671125,0,1,1,1,1,1,1,1
671250,0,1,1,1,1,1,1,1
671375,0,1,1,1,1,1,1,1
671500,0,1,1,1,1,1,1,1
671625,0,1,1,1,1,1,1,1
671750,0,1,1,1,1,1,1,1
671875,0,1,1,1,1,1,1,1
672000,0,1,1,1,1,1,1,1
672125,0,1,1,1,1,1,1,1
672250,0,1,1,1,1,1,1,1
672375,0,1,1,1,1,1,1,1
672500,0,1,1,1,1,1,1,1
672625,0,1,1,1,1,1,1,1
672750,0,1,1,1,1,1,1,1
672875,0,1,1,1,1,1,1,1
673000,0,1,1,1,1,1,1,1
673125,0,1,1,1,1,1,1,1
673250,0,1,1,1,1,1,1,1
673375,0,1,1,1,1,1,1,1
673500,0,1,1,1,1,1,1,1
673625,0,1,1,1,1,1,1,1
673750,0,1,1,1,1,1,1,1
673875,0,1,1,1,1,1,1,1
674000,0,1,1,1,1,1,1,1
674125,0,1,1,1,1,1,1,1
674250,0,1,1,1,1,1,1,1
674375,0,1,1,1,1,1,1,1
674500,0,1,1,1,1,1,1,1
674625,0,1,1,1,1,1,1,1
674750,0,1,1,1,1,1,1,1
674875,0,1,1,1,1,1,1,1
675000,0,1,1,1,1,1,1,1
675125,0,1,1,1,1,1,1,1
675250,0,1,1,1,1,1,1,1
675375,0,1,1,1,1,1,1,1
675500,0,1,1,1,1,1,1,1
675625,0,1,1,1,1,1,1,1
675750,0,1,1,1,1,1,1,1
675875,0,1,1,1,1,1,1,1
676000,0,1,1,1,1,1,1,1
676125,0,1,1,1,1,1,1,1
676250,0,1,1,1,1,1,1,1
676375,0,1,1,1,1,1,1,1
676500,0,1,1,1,1,1,1,1
676625,0,1,1,1,1,1,1,1
676750,0,1,1,1,1,1,1,1
676875,0,1,1,1,1,1,1,1
677000,0,1,1,1,1,1,1,1
677125,0,1,1,1,1,1,1,1
677250,0,1,1,1,1,1,1,1
677375,0,1,1,1,1,1,1,1
677500,0,1,1,1,1,1,1,1
677625,0,1,1,1,1,1,1,1
677750,0,1,1,1,1,1,1,1
677875,0,1,1,1,1,1,1,1
678000,0,1,1,1,1,1,1,1
678125,0,1,1,1,1,1,1,1
678250,0,1,1,1,1,1,1,1
678375,0,1,1,1,1,1,1,1
678500,0,1,1,1,1,1,1,1
678625,0,1,1,1,1,1,1,1
678750,0,1,1,1,1,1,1,1
678875,0,1,1,1,1,1,1,1
679000,0,1,1,1,1,1,1,1
679125,0,1,1,1,1,1,1,1
679250,0,1,1,1,1,1,1,1
679375,0,1,1,1,1,1,1,1
679500,0,1,1,1,1,1,1,1
679625,0,1,1,1,1,1,1,1
679750,0,1,1,1,1,1,1,1
679875,0,1,1,1,1,1,1,1
680000,0,1,1,1,1,1,1,1
680125,0,1,1,1,1,1,1,1
680250,0,1,1,1,1,1,1,1
680375,0,1,1,1,1,1,1,1
680500,0,1,1,1,1,1,1,1
680625,0,1,1,1,1,1,1,1
680750,0,1,1,1,1,1,1,1
680875,0,1,1,1,1,1,1,1
681000,0,1,1,1,1,1,1,1
681125,0,1,1,1,1,1,1,1
681250,0,1,1,1,1,1,1,1
681375,0,1,1,1,1,1,1,1
681500,0,1,1,1,1,1,1,1
681625,0,1,1,1,1,1,1,1
681750,0,1,1,1,1,1,1,1
681875,0,1,1,1,1,1,1,1
682000,0,1,1,1,1,1,1,1
682125,0,1,1,1,1,1,1,1
682250,0,1,1,1,1,1,1,1
682375,0,1,1,1,1,1,1,1
682500,0,1,1,1,1,1,1,1
682625,0,1,1,1,1,1,1,1
682750,0,1,1,1,1,1,1,1
682875,0,1,1,1,1,1,1,1
683000,0,1,1,1,1,1,1,1
683125,0,1,1,1,1,1,1,1
683250,0,1,1,1,1,1,1,1
683375,0,1,1,1,1,1,1,1
683500,0,1,1,1,1,1,1,1
683625,0,1,1,1,1,1,1,1
683750,0,1,1,1,1,1,1,1
683875,0,1,1,1,1,1,1,1
684000,0,1,1,1,1,1,1,1
684125,0,1,1,1,1,1,1,1
684250,0,1,1,1,1,1,1,1
684375,0,1,1,1,1,1,1,1
684500,0,1,1,1,1,1,1,1
684625,0,1,1,1,1,1,1,1
684750,0,1,1,1,1,1,1,1
684875,0,1,1,1,1,1,1,1
685000,0,1,1,1,1,1,1,1
685125,0,1,1,1,1,1,1,1
685250,0,1,1,1,1,1,1,1
685375,0,1,1,1,1,1,1,1
685500,0,1,1,1,1,1,1,1
685625,0,1,1,1,1,1,1,1
685750,0,1,1,1,1,1,1,1
685875,0,1,1,1,1,1,1,1
686000,0,1,1,1,1,1,1,1
686125,0,1,1,1,1,1,1,1
686250,0,1,1,1,1,1,1,1
686375,0,1,1,1,1,1,1,1
686500,0,1,1,1,1,1,1,1
686625,0,1,1,1,1,1,1,1
686750,0,1,1,1,1,1,1,1
686875,0,1,1,1,1,1,1,1
687000,0,1,1,1,1,1,1,1
687125,0,1,1,1,1,1,1,1
687250,0,1,1,1,1,1,1,1
687375,0,1,1,1,1,1,1,1
687500,0,1,1,1,1,1,1,1
687625,0,1,1,1,1,1,1,1
687750,0,1,1,1,1,1,1,1
687875,0,1,1,1,1,1,1,1
688000,0,1,1,1,1,1,1,1
688125,0,1,1,1,1,1,1,1
688250,0,1,1,1,1,1,1,1
688375,0,1,1,1,1,1,1,1
688500,0,1,1,1,1,1,1,1
688625,0,1,1,1,1,1,1,1
688750,0,1,1,1,1,1,1,1
688875,0,1,1,1,1,1,1,1
689000,0,1,1,1,1,1,1,1
689125,0,1,1,1,1,1,1,1
689250,0,1,1,1,1,1,1,1
689375,0,1,1,1,1,1,1,1
689500,0,1,1,1,1,1,1,1
689625,0,1,1,1,1,1,1,1
689750,0,1,1,1,1,1,1,1
689875,0,1,1,1,1,1,1,1
690000,0,1,1,1,1,1,1,1
690125,0,1,1,1,1,1,1,1
690250,0,1,1,1,1,1,1,1
690375,0,1,1,1,1,1,1,1
690500,0,1,1,1,1,1,1,1
690625,0,1,1,1,1,1,1,1
690750,0,1,1,1,1,1,1,1
690875,0,1,1,1,1,1,1,1
691000,0,1,1,1,1,1,1,1
691125,0,1,1,1,1,1,1,1
691250,0,1,1,1,1,1,1,1
691375,0,1,1,1,1,1,1,1
691500,0,1,1,1,1,1,1,1
691625,0,1,1,1,1,1,1,1
691750,0,1,1,1,1,1,1,1
691875,0,1,1,1,1,1,1,1
692000,0,1,1,1,1,1,1,1
692125,0,1,1,1,1,1,1,1
692250,0,1,1,1,1,1,1,1
692375,0,1,1,1,1,1,1,1
692500,0,1,1,1,1,1,1,1
692625,0,1,1,1,1,1,1,1
692750,0,1,1,1,1,1,1,1
692875,0,1,1,1,1,1,1,1
693000,0,1,1,1,1,1,1,1
693125,0,1,1,1,1,1,1,1
693250,0,1,1,1,1,1,1,1
693375,0,1,1,1,1,1,1,1
693500,0,1,1,1,1,1,1,1
693625,0,1,1,1,1,1,1,1
693750,0,1,1,1,1,1,1,1
693875,0,1,1,1,1,1,1,1
694000,0,1,1,1,1,1,1,1
694125,0,1,1,1,1,1,1,1
694250,0,1,1,1,1,1,1,1
694375,0,1,1,1,1,1,1,1
694500,0,1,1,1,1,1,1,1
694625,0,1,1,1,1,1,1,1
694750,0,1,1,1,1,1,1,1
694875,0,1,1,1,1,1,1,1
695000,0,1,1,1,1,1,1,1
695125,0,1,1,1,1,1,1,1
695250,0,1,1,1,1,1,1,1
695375,0,1,1,1,1,1,1,1
695500,0,1,1,1,1,1,1,1
695625,0,1,1,1,1,1,1,1
695750,0,1,1,1,1,1,1,1
695875,0,1,1,1,1,1,1,1
696000,0,1,1,1,1,1,1,1
696125,0,1,1,1,1,1,1,1
696250,0,1,1,1,1,1,1,1
696375,0,1,1,1,1,1,1,1
696500,0,1,1,1,1,1,1,1
696625,0,1,1,1,1,1,1,1
696750,0,1,1,1,1,1,1,1
696875,0,1,1,1,1,1,1,1
697000,0,1,1,1,1,1,1,1
697125,0,1,1,1,1,1,1,1
697250,0,1,1,1,1,1,1,1
697375,0,1,1,1,1,1,1,1
697500,0,1,1,1,1,1,1,1
697625,0,1,1,1,1,1,1,1
697750,0,1,1,1,1,1,1,1
697875,0,1,1,1,1,1,1,1
698000,0,1,1,1,1,1,1,1
698125,0,1,1,1,1,1,1,1
698250,0,1,1,1,1,1,1,1
698375,0,1,1,1,1,1,1,1
698500,0,1,1,1,1,1,1,1
698625,0,1,1,1,1,1,1,1
698750,0,1,1,1,1,1,1,1
698875,0,1,1,1,1,1,1,1
699000,0,1,1,1,1,1,1,1
699125,0,1,1,1,1,1,1,1
699250,0,1,1,1,1,1,1,1
699375,0,1,1,1,1,1,1,1
699500,0,1,1,1,1,1,1,1
699625,0,1,1,1,1,1,1,1
699750,0,1,1,1,1,1,1,1
699875,0,1,1,1,1,1,1,1
700000,0,1,1,1,1,1,1,1
700125,0,1,1,1,1,1,1,1
700250,0,1,1,1,1,1,1,1
700375,0,1,1,1,1,1,1,1
700500,0,1,1,1,1,1,1,1
700625,0,1,1,1,1,1,1,1
700750,0,1,1,1,1,1,1,1
700875,0,1,1,1,1,1,1,1
701000,0,1,1,1,1,1,1,1
701125,0,1,1,1,1,1,1,1
701250,0,1,1,1,1,1,1,1
701375,0,1,1,1,1,1,1,1
701500,0,1,1,1,1,1,1,1
701625,0,1,1,1,1,1,1,1
701750,0,1,1,1,1,1,1,1
701875,0,1,1,1,1,1,1,1
702000,0,1,1,1,1,1,1,1
702125,0,1,1,1,1,1,1,1
702250,0,1,1,1,1,1,1,1
702375,0,1,1,1,1,1,1,1
702500,0,1,1,1,1,1,1,1
702625,0,1,1,1,1,1,1,1
702750,0,1,1,1,1,1,1,1
702875,0,1,1,1,1,1,1,1
703000,0,1,1,1,1,1,1,1
703125,0,1,1,1,1,1,1,1
703250,0,1,1,1,1,1,1,1
703375,0,1,1,1,1,1,1,1
703500,0,1,1,1,1,1,1,1
703625,0,1,1,1,1,1,1,1
703750,0,1,1,1,1,1,1,1
703875,0,1,1,1,1,1,1,1
704000,0,1,1,1,1,1,1,1
704125,0,1,1,1,1,1,1,1
704250,0,1,1,1,1,1,1,1
704375,0,1,1,1,1,1,1,1
704500,0,1,1,1,1,1,1,1
704625,0,1,1,1,1,1,1,1
704750,0,1,1,1,1,1,1,1
704875,0,1,1,1,1,1,1,1
705000,0,1,1,1,1,1,1,1
705125,0,1,1,1,1,1,1,1
705250,0,1,1,1,1,1,1,1
705375,0,1,1,1,1,1,1,1
705500,0,1,1,1,1,1,1,1
705625,0,1,1,1,1,1,1,1
705750,0,1,1,1,1,1,1,1
705875,0,1,1,1,1,1,1,1
706000,0,1,1,1,1,1,1,1
706125,0,1,1,1,1,1,1,1
706250,0,1,1,1,1,1,1,1
706375,0,1,1,1,1,1,1,1
706500,0,1,1,1,1,1,1,1
706625,0,1,1,1,1,1,1,1
706750,0,1,1,1,1,1,1,1
706875,0,1,1,1,1,1,1,1
707000,0,1,1,1,1,1,1,1
707125,0,1,1,1,1,1,1,1
707250,0,1,1,1,1,1,1,1
707375,0,1,1,1,1,1,1,1
707500,0,1,1,1,1,1,1,1
707625,0,1,1,1,1,1,1,1
707750,0,1,1,1,1,1,1,1
707875,0,1,1,1,1,1,1,1
708000,0,1,1,1,1,1,1,1
708125,0,1,1,1,1,1,1,1
708250,0,1,1,1,1,1,1,1
708375,0,1,1,1,1,1,1,1
708500,0,1,1,1,1,1,1,1
708625,0,1,1,1,1,1,1,1
708750,0,1,1,1,1,1,1,1
708875,0,1,1,1,1,1,1,1
709000,0,1,1,1,1,1,1,1
709125,0,1,1,1,1,1,1,1
709250,0,1,1,1,1,1,1,1
709375,0,1,1,1,1,1,1,1
709500,0,1,1,1,1,1,1,1
709625,0,1,1,1,1,1,1,1
709750,0,1,1,1,1,1,1,1
709875,0,1,1,1,1,1,1,1
710000,0,1,1,1,1,1,1,1
710125,0,1,1,1,1,1,1,1
710250,0,1,1,1,1,1,1,1
710375,0,1,1,1,1,1,1,1
710500,0,1,1,1,1,1,1,1
710625,0,1,1,1,1,1,1,1
710750,0,1,1,1,1,1,1,1
710875,0,1,1,1,1,1,1,1
711000,0,1,1,1,1,1,1,1
711125,0,1,1,1,1,1,1,1
711250,0,1,1,1,1,1,1,1
711375,0,1,1,1,1,1,1,1
711500,0,1,1,1,1,1,1,1
711625,0,1,1,1,1,1,1,1
711750,0,1,1,1,1,1,1,1
711875,0,1,1,1,1,1,1,1
712000,0,1,1,1,1,1,1,1
712125,0,1,1,1,1,1,1,1
712250,0,1,1,1,1,1,1,1
712375,0,1,1,1,1,1,1,1
712500,0,1,1,1,1,1,1,1
712625,0,1,1,1,1,1,1,1
712750,0,1,1,1,1,1,1,1
712875,0,1,1,1,1,1,1,1
713000,0,1,1,1,1,1,1,1
713125,0,1,1,1,1,1,1,1
713250,0,1,1,1,1,1,1,1
713375,0,1,1,1,1,1,1,1
713500,0,1,1,1,1,1,1,1
713625,0,1,1,1,1,1,1,1
713750,0,1,1,1,1,1,1,1
713875,0,1,1,1,1,1,1,1
714000,0,1,1,1,1,1,1,1
714125,0,1,1,1,1,1,1,1
714250,0,1,1,1,1,1,1,1
714375,0,1,1,1,1,1,1,1
714500,0,1,1,1,1,1,1,1
714625,0,1,1,1,1,1,1,1
714750,0,1,1,1,1,1,1,1
714875,0,1,1,1,1,1,1,1
715000,0,1,1,1,1,1,1,1
715125,0,1,1,1,1,1,1,1
715250,0,1,1,1,1,1,1,1
715375,0,1,1,1,1,1,1,1
715500,0,1,1,1,1,1,1,1
715625,0,1,1,1,1,1,1,1
715750,0,1,1,1,1,1,1,1
715875,0,1,1,1,1,1,1,1
716000,0,1,1,1,1,1,1,1
716125,0,1,1,1,1,1,1,1
716250,0,1,1,1,1,1,1,1
716375,0,1,1,1,1,1,1,1
716500,0,1,1,1,1,1,1,1
716625,0,1,1,1,1,1,1,1
716750,0,1,1,1,1,1,1,1
716875,0,1,1,1,1,1,1,1
717000,0,1,1,1,1,1,1,1
717125,0,1,1,1,1,1,1,1
717250,0,1,1,1,1,1,1,1
717375,0,1,1,1,1,1,1,1
717500,0,1,1,1,1,1,1,1
717625,0,1,1,1,1,1,1,1
717750,0,1,1,1,1,1,1,1
717875,0,1,1,1,1,1,1,1
718000,0,1,1,1,1,1,1,1
718125,0,1,1,1,1,1,1,1
718250,0,1,1,1,1,1,1,1
718375,0,1,1,1,1,1,1,1
718500,0,1,1,1,1,1,1,1
718625,0,1,1,1,1,1,1,1
718750,0,1,1,1,1,1,1,1
718875,0,1,1,1,1,1,1,1
719000,0,1,1,1,1,1,1,1
719125,0,1,1,1,1,1,1,1
719250,0,1,1,1,1,1,1,1
719375,0,1,1,1,1,1,1,1
719500,0,1,1,1,1,1,1,1
719625,0,1,1,1,1,1,1,1
719750,0,1,1,1,1,1,1,1
719875,0,1,1,1,1,1,1,1
720000,0,1,1,1,1,1,1,1
720125,0,1,1,1,1,1,1,1
720250,0,1,1,1,1,1,1,1
720375,0,1,1,1,1,1,1,1
720500,0,1,1,1,1,1,1,1
720625,0,1,1,1,1,1,1,1
720750,0,1,1,1,1,1,1,1
720875,0,1,1,1,1,1,1,1
721000,0,1,1,1,1,1,1,1
721125,0,1,1,1,1,1,1,1
721250,0,1,1,1,1,1,1,1
721375,0,1,1,1,1,1,1,1
721500,0,1,1,1,1,1,1,1
721625,0,1,1,1,1,1,1,1
721750,0,1,1,1,1,1,1,1
721875,0,1,1,1,1,1,1,1
722000,0,1,1,1,1,1,1,1
722125,0,1,1,1,1,1,1,1
722250,0,1,1,1,1,1,1,1
722375,0,1,1,1,1,1,1,1
722500,0,1,1,1,1,1,1,1
722625,0,1,1,1,1,1,1,1
722750,0,1,1,1,1,1,1,1
722875,0,1,1,1,1,1,1,1
723000,0,1,1,1,1,1,1,1
723125,0,1,1,1,1,1,1,1
723250,0,1,1,1,1,1,1,1
723375,0,1,1,1,1,1,1,1
723500,0,1,1,1,1,1,1,1
723625,0,1,1,1,1,1,1,1
723750,0,1,1,1,1,1,1,1
723875,0,1,1,1,1,1,1,1
724000,0,1,1,1,1,1,1,1
724125,0,1,1,1,1,1,1,1
724250,0,1,1,1,1,1,1,1
724375,0,1,1,1,1,1,1,1
724500,0,1,1,1,1,1,1,1
724625,0,1,1,1,1,1,1,1
724750,0,1,1,1,1,1,1,1
724875,0,1,1,1,1,1,1,1
725000,0,1,1,1,1,1,1,1
725125,0,1,1,1,1,1,1,1
725250,0,1,1,1,1,1,1,1
725375,0,1,1,1,1,1,1,1
725500,0,1,1,1,1,1,1,1
725625,0,1,1,1,1,1,1,1
725750,0,1,1,1,1,1,1,1
725875,0,1,1,1,1,1,1,1
726000,0,1,1,1,1,1,1,1
726125,0,1,1,1,1,1,1,1
726250,0,1,1,1,1,1,1,1
726375,0,1,1,1,1,1,1,1
726500,0,1,1,1,1,1,1,1
726625,0,1,1,1,1,1,1,1
726750,0,1,1,1,1,1,1,1
726875,0,1,1,1,1,1,1,1
727000,0,1,1,1,1,1,1,1
727125,0,1,1,1,1,1,1,1
727250,0,1,1,1,1,1,1,1
727375,0,1,1,1,1,1,1,1
727500,0,1,1,1,1,1,1,1
727625,0,1,1,1,1,1,1,1
727750,0,1,1,1,1,1,1,1
727875,0,1,1,1,1,1,1,1
728000,0,1,1,1,1,1,1,1
728125,0,1,1,1,1,1,1,1
728250,0,1,1,1,1,1,1,1
728375,0,1,1,1,1,1,1,1
728500,0,1,1,1,1,1,1,1
728625,0,1,1,1,1,1,1,1
728750,0,1,1,1,1,1,1,1
728875,1,1,1,1,1,1,1,1
729000,1,1,1,1,1,1,1,1
729125,1,1,1,1,1,1,1,1
729250,1,1,1,1,1,1,1,1
729375,1,1,1,1,1,1,1,1
729500,1,1,1,1,1,1,1,1
729625,1,1,1,1,1,1,1,1
729750,1,1,1,1,1,1,1,1
729875,1,1,1,1,1,1,1,1
730000,1,1,1,1,1,1,1,1
730125,1,1,1,1,1,1,1,1
730250,1,1,1,1,1,1,1,1
730375,1,1,1,1,1,1,1,1
730500,1,1,1,1,1,1,1,1
730625,1,1,1,1,1,1,1,1
730750,1,1,1,1,1,1,1,1
730875,1,1,1,1,1,1,1,1
731000,1,1,1,1,1,1,1,1
731125,1,1,1,1,1,1,1,1
731250,1,1,1,1,1,1,1,1
731375,1,1,1,1,1,1,1,1
731500,1,1,1,1,1,1,1,1
731625,1,1,1,1,1,1,1,1
731750,1,1,1,1,1,1,1,1
731875,1,1,1,1,1,1,1,1
732000,1,1,1,1,1,1,1,1
732125,1,1,1,1,1,1,1,1
732250,1,1,1,1,1,1,1,1
732375,1,1,1,1,1,1,1,1
732500,1,1,1,1,1,1,1,1
732625,1,1,1,1,1,1,1,1
732750,1,1,1,1,1,1,1,1
732875,1,1,1,1,1,1,1,1
733000,1,1,1,1,1,1,1,1
733125,1,1,1,1,1,1,1,1
733250,1,1,1,1,1,1,1,1
733375,1,1,1,1,1,1,1,1
733500,1,1,1,1,1,1,1,1
733625,1,1,1,1,1,1,1,1
733750,1,1,1,1,1,1,1,1
733875,1,1,1,1,1,1,1,1
734000,1,1,1,1,1,1,1,1
734125,1,1,1,1,1,1,1,1
734250,1,1,1,1,1,1,1,1
734375,1,1,1,1,1,1,1,1
734500,1,1,1,1,1,1,1,1
734625,1,1,1,1,1,1,1,1
734750,1,1,1,1,1,1,1,1
734875,1,1,1,1,1,1,1,1
735000,1,1,1,1,1,1,1,1
735125,1,1,1,1,1,1,1,1
735250,1,1,1,1,1,1,1,1
735375,1,1,1,1,1,1,1,1
735500,1,1,1,1,1,1,1,1
735625,1,1,1,1,1,1,1,1
735750,1,1,1,1,1,1,1,1
735875,1,1,1,1,1,1,1,1
736000,1,1,1,1,1,1,1,1
736125,1,1,1,1,1,1,1,1
736250,1,1,1,1,1,1,1,1
736375,1,1,1,1,1,1,1,1
736500,1,1,1,1,1,1,1,1
736625,1,1,1,1,1,1,1,1
736750,1,1,1,1,1,1,1,1
736875,1,1,1,1,1,1,1,1
737000,1,1,1,1,1,1,1,1
737125,1,1,1,1,1,1,1,1
737250,1,1,1,1,1,1,1,1
737375,1,1,1,1,1,1,1,1
737500,1,1,1,1,1,1,1,1
737625,1,1,1,1,1,1,1,1
737750,1,1,1,1,1,1,1,1
737875,1,1,1,1,1,1,1,1
738000,1,1,1,1,1,1,1,1
738125,1,1,1,1,1,1,1,1
738250,1,1,1,1,1,1,1,1
738375,1,1,1,1,1,1,1,1
738500,1,1,1,1,1,1,1,1
738625,1,1,1,1,1,1,1,1
738750,1,1,1,1,1,1,1,1
738875,1,1,1,1,1,1,1,1
739000,1,1,1,1,1,1,1,1
739125,1,1,1,1,1,1,1,1
739250,1,1,1,1,1,1,1,1
739375,1,1,1,1,1,1,1,1
739500,1,1,1,1,1,1,1,1
739625,1,1,1,1,1,1,1,1
739750,1,1,1,1,1,1,1,1
739875,1,1,1,1,1,1,1,1
740000,1,1,1,1,1,1,1,1
740125,1,1,1,1,1,1,1,1
740250,1,1,1,1,1,1,1,1
740375,1,1,1,1,1,1,1,1
740500,1,1,1,1,1,1,1,1
740625,1,1,1,1,1,1,1,1
740750,1,1,1,1,1,1,1,1
740875,1,1,1,1,1,1,1,1
741000,1,1,1,1,1,1,1,1
741125,1,1,1,1,1,1,1,1
741250,1,1,1,1,1,1,1,1
741375,1,1,1,1,1,1,1,1
741500,1,1,1,1,1,1,1,1
741625,1,1,1,1,1,1,1,1
741750,1,1,1,1,1,1,1,1
741875,1,1,1,1,1,1,1,1
742000,1,1,1,1,1,1,1,1
742125,1,1,1,1,1,1,1,1
742250,1,1,1,1,1,1,1,1
742375,1,1,1,1,1,1,1,1
742500,1,1,1,1,1,1,1,1
742625,1,1,1,1,1,1,1,1
742750,1,1,1,1,1,1,1,1
742875,1,1,1,1,1,1,1,1
743000,1,1,1,1,1,1,1,1
743125,1,1,1,1,1,1,1,1
743250,1,1,1,1,1,1,1,1
743375,1,1,1,1,1,1,1,1
743500,1,1,1,1,1,1,1,1
743625,1,1,1,1,1,1,1,1
743750,1,1,1,1,1,1,1,1
743875,1,1,1,1,1,1,1,1
744000,1,1,1,1,1,1,1,1
744125,1,1,1,1,1,1,1,1
744250,1,1,1,1,1,1,1,1
744375,1,1,1,1,1,1,1,1
744500,1,1,1,1,1,1,1,1
744625,1,1,1,1,1,1,1,1
744750,1,1,1,1,1,1,1,1
744875,1,1,1,1,1,1,1,1
745000,1,1,1,1,1,1,1,1
745125,1,1,1,1,1,1,1,1
745250,1,1,1,1,1,1,1,1
745375,1,1,1,1,1,1,1,1
745500,1,1,1,1,1,1,1,1
745625,1,1,1,1,1,1,1,1
745750,1,1,1,1,1,1,1,1
745875,1,1,1,1,1,1,1,1
746000,1,1,1,1,1,1,1,1
746125,1,1,1,1,1,1,1,1
746250,1,1,1,1,1,1,1,1
746375,1,1,1,1,1,1,1,1
746500,1,1,1,1,1,1,1,1
746625,1,1,1,1,1,1,1,1
746750,1,1,1,1,1,1,1,1
746875,1,1,1,1,1,1,1,1
747000,1,1,1,1,1,1,1,1
747125,1,1,1,1,1,1,1,1
747250,1,1,1,1,1,1,1,1
747375,1,1,1,1,1,1,1,1
747500,1,1,1,1,1,1,1,1
747625,1,1,1,1,1,1,1,1
747750,1,1,1,1,1,1,1,1
747875,1,1,1,1,1,1,1,1
748000,1,1,1,1,1,1,1,1
748125,1,1,1,1,1,1,1,1
748250,1,1,1,1,1,1,1,1
748375,1,1,1,1,1,1,1,1
748500,1,1,1,1,1,1,1,1
748625,1,1,1,1,1,1,1,1
748750,1,1,1,1,1,1,1,1
748875,1,1,1,1,1,1,1,1
749000,1,1,1,1,1,1,1,1
749125,1,1,1,1,1,1,1,1
749250,1,1,1,1,1,1,1,1
749375,1,1,1,1,1,1,1,1
749500,1,1,1,1,1,1,1,1
749625,1,1,1,1,1,1,1,1
749750,1,1,1,1,1,1,1,1
749875,1,1,1,1,1,1,1,1
750000,1,1,1,1,1,1,1,1
750125,1,1,1,1,1,1,1,1
750250,1,1,1,1,1,1,1,1
750375,1,1,1,1,1,1,1,1
750500,1,1,1,1,1,1,1,1
750625,1,1,1,1,1,1,1,1
750750,1,1,1,1,1,1,1,1
750875,1,1,1,1,1,1,1,1
751000,1,1,1,1,1,1,1,1
751125,1,1,1,1,1,1,1,1
751250,1,1,1,1,1,1,1,1
751375,1,1,1,1,1,1,1,1
751500,1,1,1,1,1,1,1,1
751625,1,1,1,1,1,1,1,1
751750,1,1,1,1,1,1,1,1
751875,1,1,1,1,1,1,1,1
752000,1,1,1,1,1,1,1,1
752125,1,1,1,1,1,1,1,1
752250,1,1,1,1,1,1,1,1
752375,1,1,1,1,1,1,1,1
752500,1,1,1,1,1,1,1,1
752625,1,1,1,1,1,1,1,1
752750,1,1,1,1,1,1,1,1
752875,1,1,1,1,1,1,1,1
753000,1,1,1,1,1,1,1,1
753125,1,1,1,1,1,1,1,1
753250,1,1,1,1,1,1,1,1
753375,1,1,1,1,1,1,1,1
753500,1,1,1,1,1,1,1,1
753625,1,1,1,1,1,1,1,1
753750,1,1,1,1,1,1,1,1
753875,1,1,1,1,1,1,1,1
754000,1,1,1,1,1,1,1,1
754125,1,1,1,1,1,1,1,1
754250,1,1,1,1,1,1,1,1
754375,1,1,1,1,1,1,1,1
754500,1,1,1,1,1,1,1,1
754625,1,1,1,1,1,1,1,1
754750,1,1,1,1,1,1,1,1
754875,1,1,1,1,1,1,1,1
755000,1,1,1,1,1,1,1,1
755125,1,1,1,1,1,1,1,1
755250,1,1,1,1,1,1,1,1
755375,1,1,1,1,1,1,1,1
755500,1,1,1,1,1,1,1,1
755625,1,1,1,1,1,1,1,1
755750,1,1,1,1,1,1,1,1
755875,1,1,1,1,1,1,1,1
756000,1,1,1,1,1,1,1,1
756125,1,1,1,1,1,1,1,1
756250,1,1,1,1,1,1,1,1
756375,1,1,1,1,1,1,1,1
756500,1,1,1,1,1,1,1,1
756625,1,1,1,1,1,1,1,1
756750,1,1,1,1,1,1,1,1
756875,1,1,1,1,1,1,1,1
757000,1,1,1,1,1,1,1,1
757125,1,1,1,1,1,1,1,1
757250,1,1,1,1,1,1,1,1
757375,1,1,1,1,1,1,1,1
757500,1,1,1,1,1,1,1,1
757625,1,1,1,1,1,1,1,1
757750,1,1,1,1,1,1,1,1
757875,1,1,1,1,1,1,1,1
758000,1,1,1,1,1,1,1,1
758125,1,1,1,1,1,1,1,1
758250,1,1,1,1,1,1,1,1
758375,1,1,1,1,1,1,1,1
758500,1,1,1,1,1,1,1,1
758625,1,1,1,1,1,1,1,1
758750,1,1,1,1,1,1,1,1
758875,1,1,1,1,1,1,1,1
759000,1,1,1,1,1,1,1,1
759125,1,1,1,1,1,1,1,1
759250,1,1,1,1,1,1,1,1
759375,1,1,1,1,1,1,1,1
759500,1,1,1,1,1,1,1,1
759625,1,1,1,1,1,1,1,1
759750,1,1,1,1,1,1,1,1
759875,1,1,1,1,1,1,1,1
760000,1,1,1,1,1,1,1,1
760125,1,1,1,1,1,1,1,1
760250,1,1,1,1,1,1,1,1
760375,1,1,1,1,1,1,1,1
760500,1,1,1,1,1,1,1,1
760625,1,1,1,1,1,1,1,1
760750,1,1,1,1,1,1,1,1
760875,1,1,1,1,1,1,1,1
761000,1,1,1,1,1,1,1,1
761125,1,1,1,1,1,1,1,1
761250,1,1,1,1,1,1,1,1
761375,1,1,1,1,1,1,1,1
761500,1,1,1,1,1,1,1,1
761625,1,1,1,1,1,1,1,1
761750,1,1,1,1,1,1,1,1
761875,1,1,1,1,1,1,1,1
762000,1,1,1,1,1,1,1,1
762125,1,1,1,1,1,1,1,1
762250,1,1,1,1,1,1,1,1
762375,1,1,1,1,1,1,1,1
762500,1,1,1,1,1,1,1,1
762625,1,1,1,1,1,1,1,1
762750,1,1,1,1,1,1,1,1
762875,1,1,1,1,1,1,1,1
763000,1,1,1,1,1,1,1,1
763125,1,1,1,1,1,1,1,1
763250,1,1,1,1,1,1,1,1
763375,1,1,1,1,1,1,1,1
763500,1,1,1,1,1,1,1,1
763625,1,1,1,1,1,1,1,1
763750,1,1,1,1,1,1,1,1
763875,1,1,1,1,1,1,1,1
764000,1,1,1,1,1,1,1,1
764125,1,1,1,1,1,1,1,1
764250,1,1,1,1,1,1,1,1
764375,1,1,1,1,1,1,1,1
764500,1,1,1,1,1,1,1,1
764625,1,1,1,1,1,1,1,1
764750,1,1,1,1,1,1,1,1
764875,1,1,1,1,1,1,1,1
765000,1,1,1,1,1,1,1,1
765125,1,1,1,1,1,1,1,1
765250,1,1,1,1,1,1,1,1
765375,1,1,1,1,1,1,1,1
765500,1,1,1,1,1,1,1,1
765625,1,1,1,1,1,1,1,1
765750,1,1,1,1,1,1,1,1
765875,1,1,1,1,1,1,1,1
766000,1,1,1,1,1,1,1,1
766125,1,1,1,1,1,1,1,1
766250,1,1,1,1,1,1,1,1
766375,1,1,1,1,1,1,1,1
766500,1,1,1,1,1,1,1,1
766625,1,1,1,1,1,1,1,1
766750,1,1,1,1,1,1,1,1
766875,1,1,1,1,1,1,1,1
767000,1,1,1,1,1,1,1,1
767125,1,1,1,1,1,1,1,1
767250,1,1,1,1,1,1,1,1
767375,1,1,1,1,1,1,1,1
767500,1,1,1,1,1,1,1,1
767625,1,1,1,1,1,1,1,1
767750,1,1,1,1,1,1,1,1
767875,1,1,1,1,1,1,1,1
768000,1,1,1,1,1,1,1,1
768125,1,1,1,1,1,1,1,1
768250,1,1,1,1,1,1,1,1
768375,1,1,1,1,1,1,1,1
768500,1,1,1,1,1,1,1,1
768625,1,1,1,1,1,1,1,1
768750,1,1,1,1,1,1,1,1
768875,1,1,1,1,1,1,1,1
769000,1,1,1,1,1,1,1,1
769125,1,1,1,1,1,1,1,1
769250,1,1,1,1,1,1,1,1
769375,1,1,1,1,1,1,1,1
769500,1,1,1,1,1,1,1,1
769625,1,1,1,1,1,1,1,1
769750,1,1,1,1,1,1,1,1
769875,1,1,1,1,1,1,1,1
770000,1,1,1,1,1,1,1,1
770125,1,1,1,1,1,1,1,1
770250,1,1,1,1,1,1,1,1
770375,1,1,1,1,1,1,1,1
770500,1,1,1,1,1,1,1,1
770625,1,1,1,1,1,1,1,1
770750,1,1,1,1,1,1,1,1
770875,1,1,1,1,1,1,1,1
771000,1,1,1,1,1,1,1,1
771125,1,1,1,1,1,1,1,1
771250,1,1,1,1,1,1,1,1
771375,1,1,1,1,1,1,1,1
771500,1,1,1,1,1,1,1,1
771625,1,1,1,1,1,1,1,1
771750,1,1,1,1,1,1,1,1
771875,1,1,1,1,1,1,1,1
772000,1,1,1,1,1,1,1,1
772125,1,1,1,1,1,1,1,1
772250,1,1,1,1,1,1,1,1
772375,1,1,1,1,1,1,1,1
772500,1,1,1,1,1,1,1,1
772625,1,1,1,1,1,1,1,1
772750,1,1,1,1,1,1,1,1
772875,1,1,1,1,1,1,1,1
773000,1,1,1,1,1,1,1,1
773125,1,1,1,1,1,1,1,1
773250,1,1,1,1,1,1,1,1
773375,1,1,1,1,1,1,1,1
773500,1,1,1,1,1,1,1,1
773625,1,1,1,1,1,1,1,1
773750,1,1,1,1,1,1,1,1
773875,1,1,1,1,1,1,1,1
774000,1,1,1,1,1,1,1,1
774125,1,1,1,1,1,1,1,1
774250,1,1,1,1,1,1,1,1
774375,1,1,1,1,1,1,1,1
774500,1,1,1,1,1,1,1,1
774625,1,1,1,1,1,1,1,1
774750,1,1,1,1,1,1,1,1
774875,1,1,1,1,1,1,1,1
775000,1,1,1,1,1,1,1,1
775125,1,1,1,1,1,1,1,1
775250,1,1,1,1,1,1,1,1
775375,1,1,1,1,1,1,1,1
775500,1,1,1,1,1,1,1,1
775625,1,1,1,1,1,1,1,1
775750,1,1,1,1,1,1,1,1
775875,1,1,1,1,1,1,1,1
776000,1,1,1,1,1,1,1,1
776125,1,1,1,1,1,1,1,1
776250,1,1,1,1,1,1,1,1
776375,1,1,1,1,1,1,1,1
776500,1,1,1,1,1,1,1,1
776625,1,1,1,1,1,1,1,1
776750,1,1,1,1,1,1,1,1
776875,1,1,1,1,1,1,1,1
777000,1,1,1,1,1,1,1,1
777125,1,1,1,1,1,1,1,1
777250,1,1,1,1,1,1,1,1
777375,1,1,1,1,1,1,1,1
777500,1,1,1,1,1,1,1,1
777625,1,1,1,1,1,1,1,1
777750,1,1,1,1,1,1,1,1
777875,1,1,1,1,1,1,1,1
778000,1,1,1,1,1,1,1,1
778125,1,1,1,1,1,1,1,1
778250,1,1,1,1,1,1,1,1
778375,1,1,1,1,1,1,1,1
778500,1,1,1,1,1,1,1,1
778625,1,1,1,1,1,1,1,1
778750,1,1,1,1,1,1,1,1
778875,1,1,1,1,1,1,1,1
779000,1,1,1,1,1,1,1,1
779125,1,1,1,1,1,1,1,1
779250,1,1,1,1,1,1,1,1
779375,1,1,1,1,1,1,1,1
779500,1,1,1,1,1,1,1,1
779625,1,1,1,1,1,1,1,1
779750,1,1,1,1,1,1,1,1
779875,1,1,1,1,1,1,1,1
780000,1,1,1,1,1,1,1,1
780125,1,1,1,1,1,1,1,1
780250,1,1,1,1,1,1,1,1
780375,1,1,1,1,1,1,1,1
780500,1,1,1,1,1,1,1,1
780625,1,1,1,1,1,1,1,1
780750,1,1,1,1,1,1,1,1
780875,1,1,1,1,1,1,1,1
781000,1,1,1,1,1,1,1,1
781125,1,1,1,1,1,1,1,1
781250,1,1,1,1,1,1,1,1
781375,1,1,1,1,1,1,1,1
781500,1,1,1,1,1,1,1,1
781625,1,1,1,1,1,1,1,1
781750,1,1,1,1,1,1,1,1
781875,1,1,1,1,1,1,1,1
782000,1,1,1,1,1,1,1,1
782125,1,1,1,1,1,1,1,1
782250,1,1,1,1,1,1,1,1
782375,1,1,1,1,1,1,1,1
782500,1,1,1,1,1,1,1,1
782625,1,1,1,1,1,1,1,1
782750,1,1,1,1,1,1,1,1
782875,1,1,1,1,1,1,1,1
783000,1,1,1,1,1,1,1,1
783125,1,1,1,1,1,1,1,1
783250,1,1,1,1,1,1,1,1
783375,1,1,1,1,1,1,1,1
783500,1,1,1,1,1,1,1,1
783625,1,1,1,1,1,1,1,1
783750,1,1,1,1,1,1,1,1
783875,1,1,1,1,1,1,1,1
784000,1,1,1,1,1,1,1,1
784125,1,1,1,1,1,1,1,1
784250,1,1,1,1,1,1,1,1
784375,1,1,1,1,1,1,1,1
784500,1,1,1,1,1,1,1,1
784625,1,1,1,1,1,1,1,1
784750,1,1,1,1,1,1,1,1
784875,1,1,1,1,1,1,1,1
785000,1,1,1,1,1,1,1,1
785125,1,1,1,1,1,1,1,1
785250,1,1,1,1,1,1,1,1
785375,1,1,1,1,1,1,1,1
785500,1,1,1,1,1,1,1,1
785625,1,1,1,1,1,1,1,1
785750,1,1,1,1,1,1,1,1
785875,1,1,1,1,1,1,1,1
786000,1,1,1,1,1,1,1,1
786125,1,1,1,1,1,1,1,1
786250,1,1,1,1,1,1,1,1
786375,1,1,1,1,1,1,1,1
786500,1,1,1,1,1,1,1,1
786625,1,1,1,1,1,1,1,1
786750,1,1,1,1,1,1,1,1
786875,1,1,1,1,1,1,1,1
787000,1,1,1,1,1,1,1,1
787125,1,1,1,1,1,1,1,1
787250,1,1,1,1,1,1,1,1
787375,1,1,1,1,1,1,1,1
787500,1,1,1,1,1,1,1,1
787625,1,1,1,1,1,1,1,1
787750,1,1,1,1,1,1,1,1
787875,1,1,1,1,1,1,1,1
788000,1,1,1,1,1,1,1,1
788125,1,1,1,1,1,1,1,1
788250,1,1,1,1,1,1,1,1
788375,1,1,1,1,1,1,1,1
788500,1,1,1,1,1,1,1,1
788625,1,1,1,1,1,1,1,1
788750,1,1,1,1,1,1,1,1
788875,1,1,1,1,1,1,1,1
789000,1,1,1,1,1,1,1,1
789125,1,1,1,1,1,1,1,1
789250,1,1,1,1,1,1,1,1
789375,1,1,1,1,1,1,1,1
789500,1,1,1,1,1,1,1,1
789625,1,1,1,1,1,1,1,1
789750,1,1,1,1,1,1,1,1
789875,1,1,1,1,1,1,1,1
790000,1,1,1,1,1,1,1,1
790125,1,1,1,1,1,1,1,1
790250,1,1,1,1,1,1,1,1
790375,1,1,1,1,1,1,1,1
790500,1,1,1,1,1,1,1,1
790625,1,1,1,1,1,1,1,1
790750,1,1,1,1,1,1,1,1
790875,1,1,1,1,1,1,1,1
791000,1,1,1,1,1,1,1,1
791125,1,1,1,1,1,1,1,1
791250,1,1,1,1,1,1,1,1
791375,1,1,1,1,1,1,1,1
791500,1,1,1,1,1,1,1,1
791625,1,1,1,1,1,1,1,1
791750,1,1,1,1,1,1,1,1
791875,1,1,1,1,1,1,1,1
792000,1,1,1,1,1,1,1,1
792125,1,1,1,1,1,1,1,1
792250,1,1,1,1,1,1,1,1
792375,1,1,1,1,1,1,1,1
792500,1,1,1,1,1,1,1,1
792625,1,1,1,1,1,1,1,1
792750,1,1,1,1,1,1,1,1
792875,1,1,1,1,1,1,1,1
793000,1,1,1,1,1,1,1,1
793125,1,1,1,1,1,1,1,1
793250,1,1,1,1,1,1,1,1
793375,1,1,1,1,1,1,1,1
793500,1,1,1,1,1,1,1,1
793625,1,1,1,1,1,1,1,1
793750,1,1,1,1,1,1,1,1
793875,1,1,1,1,1,1,1,1
794000,1,1,1,1,1,1,1,1
794125,1,1,1,1,1,1,1,1
794250,1,1,1,1,1,1,1,1
794375,1,1,1,1,1,1,1,1
794500,1,1,1,1,1,1,1,1
794625,1,1,1,1,1,1,1,1
794750,1,1,1,1,1,1,1,1
794875,1,1,1,1,1,1,1,1
795000,1,1,1,1,1,1,1,1
795125,1,1,1,1,1,1,1,1
795250,1,1,1,1,1,1,1,1
795375,1,1,1,1,1,1,1,1
795500,1,1,1,1,1,1,1,1
795625,1,1,1,1,1,1,1,1
795750,1,1,1,1,1,1,1,1
795875,1,1,1,1,1,1,1,1
796000,1,1,1,1,1,1,1,1
796125,1,1,1,1,1,1,1,1
796250,1,1,1,1,1,1,1,1
796375,1,1,1,1,1,1,1,1
796500,1,1,1,1,1,1,1,1
796625,1,1,1,1,1,1,1,1
796750,1,1,1,1,1,1,1,1
796875,1,1,1,1,1,1,1,1
797000,1,1,1,1,1,1,1,1
797125,1,1,1,1,1,1,1,1
797250,1,1,1,1,1,1,1,1
797375,1,1,1,1,1,1,1,1
797500,1,1,1,1,1,1,1,1
797625,1,1,1,1,1,1,1,1
797750,1,1,1,1,1,1,1,1
797875,1,1,1,1,1,1,1,1
798000,1,1,1,1,1,1,1,1
798125,1,1,1,1,1,1,1,1
798250,1,1,1,1,1,1,1,1
798375,1,1,1,1,1,1,1,1
798500,1,1,1,1,1,1,1,1
798625,1,1,1,1,1,1,1,1
798750,1,1,1,1,1,1,1,1
798875,1,1,1,1,1,1,1,1
799000,1,1,1,1,1,1,1,1
799125,1,1,1,1,1,1,1,1
799250,1,1,1,1,1,1,1,1
799375,1,1,1,1,1,1,1,1
799500,1,1,1,1,1,1,1,1
799625,1,1,1,1,1,1,1,1
799750,1,1,1,1,1,1,1,1
799875,1,1,1,1,1,1,1,1
800000,1,1,1,1,1,1,1,1
800125,1,1,1,1,1,1,1,1
800250,1,1,1,1,1,1,1,1
800375,1,1,1,1,1,1,1,1
800500,1,1,1,1,1,1,1,1
800625,1,1,1,1,1,1,1,1
800750,1,1,1,1,1,1,1,1
800875,1,1,1,1,1,1,1,1
801000,1,1,1,1,1,1,1,1
801125,1,1,1,1,1,1,1,1
801250,1,1,1,1,1,1,1,1
801375,1,1,1,1,1,1,1,1
801500,1,1,1,1,1,1,1,1
801625,1,1,1,1,1,1,1,1
801750,1,1,1,1,1,1,1,1
801875,1,1,1,1,1,1,1,1
802000,1,1,1,1,1,1,1,1
802125,1,1,1,1,1,1,1,1
802250,1,1,1,1,1,1,1,1
802375,1,1,1,1,1,1,1,1
802500,1,1,1,1,1,1,1,1
802625,1,1,1,1,1,1,1,1
802750,1,1,1,1,1,1,1,1
802875,1,1,1,1,1,1,1,1
803000,1,1,1,1,1,1,1,1
803125,1,1,1,1,1,1,1,1
803250,1,1,1,1,1,1,1,1
803375,1,1,1,1,1,1,1,1
803500,1,1,1,1,1,1,1,1
803625,1,1,1,1,1,1,1,1
803750,1,1,1,1,1,1,1,1
803875,1,1,1,1,1,1,1,1
804000,1,1,1,1,1,1,1,1
804125,1,1,1,1,1,1,1,1
804250,1,1,1,1,1,1,1,1
804375,1,1,1,1,1,1,1,1
804500,1,1,1,1,1,1,1,1
804625,1,1,1,1,1,1,1,1
804750,1,1,1,1,1,1,1,1
804875,1,1,1,1,1,1,1,1
805000,1,1,1,1,1,1,1,1
805125,1,1,1,1,1,1,1,1
805250,1,1,1,1,1,1,1,1
805375,1,1,1,1,1,1,1,1
805500,1,1,1,1,1,1,1,1
805625,1,1,1,1,1,1,1,1
805750,1,1,1,1,1,1,1,1
805875,1,1,1,1,1,1,1,1
806000,1,1,1,1,1,1,1,1
806125,1,1,1,1,1,1,1,1
806250,1,1,1,1,1,1,1,1
806375,1,1,1,1,1,1,1,1
806500,1,1,1,1,1,1,1,1
806625,1,1,1,1,1,1,1,1
806750,1,1,1,1,1,1,1,1
806875,1,1,1,1,1,1,1,1
807000,1,1,1,1,1,1,1,1
807125,1,1,1,1,1,1,1,1
807250,1,1,1,1,1,1,1,1
807375,1,1,1,1,1,1,1,1
807500,1,1,1,1,1,1,1,1
807625,1,1,1,1,1,1,1,1
807750,1,1,1,1,1,1,1,1
807875,1,1,1,1,1,1,1,1
808000,1,1,1,1,1,1,1,1
808125,1,1,1,1,1,1,1,1
808250,1,1,1,1,1,1,1,1
808375,1,1,1,1,1,1,1,1
808500,1,1,1,1,1,1,1,1
808625,1,1,1,1,1,1,1,1
808750,1,1,1,1,1,1,1,1
808875,1,1,1,1,1,1,1,1
809000,1,1,1,1,1,1,1,1
809125,1,1,1,1,1,1,1,1
809250,1,1,1,1,1,1,1,1
809375,1,1,1,1,1,1,1,1
809500,1,1,1,1,1,1,1,1
809625,1,1,1,1,1,1,1,1
809750,1,1,1,1,1,1,1,1
809875,1,1,1,1,1,1,1,1
810000,1,1,1,1,1,1,1,1
810125,1,1,1,1,1,1,1,1
810250,1,1,1,1,1,1,1,1
810375,1,1,1,1,1,1,1,1
810500,1,1,1,1,1,1,1,1
810625,1,1,1,1,1,1,1,1
810750,1,1,1,1,1,1,1,1
810875,1,1,1,1,1,1,1,1
811000,1,1,1,1,1,1,1,1
811125,1,1,1,1,1,1,1,1
811250,1,1,1,1,1,1,1,1
811375,1,1,1,1,1,1,1,1
811500,1,1,1,1,1,1,1,1
811625,1,1,1,1,1,1,1,1
811750,1,1,1,1,1,1,1,1
811875,1,1,1,1,1,1,1,1
812000,1,1,1,1,1,1,1,1
812125,1,1,1,1,1,1,1,1
812250,1,1,1,1,1,1,1,1
812375,1,1,1,1,1,1,1,1
812500,1,1,1,1,1,1,1,1
812625,1,1,1,1,1,1,1,1
812750,1,1,1,1,1,1,1,1
812875,1,1,1,1,1,1,1,1
813000,1,1,1,1,1,1,1,1
813125,1,1,1,1,1,1,1,1
813250,1,1,1,1,1,1,1,1
813375,1,1,1,1,1,1,1,1
813500,1,1,1,1,1,1,1,1
813625,1,1,1,1,1,1,1,1
813750,1,1,1,1,1,1,1,1
813875,1,1,1,1,1,1,1,1
814000,1,1,1,1,1,1,1,1
814125,1,1,1,1,1,1,1,1
814250,1,1,1,1,1,1,1,1
814375,1,1,1,1,1,1,1,1
814500,1,1,1,1,1,1,1,1
814625,1,1,1,1,1,1,1,1
814750,1,1,1,1,1,1,1,1
814875,1,1,1,1,1,1,1,1
815000,1,1,1,1,1,1,1,1
815125,1,1,1,1,1,1,1,1
815250,1,1,1,1,1,1,1,1
815375,1,1,1,1,1,1,1,1
815500,1,1,1,1,1,1,1,1
815625,1,1,1,1,1,1,1,1
815750,1,1,1,1,1,1,1,1
815875,1,1,1,1,1,1,1,1
816000,1,1,1,1,1,1,1,1
816125,1,1,1,1,1,1,1,1
816250,1,1,1,1,1,1,1,1
816375,1,1,1,1,1,1,1,1
816500,1,1,1,1,1,1,1,1
816625,1,1,1,1,1,1,1,1
816750,1,1,1,1,1,1,1,1
816875,1,1,1,1,1,1,1,1
817000,1,1,1,1,1,1,1,1
817125,1,1,1,1,1,1,1,1
817250,1,1,1,1,1,1,1,1
817375,1,1,1,1,1,1,1,1
817500,1,1,1,1,1,1,1,1
817625,1,1,1,1,1,1,1,1
817750,1,1,1,1,1,1,1,1
817875,1,1,1,1,1,1,1,1
818000,1,1,1,1,1,1,1,1
818125,1,1,1,1,1,1,1,1
818250,1,1,1,1,1,1,1,1
818375,1,1,1,1,1,1,1,1
818500,1,1,1,1,1,1,1,1
818625,1,1,1,1,1,1,1,1
818750,1,1,1,1,1,1,1,1
818875,1,1,1,1,1,1,1,1
819000,1,1,1,1,1,1,1,1
819125,1,1,1,1,1,1,1,1
819250,1,1,1,1,1,1,1,1
819375,1,1,1,1,1,1,1,1
819500,1,1,1,1,1,1,1,1
819625,1,1,1,1,1,1,1,1
819750,1,1,1,1,1,1,1,1
819875,1,1,1,1,1,1,1,1
820000,1,1,1,1,1,1,1,1
820125,1,1,1,1,1,1,1,1
820250,1,1,1,1,1,1,1,1
820375,1,1,1,1,1,1,1,1
820500,1,1,1,1,1,1,1,1
820625,1,1,1,1,1,1,1,1
820750,1,1,1,1,1,1,1,1
820875,1,1,1,1,1,1,1,1
821000,1,1,1,1,1,1,1,1
821125,1,1,1,1,1,1,1,1
821250,1,1,1,1,1,1,1,1
821375,1,1,1,1,1,1,1,1
821500,1,1,1,1,1,1,1,1
821625,1,1,1,1,1,1,1,1
821750,1,1,1,1,1,1,1,1
821875,1,1,1,1,1,1,1,1
822000,1,1,1,1,1,1,1,1
822125,1,1,1,1,1,1,1,1
822250,1,1,1,1,1,1,1,1
822375,1,1,1,1,1,1,1,1
822500,1,1,1,1,1,1,1,1
822625,1,1,1,1,1,1,1,1
822750,1,1,1,1,1,1,1,1
822875,1,1,1,1,1,1,1,1
823000,1,1,1,1,1,1,1,1
823125,1,1,1,1,1,1,1,1
823250,1,1,1,1,1,1,1,1
823375,1,1,1,1,1,1,1,1
823500,1,1,1,1,1,1,1,1
823625,1,1,1,1,1,1,1,1
823750,1,1,1,1,1,1,1,1
823875,1,1,1,1,1,1,1,1
824000,1,1,1,1,1,1,1,1
824125,1,1,1,1,1,1,1,1
824250,1,1,1,1,1,1,1,1
824375,1,1,1,1,1,1,1,1
824500,1,1,1,1,1,1,1,1
824625,1,1,1,1,1,1,1,1
824750,1,1,1,1,1,1,1,1
824875,1,1,1,1,1,1,1,1
825000,1,1,1,1,1,1,1,1
825125,1,1,1,1,1,1,1,1
825250,1,1,1,1,1,1,1,1
825375,1,1,1,1,1,1,1,1
825500,1,1,1,1,1,1,1,1
825625,1,1,1,1,1,1,1,1
825750,1,1,1,1,1,1,1,1
825875,1,1,1,1,1,1,1,1
826000,1,1,1,1,1,1,1,1
826125,1,1,1,1,1,1,1,1
826250,1,1,1,1,1,1,1,1
826375,1,1,1,1,1,1,1,1
826500,1,1,1,1,1,1,1,1
826625,1,1,1,1,1,1,1,1
826750,1,1,1,1,1,1,1,1
826875,1,1,1,1,1,1,1,1
827000,1,1,1,1,1,1,1,1
827125,1,1,1,1,1,1,1,1
827250,1,1,1,1,1,1,1,1
827375,1,1,1,1,1,1,1,1
827500,1,1,1,1,1,1,1,1
827625,1,1,1,1,1,1,1,1
827750,1,1,1,1,1,1,1,1
827875,1,1,1,1,1,1,1,1
828000,1,1,1,1,1,1,1,1
828125,1,1,1,1,1,1,1,1
828250,1,1,1,1,1,1,1,1
828375,1,1,1,1,1,1,1,1
828500,1,1,1,1,1,1,1,1
828625,1,1,1,1,1,1,1,1
828750,1,1,1,1,1,1,1,1
828875,1,1,1,1,1,1,1,1
829000,1,1,1,1,1,1,1,1
829125,1,1,1,1,1,1,1,1
829250,1,1,1,1,1,1,1,1
829375,1,1,1,1,1,1,1,1
829500,1,1,1,1,1,1,1,1
829625,1,1,1,1,1,1,1,1
829750,1,1,1,1,1,1,1,1
829875,1,1,1,1,1,1,1,1
830000,1,1,1,1,1,1,1,1
830125,1,1,1,1,1,1,1,1
830250,1,1,1,1,1,1,1,1
830375,1,1,1,1,1,1,1,1
830500,1,1,1,1,1,1,1,1
830625,1,1,1,1,1,1,1,1
830750,1,1,1,1,1,1,1,1
830875,1,1,1,1,1,1,1,1
831000,1,1,1,1,1,1,1,1
831125,1,1,1,1,1,1,1,1
831250,1,1,1,1,1,1,1,1
831375,1,1,1,1,1,1,1,1
831500,1,1,1,1,1,1,1,1
831625,1,1,1,1,1,1,1,1
831750,1,1,1,1,1,1,1,1
831875,1,1,1,1,1,1,1,1
832000,1,1,1,1,1,1,1,1
832125,1,1,1,1,1,1,1,1
832250,1,1,1,1,1,1,1,1
832375,1,1,1,1,1,1,1,1
832500,1,1,1,1,1,1,1,1
832625,1,1,1,1,1,1,1,1
832750,1,1,1,1,1,1,1,1
832875,1,1,1,1,1,1,1,1
833000,0,1,1,1,1,1,1,1
833125,0,1,1,1,1,1,1,1
833250,0,1,1,1,1,1,1,1
833375,0,1,1,1,1,1,1,1
833500,0,1,1,1,1,1,1,1
833625,0,1,1,1,1,1,1,1
833750,0,1,1,1,1,1,1,1
833875,0,1,1,1,1,1,1,1
834000,0,1,1,1,1,1,1,1
834125,0,1,1,1,1,1,1,1
834250,0,1,1,1,1,1,1,1
834375,0,1,1,1,1,1,1,1
834500,0,1,1,1,1,1,1,1
834625,0,1,1,1,1,1,1,1
834750,0,1,1,1,1,1,1,1
834875,0,1,1,1,1,1,1,1
835000,0,1,1,1,1,1,1,1
835125,0,1,1,1,1,1,1,1
835250,0,1,1,1,1,1,1,1
835375,0,1,1,1,1,1,1,1
835500,0,1,1,1,1,1,1,1
835625,0,1,1,1,1,1,1,1
835750,0,1,1,1,1,1,1,1
835875,0,1,1,1,1,1,1,1
836000,0,1,1,1,1,1,1,1
836125,0,1,1,1,1,1,1,1
836250,0,1,1,1,1,1,1,1
836375,0,1,1,1,1,1,1,1
836500,0,1,1,1,1,1,1,1
836625,0,1,1,1,1,1,1,1
836750,0,1,1,1,1,1,1,1
836875,0,1,1,1,1,1,1,1
837000,0,1,1,1,1,1,1,1
837125,0,1,1,1,1,1,1,1
837250,0,1,1,1,1,1,1,1
837375,0,1,1,1,1,1,1,1
837500,0,1,1,1,1,1,1,1
837625,0,1,1,1,1,1,1,1
837750,0,1,1,1,1,1,1,1
837875,0,1,1,1,1,1,1,1
838000,0,1,1,1,1,1,1,1
838125,0,1,1,1,1,1,1,1
838250,0,1,1,1,1,1,1,1
838375,0,1,1,1,1,1,1,1
838500,0,1,1,1,1,1,1,1
838625,0,1,1,1,1,1,1,1
838750,0,1,1,1,1,1,1,1
838875,0,1,1,1,1,1,1,1
839000,0,1,1,1,1,1,1,1
839125,0,1,1,1,1,1,1,1
839250,0,1,1,1,1,1,1,1
839375,0,1,1,1,1,1,1,1
839500,0,1,1,1,1,1,1,1
839625,0,1,1,1,1,1,1,1
839750,0,1,1,1,1,1,1,1
839875,0,1,1,1,1,1,1,1
840000,0,1,1,1,1,1,1,1
840125,0,1,1,1,1,1,1,1
840250,0,1,1,1,1,1,1,1
840375,0,1,1,1,1,1,1,1
840500,0,1,1,1,1,1,1,1
840625,0,1,1,1,1,1,1,1
840750,0,1,1,1,1,1,1,1
840875,0,1,1,1,1,1,1,1
841000,0,1,1,1,1,1,1,1
841125,0,1,1,1,1,1,1,1
841250,0,1,1,1,1,1,1,1
841375,0,1,1,1,1,1,1,1
841500,0,1,1,1,1,1,1,1
841625,0,1,1,1,1,1,1,1
841750,0,1,1,1,1,1,1,1
841875,0,1,1,1,1,1,1,1
842000,0,1,1,1,1,1,1,1
842125,0,1,1,1,1,1,1,1
842250,0,1,1,1,1,1,1,1
842375,0,1,1,1,1,1,1,1
842500,0,1,1,1,1,1,1,1
842625,0,1,1,1,1,1,1,1
842750,0,1,1,1,1,1,1,1
842875,0,1,1,1,1,1,1,1
843000,0,1,1,1,1,1,1,1
843125,0,1,1,1,1,1,1,1
843250,0,1,1,1,1,1,1,1
843375,0,1,1,1,1,1,1,1
843500,0,1,1,1,1,1,1,1
843625,0,1,1,1,1,1,1,1
843750,0,1,1,1,1,1,1,1
843875,0,1,1,1,1,1,1,1
844000,0,1,1,1,1,1,1,1
844125,0,1,1,1,1,1,1,1
844250,0,1,1,1,1,1,1,1
844375,0,1,1,1,1,1,1,1
844500,0,1,1,1,1,1,1,1
844625,0,1,1,1,1,1,1,1
844750,0,1,1,1,1,1,1,1
844875,0,1,1,1,1,1,1,1
845000,0,1,1,1,1,1,1,1
845125,0,1,1,1,1,1,1,1
845250,0,1,1,1,1,1,1,1
845375,0,1,1,1,1,1,1,1
845500,0,1,1,1,1,1,1,1
845625,0,1,1,1,1,1,1,1
845750,0,1,1,1,1,1,1,1
845875,0,1,1,1,1,1,1,1
846000,0,1,1,1,1,1,1,1
846125,0,1,1,1,1,1,1,1
846250,0,1,1,1,1,1,1,1
846375,0,1,1,1,1,1,1,1
846500,0,1,1,1,1,1,1,1
846625,0,1,1,1,1,1,1,1
846750,0,1,1,1,1,1,1,1
846875,0,1,1,1,1,1,1,1
847000,0,1,1,1,1,1,1,1
847125,0,1,1,1,1,1,1,1
847250,0,1,1,1,1,1,1,1
847375,0,1,1,1,1,1,1,1
847500,0,1,1,1,1,1,1,1
847625,0,1,1,1,1,1,1,1
847750,0,1,1,1,1,1,1,1
847875,0,1,1,1,1,1,1,1
848000,0,1,1,1,1,1,1,1
848125,0,1,1,1,1,1,1,1
848250,0,1,1,1,1,1,1,1
848375,0,1,1,1,1,1,1,1
848500,0,1,1,1,1,1,1,1
848625,0,1,1,1,1,1,1,1
848750,0,1,1,1,1,1,1,1
848875,0,1,1,1,1,1,1,1
849000,0,1,1,1,1,1,1,1
849125,0,1,1,1,1,1,1,1
849250,0,1,1,1,1,1,1,1
849375,0,1,1,1,1,1,1,1
849500,0,1,1,1,1,1,1,1
849625,0,1,1,1,1,1,1,1
849750,0,1,1,1,1,1,1,1
849875,0,1,1,1,1,1,1,1
850000,0,1,1,1,1,1,1,1
850125,0,1,1,1,1,1,1,1
850250,0,1,1,1,1,1,1,1
850375,0,1,1,1,1,1,1,1
850500,0,1,1,1,1,1,1,1
850625,0,1,1,1,1,1,1,1
850750,0,1,1,1,1,1,1,1
850875,0,1,1,1,1,1,1,1
851000,0,1,1,1,1,1,1,1
851125,0,1,1,1,1,1,1,1
851250,0,1,1,1,1,1,1,1
851375,0,1,1,1,1,1,1,1
851500,0,1,1,1,1,1,1,1
851625,0,1,1,1,1,1,1,1
851750,0,1,1,1,1,1,1,1
851875,0,1,1,1,1,1,1,1
852000,0,1,1,1,1,1,1,1
852125,0,1,1,1,1,1,1,1
852250,0,1,1,1,1,1,1,1
852375,0,1,1,1,1,1,1,1
852500,0,1,1,1,1,1,1,1
852625,0,1,1,1,1,1,1,1
852750,0,1,1,1,1,1,1,1
852875,0,1,1,1,1,1,1,1
853000,0,1,1,1,1,1,1,1
853125,0,1,1,1,1,1,1,1
853250,0,1,1,1,1,1,1,1
853375,0,1,1,1,1,1,1,1
853500,0,1,1,1,1,1,1,1
853625,0,1,1,1,1,1,1,1
853750,0,1,1,1,1,1,1,1
853875,0,1,1,1,1,1,1,1
854000,0,1,1,1,1,1,1,1
854125,0,1,1,1,1,1,1,1
854250,0,1,1,1,1,1,1,1
854375,0,1,1,1,1,1,1,1
854500,0,1,1,1,1,1,1,1
854625,0,1,1,1,1,1,1,1
854750,0,1,1,1,1,1,1,1
854875,0,1,1,1,1,1,1,1
855000,0,1,1,1,1,1,1,1
855125,0,1,1,1,1,1,1,1
855250,0,1,1,1,1,1,1,1
855375,0,1,1,1,1,1,1,1
855500,0,1,1,1,1,1,1,1
855625,0,1,1,1,1,1,1,1
855750,0,1,1,1,1,1,1,1
855875,0,1,1,1,1,1,1,1
856000,0,1,1,1,1,1,1,1
856125,0,1,1,1,1,1,1,1
856250,0,1,1,1,1,1,1,1
856375,0,1,1,1,1,1,1,1
856500,0,1,1,1,1,1,1,1
856625,0,1,1,1,1,1,1,1
856750,0,1,1,1,1,1,1,1
856875,0,1,1,1,1,1,1,1
857000,0,1,1,1,1,1,1,1
857125,0,1,1,1,1,1,1,1
857250,0,1,1,1,1,1,1,1
857375,0,1,1,1,1,1,1,1
857500,0,1,1,1,1,1,1,1
857625,0,1,1,1,1,1,1,1
857750,0,1,1,1,1,1,1,1
857875,0,1,1,1,1,1,1,1
858000,0,1,1,1,1,1,1,1
858125,0,1,1,1,1,1,1,1
858250,0,1,1,1,1,1,1,1
858375,0,1,1,1,1,1,1,1
858500,0,1,1,1,1,1,1,1
858625,0,1,1,1,1,1,1,1
858750,0,1,1,1,1,1,1,1
858875,0,1,1,1,1,1,1,1
859000,0,1,1,1,1,1,1,1
859125,0,1,1,1,1,1,1,1
859250,0,1,1,1,1,1,1,1
859375,0,1,1,1,1,1,1,1
859500,0,1,1,1,1,1,1,1
859625,0,1,1,1,1,1,1,1
859750,0,1,1,1,1,1,1,1
859875,0,1,1,1,1,1,1,1
860000,0,1,1,1,1,1,1,1
860125,0,1,1,1,1,1,1,1
860250,0,1,1,1,1,1,1,1
860375,0,1,1,1,1,1,1,1
860500,0,1,1,1,1,1,1,1
860625,0,1,1,1,1,1,1,1
860750,0,1,1,1,1,1,1,1
860875,0,1,1,1,1,1,1,1
861000,0,1,1,1,1,1,1,1
861125,0,1,1,1,1,1,1,1
861250,0,1,1,1,1,1,1,1
861375,0,1,1,1,1,1,1,1
861500,0,1,1,1,1,1,1,1
861625,0,1,1,1,1,1,1,1
861750,0,1,1,1,1,1,1,1
861875,0,1,1,1,1,1,1,1
862000,0,1,1,1,1,1,1,1
862125,0,1,1,1,1,1,1,1
862250,0,1,1,1,1,1,1,1
862375,0,1,1,1,1,1,1,1
862500,0,1,1,1,1,1,1,1
862625,0,1,1,1,1,1,1,1
862750,0,1,1,1,1,1,1,1
862875,0,1,1,1,1,1,1,1
863000,0,1,1,1,1,1,1,1
863125,0,1,1,1,1,1,1,1
863250,0,1,1,1,1,1,1,1
863375,0,1,1,1,1,1,1,1
863500,0,1,1,1,1,1,1,1
863625,0,1,1,1,1,1,1,1
863750,0,1,1,1,1,1,1,1
863875,0,1,1,1,1,1,1,1
864000,0,1,1,1,1,1,1,1
864125,0,1,1,1,1,1,1,1
864250,0,1,1,1,1,1,1,1
864375,0,1,1,1,1,1,1,1
864500,0,1,1,1,1,1,1,1
864625,0,1,1,1,1,1,1,1
864750,0,1,1,1,1,1,1,1
864875,0,1,1,1,1,1,1,1
865000,0,1,1,1,1,1,1,1
865125,0,1,1,1,1,1,1,1
865250,0,1,1,1,1,1,1,1
865375,0,1,1,1,1,1,1,1
865500,0,1,1,1,1,1,1,1
865625,0,1,1,1,1,1,1,1
865750,0,1,1,1,1,1,1,1
865875,0,1,1,1,1,1,1,1
866000,0,1,1,1,1,1,1,1
866125,0,1,1,1,1,1,1,1
866250,0,1,1,1,1,1,1,1
866375,0,1,1,1,1,1,1,1
866500,0,1,1,1,1,1,1,1
866625,0,1,1,1,1,1,1,1
866750,0,1,1,1,1,1,1,1
866875,0,1,1,1,1,1,1,1
867000,0,1,1,1,1,1,1,1
867125,0,1,1,1,1,1,1,1
867250,0,1,1,1,1,1,1,1
867375,0,1,1,1,1,1,1,1
867500,0,1,1,1,1,1,1,1
867625,0,1,1,1,1,1,1,1
867750,0,1,1,1,1,1,1,1
867875,0,1,1,1,1,1,1,1
868000,0,1,1,1,1,1,1,1
868125,0,1,1,1,1,1,1,1
868250,0,1,1,1,1,1,1,1
868375,0,1,1,1,1,1,1,1
868500,0,1,1,1,1,1,1,1
868625,0,1,1,1,1,1,1,1
868750,0,1,1,1,1,1,1,1
868875,0,1,1,1,1,1,1,1
869000,0,1,1,1,1,1,1,1
869125,0,1,1,1,1,1,1,1
869250,0,1,1,1,1,1,1,1
869375,0,1,1,1,1,1,1,1
869500,0,1,1,1,1,1,1,1
869625,0,1,1,1,1,1,1,1
869750,0,1,1,1,1,1,1,1
869875,0,1,1,1,1,1,1,1
870000,0,1,1,1,1,1,1,1
870125,0,1,1,1,1,1,1,1
870250,0,1,1,1,1,1,1,1
870375,0,1,1,1,1,1,1,1
870500,0,1,1,1,1,1,1,1
870625,0,1,1,1,1,1,1,1
870750,0,1,1,1,1,1,1,1
870875,0,1,1,1,1,1,1,1
871000,0,1,1,1,1,1,1,1
871125,0,1,1,1,1,1,1,1
871250,0,1,1,1,1,1,1,1
871375,0,1,1,1,1,1,1,1
871500,0,1,1,1,1,1,1,1
871625,0,1,1,1,1,1,1,1
871750,0,1,1,1,1,1,1,1
871875,0,1,1,1,1,1,1,1
872000,0,1,1,1,1,1,1,1
872125,0,1,1,1,1,1,1,1
872250,0,1,1,1,1,1,1,1
872375,0,1,1,1,1,1,1,1
872500,0,1,1,1,1,1,1,1
872625,0,1,1,1,1,1,1,1
872750,0,1,1,1,1,1,1,1
872875,0,1,1,1,1,1,1,1
873000,0,1,1,1,1,1,1,1
873125,0,1,1,1,1,1,1,1
873250,0,1,1,1,1,1,1,1
873375,0,1,1,1,1,1,1,1
873500,0,1,1,1,1,1,1,1
873625,0,1,1,1,1,1,1,1
873750,0,1,1,1,1,1,1,1
873875,0,1,1,1,1,1,1,1
874000,0,1,1,1,1,1,1,1
874125,0,1,1,1,1,1,1,1
874250,0,1,1,1,1,1,1,1
874375,0,1,1,1,1,1,1,1
874500,0,1,1,1,1,1,1,1
874625,0,1,1,1,1,1,1,1
874750,0,1,1,1,1,1,1,1
874875,0,1,1,1,1,1,1,1
875000,0,1,1,1,1,1,1,1
875125,0,1,1,1,1,1,1,1
875250,0,1,1,1,1,1,1,1
875375,0,1,1,1,1,1,1,1
875500,0,1,1,1,1,1,1,1
875625,0,1,1,1,1,1,1,1
875750,0,1,1,1,1,1,1,1
875875,0,1,1,1,1,1,1,1
876000,0,1,1,1,1,1,1,1
876125,0,1,1,1,1,1,1,1
876250,0,1,1,1,1,1,1,1
876375,0,1,1,1,1,1,1,1
876500,0,1,1,1,1,1,1,1
876625,0,1,1,1,1,1,1,1
876750,0,1,1,1,1,1,1,1
876875,0,1,1,1,1,1,1,1
877000,0,1,1,1,1,1,1,1
877125,0,1,1,1,1,1,1,1
877250,0,1,1,1,1,1,1,1
877375,0,1,1,1,1,1,1,1
877500,0,1,1,1,1,1,1,1
877625,0,1,1,1,1,1,1,1
877750,0,1,1,1,1,1,1,1
877875,0,1,1,1,1,1,1,1
878000,0,1,1,1,1,1,1,1
878125,0,1,1,1,1,1,1,1
878250,0,1,1,1,1,1,1,1
878375,0,1,1,1,1,1,1,1
878500,0,1,1,1,1,1,1,1
878625,0,1,1,1,1,1,1,1
878750,0,1,1,1,1,1,1,1
878875,0,1,1,1,1,1,1,1
879000,0,1,1,1,1,1,1,1
879125,0,1,1,1,1,1,1,1
879250,0,1,1,1,1,1,1,1
879375,0,1,1,1,1,1,1,1
879500,0,1,1,1,1,1,1,1
879625,0,1,1,1,1,1,1,1
879750,0,1,1,1,1,1,1,1
879875,0,1,1,1,1,1,1,1
880000,0,1,1,1,1,1,1,1
880125,0,1,1,1,1,1,1,1
880250,0,1,1,1,1,1,1,1
880375,0,1,1,1,1,1,1,1
880500,0,1,1,1,1,1,1,1
880625,0,1,1,1,1,1,1,1
880750,0,1,1,1,1,1,1,1
880875,0,1,1,1,1,1,1,1
881000,0,1,1,1,1,1,1,1
881125,0,1,1,1,1,1,1,1
881250,0,1,1,1,1,1,1,1
881375,0,1,1,1,1,1,1,1
881500,0,1,1,1,1,1,1,1
881625,0,1,1,1,1,1,1,1
881750,0,1,1,1,1,1,1,1
881875,0,1,1,1,1,1,1,1
882000,0,1,1,1,1,1,1,1
882125,0,1,1,1,1,1,1,1
882250,0,1,1,1,1,1,1,1
882375,0,1,1,1,1,1,1,1
882500,0,1,1,1,1,1,1,1
882625,0,1,1,1,1,1,1,1
882750,0,1,1,1,1,1,1,1
882875,0,1,1,1,1,1,1,1
883000,0,1,1,1,1,1,1,1
883125,0,1,1,1,1,1,1,1
883250,0,1,1,1,1,1,1,1
883375,0,1,1,1,1,1,1,1
883500,0,1,1,1,1,1,1,1
883625,0,1,1,1,1,1,1,1
883750,0,1,1,1,1,1,1,1
883875,0,1,1,1,1,1,1,1
884000,0,1,1,1,1,1,1,1
884125,0,1,1,1,1,1,1,1
884250,0,1,1,1,1,1,1,1
884375,0,1,1,1,1,1,1,1
884500,0,1,1,1,1,1,1,1
884625,0,1,1,1,1,1,1,1
884750,0,1,1,1,1,1,1,1
884875,0,1,1,1,1,1,1,1
885000,0,1,1,1,1,1,1,1
885125,0,1,1,1,1,1,1,1
885250,0,1,1,1,1,1,1,1
885375,0,1,1,1,1,1,1,1
885500,0,1,1,1,1,1,1,1
885625,0,1,1,1,1,1,1,1
885750,0,1,1,1,1,1,1,1
885875,0,1,1,1,1,1,1,1
886000,0,1,1,1,1,1,1,1
886125,0,1,1,1,1,1,1,1
886250,0,1,1,1,1,1,1,1
886375,0,1,1,1,1,1,1,1
886500,0,1,1,1,1,1,1,1
886625,0,1,1,1,1,1,1,1
886750,0,1,1,1,1,1,1,1
886875,0,1,1,1,1,1,1,1
887000,0,1,1,1,1,1,1,1
887125,0,1,1,1,1,1,1,1
887250,0,1,1,1,1,1,1,1
887375,0,1,1,1,1,1,1,1
887500,0,1,1,1,1,1,1,1
887625,0,1,1,1,1,1,1,1
887750,0,1,1,1,1,1,1,1
887875,0,1,1,1,1,1,1,1
888000,0,1,1,1,1,1,1,1
888125,0,1,1,1,1,1,1,1
888250,0,1,1,1,1,1,1,1
888375,0,1,1,1,1,1,1,1
888500,0,1,1,1,1,1,1,1
888625,0,1,1,1,1,1,1,1
888750,0,1,1,1,1,1,1,1
888875,0,1,1,1,1,1,1,1
889000,0,1,1,1,1,1,1,1
889125,0,1,1,1,1,1,1,1
889250,0,1,1,1,1,1,1,1
889375,0,1,1,1,1,1,1,1
889500,0,1,1,1,1,1,1,1
889625,0,1,1,1,1,1,1,1
889750,0,1,1,1,1,1,1,1
889875,0,1,1,1,1,1,1,1
890000,0,1,1,1,1,1,1,1
890125,0,1,1,1,1,1,1,1
890250,0,1,1,1,1,1,1,1
890375,0,1,1,1,1,1,1,1
890500,0,1,1,1,1,1,1,1
890625,0,1,1,1,1,1,1,1
890750,0,1,1,1,1,1,1,1
890875,0,1,1,1,1,1,1,1
891000,0,1,1,1,1,1,1,1
891125,0,1,1,1,1,1,1,1
891250,0,1,1,1,1,1,1,1
891375,0,1,1,1,1,1,1,1
891500,0,1,1,1,1,1,1,1
891625,0,1,1,1,1,1,1,1
891750,0,1,1,1,1,1,1,1
891875,0,1,1,1,1,1,1,1
892000,0,1,1,1,1,1,1,1
892125,0,1,1,1,1,1,1,1
892250,0,1,1,1,1,1,1,1
892375,0,1,1,1,1,1,1,1
892500,0,1,1,1,1,1,1,1
892625,0,1,1,1,1,1,1,1
892750,0,1,1,1,1,1,1,1
892875,0,1,1,1,1,1,1,1
893000,0,1,1,1,1,1,1,1
893125,0,1,1,1,1,1,1,1
893250,0,1,1,1,1,1,1,1
893375,0,1,1,1,1,1,1,1
893500,0,1,1,1,1,1,1,1
893625,0,1,1,1,1,1,1,1
893750,0,1,1,1,1,1,1,1
893875,0,1,1,1,1,1,1,1
894000,0,1,1,1,1,1,1,1
894125,0,1,1,1,1,1,1,1
894250,0,1,1,1,1,1,1,1
894375,0,1,1,1,1,1,1,1
894500,0,1,1,1,1,1,1,1
894625,0,1,1,1,1,1,1,1
894750,0,1,1,1,1,1,1,1
894875,0,1,1,1,1,1,1,1
895000,0,1,1,1,1,1,1,1
895125,0,1,1,1,1,1,1,1
895250,0,1,1,1,1,1,1,1
895375,0,1,1,1,1,1,1,1
895500,0,1,1,1,1,1,1,1
895625,0,1,1,1,1,1,1,1
895750,0,1,1,1,1,1,1,1
895875,0,1,1,1,1,1,1,1
896000,0,1,1,1,1,1,1,1
896125,0,1,1,1,1,1,1,1
896250,0,1,1,1,1,1,1,1
896375,0,1,1,1,1,1,1,1
896500,0,1,1,1,1,1,1,1
896625,0,1,1,1,1,1,1,1
896750,0,1,1,1,1,1,1,1
896875,0,1,1,1,1,1,1,1
897000,0,1,1,1,1,1,1,1
897125,0,1,1,1,1,1,1,1
897250,0,1,1,1,1,1,1,1
897375,0,1,1,1,1,1,1,1
897500,0,1,1,1,1,1,1,1
897625,0,1,1,1,1,1,1,1
897750,0,1,1,1,1,1,1,1
897875,0,1,1,1,1,1,1,1
898000,0,1,1,1,1,1,1,1
898125,0,1,1,1,1,1,1,1
898250,0,1,1,1,1,1,1,1
898375,0,1,1,1,1,1,1,1
898500,0,1,1,1,1,1,1,1
898625,0,1,1,1,1,1,1,1
898750,0,1,1,1,1,1,1,1
898875,0,1,1,1,1,1,1,1
899000,0,1,1,1,1,1,1,1
899125,0,1,1,1,1,1,1,1
899250,0,1,1,1,1,1,1,1
899375,0,1,1,1,1,1,1,1
899500,0,1,1,1,1,1,1,1
899625,0,1,1,1,1,1,1,1
899750,0,1,1,1,1,1,1,1
899875,0,1,1,1,1,1,1,1
900000,0,1,1,1,1,1,1,1
900125,0,1,1,1,1,1,1,1
900250,0,1,1,1,1,1,1,1
900375,0,1,1,1,1,1,1,1
900500,0,1,1,1,1,1,1,1
900625,0,1,1,1,1,1,1,1
900750,0,1,1,1,1,1,1,1
900875,0,1,1,1,1,1,1,1
901000,0,1,1,1,1,1,1,1
901125,0,1,1,1,1,1,1,1
901250,0,1,1,1,1,1,1,1
901375,0,1,1,1,1,1,1,1
901500,0,1,1,1,1,1,1,1
901625,0,1,1,1,1,1,1,1
901750,0,1,1,1,1,1,1,1
901875,0,1,1,1,1,1,1,1
902000,0,1,1,1,1,1,1,1
902125,0,1,1,1,1,1,1,1
902250,0,1,1,1,1,1,1,1
902375,0,1,1,1,1,1,1,1
902500,0,1,1,1,1,1,1,1
902625,0,1,1,1,1,1,1,1
902750,0,1,1,1,1,1,1,1
902875,0,1,1,1,1,1,1,1
903000,0,1,1,1,1,1,1,1
903125,0,1,1,1,1,1,1,1
903250,0,1,1,1,1,1,1,1
903375,0,1,1,1,1,1,1,1
903500,0,1,1,1,1,1,1,1
903625,0,1,1,1,1,1,1,1
903750,0,1,1,1,1,1,1,1
903875,0,1,1,1,1,1,1,1
904000,0,1,1,1,1,1,1,1
904125,0,1,1,1,1,1,1,1
904250,0,1,1,1,1,1,1,1
904375,0,1,1,1,1,1,1,1
904500,0,1,1,1,1,1,1,1
904625,0,1,1,1,1,1,1,1
904750,0,1,1,1,1,1,1,1
904875,0,1,1,1,1,1,1,1
905000,0,1,1,1,1,1,1,1
905125,0,1,1,1,1,1,1,1
905250,0,1,1,1,1,1,1,1
905375,0,1,1,1,1,1,1,1
905500,0,1,1,1,1,1,1,1
905625,0,1,1,1,1,1,1,1
905750,0,1,1,1,1,1,1,1
905875,0,1,1,1,1,1,1,1
906000,0,1,1,1,1,1,1,1
906125,0,1,1,1,1,1,1,1
906250,0,1,1,1,1,1,1,1
906375,0,1,1,1,1,1,1,1
906500,0,1,1,1,1,1,1,1
906625,0,1,1,1,1,1,1,1
906750,0,1,1,1,1,1,1,1
906875,0,1,1,1,1,1,1,1
907000,0,1,1,1,1,1,1,1
907125,0,1,1,1,1,1,1,1
907250,0,1,1,1,1,1,1,1
907375,0,1,1,1,1,1,1,1
907500,0,1,1,1,1,1,1,1
907625,0,1,1,1,1,1,1,1
907750,0,1,1,1,1,1,1,1
907875,0,1,1,1,1,1,1,1
908000,0,1,1,1,1,1,1,1
908125,0,1,1,1,1,1,1,1
908250,0,1,1,1,1,1,1,1
908375,0,1,1,1,1,1,1,1
908500,0,1,1,1,1,1,1,1
908625,0,1,1,1,1,1,1,1
908750,0,1,1,1,1,1,1,1
908875,0,1,1,1,1,1,1,1
909000,0,1,1,1,1,1,1,1
909125,0,1,1,1,1,1,1,1
909250,0,1,1,1,1,1,1,1
909375,0,1,1,1,1,1,1,1
909500,0,1,1,1,1,1,1,1
909625,0,1,1,1,1,1,1,1
909750,0,1,1,1,1,1,1,1
909875,0,1,1,1,1,1,1,1
910000,0,1,1,1,1,1,1,1
910125,0,1,1,1,1,1,1,1
910250,0,1,1,1,1,1,1,1
910375,0,1,1,1,1,1,1,1
910500,0,1,1,1,1,1,1,1
910625,0,1,1,1,1,1,1,1
910750,0,1,1,1,1,1,1,1
910875,0,1,1,1,1,1,1,1
911000,0,1,1,1,1,1,1,1
911125,0,1,1,1,1,1,1,1
911250,0,1,1,1,1,1,1,1
911375,0,1,1,1,1,1,1,1
911500,0,1,1,1,1,1,1,1
911625,0,1,1,1,1,1,1,1
911750,0,1,1,1,1,1,1,1
911875,0,1,1,1,1,1,1,1
912000,0,1,1,1,1,1,1,1
912125,0,1,1,1,1,1,1,1
912250,0,1,1,1,1,1,1,1
912375,0,1,1,1,1,1,1,1
912500,0,1,1,1,1,1,1,1
912625,0,1,1,1,1,1,1,1
912750,0,1,1,1,1,1,1,1
912875,0,1,1,1,1,1,1,1
913000,0,1,1,1,1,1,1,1
913125,0,1,1,1,1,1,1,1
913250,0,1,1,1,1,1,1,1
913375,0,1,1,1,1,1,1,1
913500,0,1,1,1,1,1,1,1
913625,0,1,1,1,1,1,1,1
913750,0,1,1,1,1,1,1,1
913875,0,1,1,1,1,1,1,1
914000,0,1,1,1,1,1,1,1
914125,0,1,1,1,1,1,1,1
914250,0,1,1,1,1,1,1,1
914375,0,1,1,1,1,1,1,1
914500,0,1,1,1,1,1,1,1
914625,0,1,1,1,1,1,1,1
914750,0,1,1,1,1,1,1,1
914875,0,1,1,1,1,1,1,1
915000,0,1,1,1,1,1,1,1
915125,0,1,1,1,1,1,1,1
915250,0,1,1,1,1,1,1,1
915375,0,1,1,1,1,1,1,1
915500,0,1,1,1,1,1,1,1
915625,0,1,1,1,1,1,1,1
915750,0,1,1,1,1,1,1,1
915875,0,1,1,1,1,1,1,1
916000,0,1,1,1,1,1,1,1
916125,0,1,1,1,1,1,1,1
916250,0,1,1,1,1,1,1,1
916375,0,1,1,1,1,1,1,1
916500,0,1,1,1,1,1,1,1
916625,0,1,1,1,1,1,1,1
916750,0,1,1,1,1,1,1,1
916875,0,1,1,1,1,1,1,1
917000,0,1,1,1,1,1,1,1
917125,0,1,1,1,1,1,1,1
917250,0,1,1,1,1,1,1,1
917375,0,1,1,1,1,1,1,1
917500,0,1,1,1,1,1,1,1
917625,0,1,1,1,1,1,1,1
917750,0,1,1,1,1,1,1,1
917875,0,1,1,1,1,1,1,1
918000,0,1,1,1,1,1,1,1
918125,0,1,1,1,1,1,1,1
918250,0,1,1,1,1,1,1,1
918375,0,1,1,1,1,1,1,1
918500,0,1,1,1,1,1,1,1
918625,0,1,1,1,1,1,1,1
918750,0,1,1,1,1,1,1,1
918875,0,1,1,1,1,1,1,1
919000,0,1,1,1,1,1,1,1
919125,0,1,1,1,1,1,1,1
919250,0,1,1,1,1,1,1,1
919375,0,1,1,1,1,1,1,1
919500,0,1,1,1,1,1,1,1
919625,0,1,1,1,1,1,1,1
919750,0,1,1,1,1,1,1,1
919875,0,1,1,1,1,1,1,1
920000,0,1,1,1,1,1,1,1
920125,0,1,1,1,1,1,1,1
920250,0,1,1,1,1,1,1,1
920375,0,1,1,1,1,1,1,1
920500,0,1,1,1,1,1,1,1
920625,0,1,1,1,1,1,1,1
920750,0,1,1,1,1,1,1,1
920875,0,1,1,1,1,1,1,1
921000,0,1,1,1,1,1,1,1
921125,0,1,1,1,1,1,1,1
921250,0,1,1,1,1,1,1,1
921375,0,1,1,1,1,1,1,1
921500,0,1,1,1,1,1,1,1
921625,0,1,1,1,1,1,1,1
921750,0,1,1,1,1,1,1,1
921875,0,1,1,1,1,1,1,1
922000,0,1,1,1,1,1,1,1
922125,0,1,1,1,1,1,1,1
922250,0,1,1,1,1,1,1,1
922375,0,1,1,1,1,1,1,1
922500,0,1,1,1,1,1,1,1
922625,0,1,1,1,1,1,1,1
922750,0,1,1,1,1,1,1,1
922875,0,1,1,1,1,1,1,1
923000,0,1,1,1,1,1,1,1
923125,0,1,1,1,1,1,1,1
923250,0,1,1,1,1,1,1,1
923375,0,1,1,1,1,1,1,1
923500,0,1,1,1,1,1,1,1
923625,0,1,1,1,1,1,1,1
923750,0,1,1,1,1,1,1,1
923875,0,1,1,1,1,1,1,1
924000,0,1,1,1,1,1,1,1
924125,0,1,1,1,1,1,1,1
924250,0,1,1,1,1,1,1,1
924375,0,1,1,1,1,1,1,1
924500,0,1,1,1,1,1,1,1
924625,0,1,1,1,1,1,1,1
924750,0,1,1,1,1,1,1,1
924875,0,1,1,1,1,1,1,1
925000,0,1,1,1,1,1,1,1
925125,0,1,1,1,1,1,1,1
925250,0,1,1,1,1,1,1,1
925375,0,1,1,1,1,1,1,1
925500,0,1,1,1,1,1,1,1
925625,0,1,1,1,1,1,1,1
925750,0,1,1,1,1,1,1,1
925875,0,1,1,1,1,1,1,1
926000,0,1,1,1,1,1,1,1
926125,0,1,1,1,1,1,1,1
926250,0,1,1,1,1,1,1,1
926375,0,1,1,1,1,1,1,1
926500,0,1,1,1,1,1,1,1
926625,0,1,1,1,1,1,1,1
926750,0,1,1,1,1,1,1,1
926875,0,1,1,1,1,1,1,1
927000,0,1,1,1,1,1,1,1
927125,0,1,1,1,1,1,1,1
927250,0,1,1,1,1,1,1,1
927375,0,1,1,1,1,1,1,1
927500,0,1,1,1,1,1,1,1
927625,0,1,1,1,1,1,1,1
927750,0,1,1,1,1,1,1,1
927875,0,1,1,1,1,1,1,1
928000,0,1,1,1,1,1,1,1
928125,0,1,1,1,1,1,1,1
928250,0,1,1,1,1,1,1,1
928375,0,1,1,1,1,1,1,1
928500,0,1,1,1,1,1,1,1
928625,0,1,1,1,1,1,1,1
928750,0,1,1,1,1,1,1,1
928875,0,1,1,1,1,1,1,1
929000,0,1,1,1,1,1,1,1
929125,0,1,1,1,1,1,1,1
929250,0,1,1,1,1,1,1,1
929375,0,1,1,1,1,1,1,1
929500,0,1,1,1,1,1,1,1
929625,0,1,1,1,1,1,1,1
929750,0,1,1,1,1,1,1,1
929875,0,1,1,1,1,1,1,1
930000,0,1,1,1,1,1,1,1
930125,0,1,1,1,1,1,1,1
930250,0,1,1,1,1,1,1,1
930375,0,1,1,1,1,1,1,1
930500,0,1,1,1,1,1,1,1
930625,0,1,1,1,1,1,1,1
930750,0,1,1,1,1,1,1,1
930875,0,1,1,1,1,1,1,1
931000,0,1,1,1,1,1,1,1
931125,0,1,1,1,1,1,1,1
931250,0,1,1,1,1,1,1,1
931375,0,1,1,1,1,1,1,1
931500,0,1,1,1,1,1,1,1
931625,0,1,1,1,1,1,1,1
931750,0,1,1,1,1,1,1,1
931875,0,1,1,1,1,1,1,1
932000,0,1,1,1,1,1,1,1
932125,0,1,1,1,1,1,1,1
932250,0,1,1,1,1,1,1,1
932375,0,1,1,1,1,1,1,1
932500,0,1,1,1,1,1,1,1
932625,0,1,1,1,1,1,1,1
932750,0,1,1,1,1,1,1,1
932875,0,1,1,1,1,1,1,1
933000,0,1,1,1,1,1,1,1
933125,0,1,1,1,1,1,1,1
933250,0,1,1,1,1,1,1,1
933375,0,1,1,1,1,1,1,1
933500,0,1,1,1,1,1,1,1
933625,0,1,1,1,1,1,1,1
933750,0,1,1,1,1,1,1,1
933875,0,1,1,1,1,1,1,1
934000,0,1,1,1,1,1,1,1
934125,0,1,1,1,1,1,1,1
934250,0,1,1,1,1,1,1,1
934375,0,1,1,1,1,1,1,1
934500,0,1,1,1,1,1,1,1
934625,0,1,1,1,1,1,1,1
934750,0,1,1,1,1,1,1,1
934875,0,1,1,1,1,1,1,1
935000,0,1,1,1,1,1,1,1
935125,0,1,1,1,1,1,1,1
935250,0,1,1,1,1,1,1,1
935375,0,1,1,1,1,1,1,1
935500,0,1,1,1,1,1,1,1
935625,0,1,1,1,1,1,1,1
935750,0,1,1,1,1,1,1,1
935875,0,1,1,1,1,1,1,1
936000,0,1,1,1,1,1,1,1
936125,0,1,1,1,1,1,1,1
936250,0,1,1,1,1,1,1,1
936375,0,1,1,1,1,1,1,1
936500,0,1,1,1,1,1,1,1
936625,0,1,1,1,1,1,1,1
936750,0,1,1,1,1,1,1,1
936875,0,1,1,1,1,1,1,1
937000,0,1,1,1,1,1,1,1
937125,1,1,1,1,1,1,1,1
937250,1,1,1,1,1,1,1,1
937375,1,1,1,1,1,1,1,1
937500,1,1,1,1,1,1,1,1
937625,1,1,1,1,1,1,1,1
937750,1,1,1,1,1,1,1,1
937875,1,1,1,1,1,1,1,1
938000,1,1,1,1,1,1,1,1
938125,1,1,1,1,1,1,1,1
938250,1,1,1,1,1,1,1,1
938375,1,1,1,1,1,1,1,1
938500,1,1,1,1,1,1,1,1
938625,1,1,1,1,1,1,1,1
938750,1,1,1,1,1,1,1,1
938875,1,1,1,1,1,1,1,1
939000,1,1,1,1,1,1,1,1
939125,1,1,1,1,1,1,1,1
939250,1,1,1,1,1,1,1,1
939375,1,1,1,1,1,1,1,1
939500,1,1,1,1,1,1,1,1
939625,1,1,1,1,1,1,1,1
939750,1,1,1,1,1,1,1,1
939875,1,1,1,1,1,1,1,1
940000,1,1,1,1,1,1,1,1
940125,1,1,1,1,1,1,1,1
940250,1,1,1,1,1,1,1,1
940375,1,1,1,1,1,1,1,1
940500,1,1,1,1,1,1,1,1
940625,1,1,1,1,1,1,1,1
940750,1,1,1,1,1,1,1,1
940875,1,1,1,1,1,1,1,1
941000,1,1,1,1,1,1,1,1
941125,1,1,1,1,1,1,1,1
941250,1,1,1,1,1,1,1,1
941375,1,1,1,1,1,1,1,1
941500,1,1,1,1,1,1,1,1
941625,1,1,1,1,1,1,1,1
941750,1,1,1,1,1,1,1,1
941875,1,1,1,1,1,1,1,1
942000,1,1,1,1,1,1,1,1
942125,1,1,1,1,1,1,1,1
942250,1,1,1,1,1,1,1,1
942375,1,1,1,1,1,1,1,1
942500,1,1,1,1,1,1,1,1
942625,1,1,1,1,1,1,1,1
942750,1,1,1,1,1,1,1,1
942875,1,1,1,1,1,1,1,1
943000,1,1,1,1,1,1,1,1
943125,1,1,1,1,1,1,1,1
943250,1,1,1,1,1,1,1,1
943375,1,1,1,1,1,1,1,1
943500,1,1,1,1,1,1,1,1
943625,1,1,1,1,1,1,1,1
943750,1,1,1,1,1,1,1,1
943875,1,1,1,1,1,1,1,1
944000,1,1,1,1,1,1,1,1
944125,1,1,1,1,1,1,1,1
944250,1,1,1,1,1,1,1,1
944375,1,1,1,1,1,1,1,1
944500,1,1,1,1,1,1,1,1
944625,1,1,1,1,1,1,1,1
944750,1,1,1,1,1,1,1,1
944875,1,1,1,1,1,1,1,1
945000,1,1,1,1,1,1,1,1
945125,1,1,1,1,1,1,1,1
945250,1,1,1,1,1,1,1,1
945375,1,1,1,1,1,1,1,1
945500,1,1,1,1,1,1,1,1
945625,1,1,1,1,1,1,1,1
945750,1,1,1,1,1,1,1,1
945875,1,1,1,1,1,1,1,1
946000,1,1,1,1,1,1,1,1
946125,1,1,1,1,1,1,1,1
946250,1,1,1,1,1,1,1,1
946375,1,1,1,1,1,1,1,1
946500,1,1,1,1,1,1,1,1
946625,1,1,1,1,1,1,1,1
946750,1,1,1,1,1,1,1,1
946875,1,1,1,1,1,1,1,1
947000,1,1,1,1,1,1,1,1
947125,1,1,1,1,1,1,1,1
947250,1,1,1,1,1,1,1,1
947375,1,1,1,1,1,1,1,1
947500,1,1,1,1,1,1,1,1
947625,1,1,1,1,1,1,1,1
947750,1,1,1,1,1,1,1,1
947875,1,1,1,1,1,1,1,1
948000,1,1,1,1,1,1,1,1
948125,1,1,1,1,1,1,1,1
948250,1,1,1,1,1,1,1,1
948375,1,1,1,1,1,1,1,1
948500,1,1,1,1,1,1,1,1
948625,1,1,1,1,1,1,1,1
948750,1,1,1,1,1,1,1,1
948875,1,1,1,1,1,1,1,1
949000,1,1,1,1,1,1,1,1
949125,1,1,1,1,1,1,1,1
949250,1,1,1,1,1,1,1,1
949375,1,1,1,1,1,1,1,1
949500,1,1,1,1,1,1,1,1
949625,1,1,1,1,1,1,1,1
949750,1,1,1,1,1,1,1,1
949875,1,1,1,1,1,1,1,1
950000,1,1,1,1,1,1,1,1
950125,1,1,1,1,1,1,1,1
950250,1,1,1,1,1,1,1,1
950375,1,1,1,1,1,1,1,1
950500,1,1,1,1,1,1,1,1
950625,1,1,1,1,1,1,1,1
950750,1,1,1,1,1,1,1,1
950875,1,1,1,1,1,1,1,1
951000,1,1,1,1,1,1,1,1
951125,1,1,1,1,1,1,1,1
951250,1,1,1,1,1,1,1,1
951375,1,1,1,1,1,1,1,1
951500,1,1,1,1,1,1,1,1
951625,1,1,1,1,1,1,1,1
951750,1,1,1,1,1,1,1,1
951875,1,1,1,1,1,1,1,1
952000,1,1,1,1,1,1,1,1
952125,1,1,1,1,1,1,1,1
952250,1,1,1,1,1,1,1,1
952375,1,1,1,1,1,1,1,1
952500,1,1,1,1,1,1,1,1
952625,1,1,1,1,1,1,1,1
952750,1,1,1,1,1,1,1,1
952875,1,1,1,1,1,1,1,1
953000,1,1,1,1,1,1,1,1
953125,1,1,1,1,1,1,1,1
953250,1,1,1,1,1,1,1,1
953375,1,1,1,1,1,1,1,1
953500,1,1,1,1,1,1,1,1
953625,1,1,1,1,1,1,1,1
953750,1,1,1,1,1,1,1,1
953875,1,1,1,1,1,1,1,1
954000,1,1,1,1,1,1,1,1
954125,1,1,1,1,1,1,1,1
954250,1,1,1,1,1,1,1,1
954375,1,1,1,1,1,1,1,1
954500,1,1,1,1,1,1,1,1
954625,1,1,1,1,1,1,1,1
954750,1,1,1,1,1,1,1,1
954875,1,1,1,1,1,1,1,1
955000,1,1,1,1,1,1,1,1
955125,1,1,1,1,1,1,1,1
955250,1,1,1,1,1,1,1,1
955375,1,1,1,1,1,1,1,1
955500,1,1,1,1,1,1,1,1
955625,1,1,1,1,1,1,1,1
955750,1,1,1,1,1,1,1,1
955875,1,1,1,1,1,1,1,1
956000,1,1,1,1,1,1,1,1
956125,1,1,1,1,1,1,1,1
956250,1,1,1,1,1,1,1,1
956375,1,1,1,1,1,1,1,1
956500,1,1,1,1,1,1,1,1
956625,1,1,1,1,1,1,1,1
956750,1,1,1,1,1,1,1,1
956875,1,1,1,1,1,1,1,1
957000,1,1,1,1,1,1,1,1
957125,1,1,1,1,1,1,1,1
957250,1,1,1,1,1,1,1,1
957375,1,1,1,1,1,1,1,1
957500,1,1,1,1,1,1,1,1
957625,1,1,1,1,1,1,1,1
957750,1,1,1,1,1,1,1,1
957875,1,1,1,1,1,1,1,1
958000,1,1,1,1,1,1,1,1
958125,1,1,1,1,1,1,1,1
958250,1,1,1,1,1,1,1,1
958375,1,1,1,1,1,1,1,1
958500,1,1,1,1,1,1,1,1
958625,1,1,1,1,1,1,1,1
958750,1,1,1,1,1,1,1,1
958875,1,1,1,1,1,1,1,1
959000,1,1,1,1,1,1,1,1
959125,1,1,1,1,1,1,1,1
959250,1,1,1,1,1,1,1,1
959375,1,1,1,1,1,1,1,1
959500,1,1,1,1,1,1,1,1
959625,1,1,1,1,1,1,1,1
959750,1,1,1,1,1,1,1,1
959875,1,1,1,1,1,1,1,1
960000,1,1,1,1,1,1,1,1
960125,1,1,1,1,1,1,1,1
960250,1,1,1,1,1,1,1,1
960375,1,1,1,1,1,1,1,1
960500,1,1,1,1,1,1,1,1
960625,1,1,1,1,1,1,1,1
960750,1,1,1,1,1,1,1,1
960875,1,1,1,1,1,1,1,1
961000,1,1,1,1,1,1,1,1
961125,1,1,1,1,1,1,1,1
961250,1,1,1,1,1,1,1,1
961375,1,1,1,1,1,1,1,1
961500,1,1,1,1,1,1,1,1
961625,1,1,1,1,1,1,1,1
961750,1,1,1,1,1,1,1,1
961875,1,1,1,1,1,1,1,1
962000,1,1,1,1,1,1,1,1
962125,1,1,1,1,1,1,1,1
962250,1,1,1,1,1,1,1,1
962375,1,1,1,1,1,1,1,1
962500,1,1,1,1,1,1,1,1
962625,1,1,1,1,1,1,1,1
962750,1,1,1,1,1,1,1,1
962875,1,1,1,1,1,1,1,1
963000,1,1,1,1,1,1,1,1
963125,1,1,1,1,1,1,1,1
963250,1,1,1,1,1,1,1,1
963375,1,1,1,1,1,1,1,1
963500,1,1,1,1,1,1,1,1
963625,1,1,1,1,1,1,1,1
963750,1,1,1,1,1,1,1,1
963875,1,1,1,1,1,1,1,1
964000,1,1,1,1,1,1,1,1
964125,1,1,1,1,1,1,1,1
964250,1,1,1,1,1,1,1,1
964375,1,1,1,1,1,1,1,1
964500,1,1,1,1,1,1,1,1
964625,1,1,1,1,1,1,1,1
964750,1,1,1,1,1,1,1,1
964875,1,1,1,1,1,1,1,1
965000,1,1,1,1,1,1,1,1
965125,1,1,1,1,1,1,1,1
965250,1,1,1,1,1,1,1,1
965375,1,1,1,1,1,1,1,1
965500,1,1,1,1,1,1,1,1
965625,1,1,1,1,1,1,1,1
965750,1,1,1,1,1,1,1,1
965875,1,1,1,1,1,1,1,1
966000,1,1,1,1,1,1,1,1
966125,1,1,1,1,1,1,1,1
966250,1,1,1,1,1,1,1,1
966375,1,1,1,1,1,1,1,1
966500,1,1,1,1,1,1,1,1
966625,1,1,1,1,1,1,1,1
966750,1,1,1,1,1,1,1,1
966875,1,1,1,1,1,1,1,1
967000,1,1,1,1,1,1,1,1
967125,1,1,1,1,1,1,1,1
967250,1,1,1,1,1,1,1,1
967375,1,1,1,1,1,1,1,1
967500,1,1,1,1,1,1,1,1
967625,1,1,1,1,1,1,1,1
967750,1,1,1,1,1,1,1,1
967875,1,1,1,1,1,1,1,1
968000,1,1,1,1,1,1,1,1
968125,1,1,1,1,1,1,1,1
968250,1,1,1,1,1,1,1,1
968375,1,1,1,1,1,1,1,1
968500,1,1,1,1,1,1,1,1
968625,1,1,1,1,1,1,1,1
968750,1,1,1,1,1,1,1,1
968875,1,1,1,1,1,1,1,1
969000,1,1,1,1,1,1,1,1
969125,1,1,1,1,1,1,1,1
969250,1,1,1,1,1,1,1,1
969375,1,1,1,1,1,1,1,1
969500,1,1,1,1,1,1,1,1
969625,1,1,1,1,1,1,1,1
969750,1,1,1,1,1,1,1,1
969875,1,1,1,1,1,1,1,1
970000,1,1,1,1,1,1,1,1
970125,1,1,1,1,1,1,1,1
970250,1,1,1,1,1,1,1,1
970375,1,1,1,1,1,1,1,1
970500,1,1,1,1,1,1,1,1
970625,1,1,1,1,1,1,1,1
970750,1,1,1,1,1,1,1,1
970875,1,1,1,1,1,1,1,1
971000,1,1,1,1,1,1,1,1
971125,1,1,1,1,1,1,1,1
971250,1,1,1,1,1,1,1,1
971375,1,1,1,1,1,1,1,1
971500,1,1,1,1,1,1,1,1
971625,1,1,1,1,1,1,1,1
971750,1,1,1,1,1,1,1,1
971875,1,1,1,1,1,1,1,1
972000,1,1,1,1,1,1,1,1
972125,1,1,1,1,1,1,1,1
972250,1,1,1,1,1,1,1,1
972375,1,1,1,1,1,1,1,1
972500,1,1,1,1,1,1,1,1
972625,1,1,1,1,1,1,1,1
972750,1,1,1,1,1,1,1,1
972875,1,1,1,1,1,1,1,1
973000,1,1,1,1,1,1,1,1
973125,1,1,1,1,1,1,1,1
973250,1,1,1,1,1,1,1,1
973375,1,1,1,1,1,1,1,1
973500,1,1,1,1,1,1,1,1
973625,1,1,1,1,1,1,1,1
973750,1,1,1,1,1,1,1,1
973875,1,1,1,1,1,1,1,1
974000,1,1,1,1,1,1,1,1
974125,1,1,1,1,1,1,1,1
974250,1,1,1,1,1,1,1,1
974375,1,1,1,1,1,1,1,1
974500,1,1,1,1,1,1,1,1
974625,1,1,1,1,1,1,1,1
974750,1,1,1,1,1,1,1,1
974875,1,1,1,1,1,1,1,1
975000,1,1,1,1,1,1,1,1
975125,1,1,1,1,1,1,1,1
975250,1,1,1,1,1,1,1,1
975375,1,1,1,1,1,1,1,1
975500,1,1,1,1,1,1,1,1
975625,1,1,1,1,1,1,1,1
975750,1,1,1,1,1,1,1,1
975875,1,1,1,1,1,1,1,1
976000,1,1,1,1,1,1,1,1
976125,1,1,1,1,1,1,1,1
976250,1,1,1,1,1,1,1,1
976375,1,1,1,1,1,1,1,1
976500,1,1,1,1,1,1,1,1
976625,1,1,1,1,1,1,1,1
976750,1,1,1,1,1,1,1,1
976875,1,1,1,1,1,1,1,1
977000,1,1,1,1,1,1,1,1
977125,1,1,1,1,1,1,1,1
977250,1,1,1,1,1,1,1,1
977375,1,1,1,1,1,1,1,1
977500,1,1,1,1,1,1,1,1
977625,1,1,1,1,1,1,1,1
977750,1,1,1,1,1,1,1,1
977875,1,1,1,1,1,1,1,1
978000,1,1,1,1,1,1,1,1
978125,1,1,1,1,1,1,1,1
978250,1,1,1,1,1,1,1,1
978375,1,1,1,1,1,1,1,1
978500,1,1,1,1,1,1,1,1
978625,1,1,1,1,1,1,1,1
978750,1,1,1,1,1,1,1,1
978875,1,1,1,1,1,1,1,1
979000,1,1,1,1,1,1,1,1
979125,1,1,1,1,1,1,1,1
979250,1,1,1,1,1,1,1,1
979375,1,1,1,1,1,1,1,1
979500,1,1,1,1,1,1,1,1
979625,1,1,1,1,1,1,1,1
979750,1,1,1,1,1,1,1,1
979875,1,1,1,1,1,1,1,1
980000,1,1,1,1,1,1,1,1
980125,1,1,1,1,1,1,1,1
980250,1,1,1,1,1,1,1,1
980375,1,1,1,1,1,1,1,1
980500,1,1,1,1,1,1,1,1
980625,1,1,1,1,1,1,1,1
980750,1,1,1,1,1,1,1,1
980875,1,1,1,1,1,1,1,1
981000,1,1,1,1,1,1,1,1
981125,1,1,1,1,1,1,1,1
981250,1,1,1,1,1,1,1,1
981375,1,1,1,1,1,1,1,1
981500,1,1,1,1,1,1,1,1
981625,1,1,1,1,1,1,1,1
981750,1,1,1,1,1,1,1,1
981875,1,1,1,1,1,1,1,1
982000,1,1,1,1,1,1,1,1
982125,1,1,1,1,1,1,1,1
982250,1,1,1,1,1,1,1,1
982375,1,1,1,1,1,1,1,1
982500,1,1,1,1,1,1,1,1
982625,1,1,1,1,1,1,1,1
982750,1,1,1,1,1,1,1,1
982875,1,1,1,1,1,1,1,1
983000,1,1,1,1,1,1,1,1
983125,1,1,1,1,1,1,1,1
983250,1,1,1,1,1,1,1,1
983375,1,1,1,1,1,1,1,1
983500,1,1,1,1,1,1,1,1
983625,1,1,1,1,1,1,1,1
983750,1,1,1,1,1,1,1,1
983875,1,1,1,1,1,1,1,1
984000,1,1,1,1,1,1,1,1
984125,1,1,1,1,1,1,1,1
984250,1,1,1,1,1,1,1,1
984375,1,1,1,1,1,1,1,1
984500,1,1,1,1,1,1,1,1
984625,1,1,1,1,1,1,1,1
984750,1,1,1,1,1,1,1,1
984875,1,1,1,1,1,1,1,1
985000,1,1,1,1,1,1,1,1
985125,1,1,1,1,1,1,1,1
985250,1,1,1,1,1,1,1,1
985375,1,1,1,1,1,1,1,1
985500,1,1,1,1,1,1,1,1
985625,1,1,1,1,1,1,1,1
985750,1,1,1,1,1,1,1,1
985875,1,1,1,1,1,1,1,1
986000,1,1,1,1,1,1,1,1
986125,1,1,1,1,1,1,1,1
986250,1,1,1,1,1,1,1,1
986375,1,1,1,1,1,1,1,1
986500,1,1,1,1,1,1,1,1
986625,1,1,1,1,1,1,1,1
986750,1,1,1,1,1,1,1,1
986875,1,1,1,1,1,1,1,1
987000,1,1,1,1,1,1,1,1
987125,1,1,1,1,1,1,1,1
987250,1,1,1,1,1,1,1,1
987375,1,1,1,1,1,1,1,1
987500,1,1,1,1,1,1,1,1
987625,1,1,1,1,1,1,1,1
987750,1,1,1,1,1,1,1,1
987875,1,1,1,1,1,1,1,1
988000,1,1,1,1,1,1,1,1
988125,1,1,1,1,1,1,1,1
988250,1,1,1,1,1,1,1,1
988375,1,1,1,1,1,1,1,1
988500,1,1,1,1,1,1,1,1
988625,1,1,1,1,1,1,1,1
988750,1,1,1,1,1,1,1,1
988875,1,1,1,1,1,1,1,1
989000,1,1,1,1,1,1,1,1
989125,1,1,1,1,1,1,1,1
989250,1,1,1,1,1,1,1,1
989375,1,1,1,1,1,1,1,1
989500,1,1,1,1,1,1,1,1
989625,1,1,1,1,1,1,1,1
989750,1,1,1,1,1,1,1,1
989875,1,1,1,1,1,1,1,1
990000,1,1,1,1,1,1,1,1
990125,1,1,1,1,1,1,1,1
990250,1,1,1,1,1,1,1,1
990375,1,1,1,1,1,1,1,1
990500,1,1,1,1,1,1,1,1
990625,1,1,1,1,1,1,1,1
990750,1,1,1,1,1,1,1,1
990875,1,1,1,1,1,1,1,1
991000,1,1,1,1,1,1,1,1
991125,1,1,1,1,1,1,1,1
991250,1,1,1,1,1,1,1,1
991375,1,1,1,1,1,1,1,1
991500,1,1,1,1,1,1,1,1
991625,1,1,1,1,1,1,1,1
991750,1,1,1,1,1,1,1,1
991875,1,1,1,1,1,1,1,1
992000,1,1,1,1,1,1,1,1
992125,1,1,1,1,1,1,1,1
992250,1,1,1,1,1,1,1,1
992375,1,1,1,1,1,1,1,1
992500,1,1,1,1,1,1,1,1
992625,1,1,1,1,1,1,1,1
992750,1,1,1,1,1,1,1,1
992875,1,1,1,1,1,1,1,1
993000,1,1,1,1,1,1,1,1
993125,1,1,1,1,1,1,1,1
993250,1,1,1,1,1,1,1,1
993375,1,1,1,1,1,1,1,1
993500,1,1,1,1,1,1,1,1
993625,1,1,1,1,1,1,1,1
993750,1,1,1,1,1,1,1,1
993875,1,1,1,1,1,1,1,1
994000,1,1,1,1,1,1,1,1
994125,1,1,1,1,1,1,1,1
994250,1,1,1,1,1,1,1,1
994375,1,1,1,1,1,1,1,1
994500,1,1,1,1,1,1,1,1
994625,1,1,1,1,1,1,1,1
994750,1,1,1,1,1,1,1,1
994875,1,1,1,1,1,1,1,1
995000,1,1,1,1,1,1,1,1
995125,1,1,1,1,1,1,1,1
995250,1,1,1,1,1,1,1,1
995375,1,1,1,1,1,1,1,1
995500,1,1,1,1,1,1,1,1
995625,1,1,1,1,1,1,1,1
995750,1,1,1,1,1,1,1,1
995875,1,1,1,1,1,1,1,1
996000,1,1,1,1,1,1,1,1
996125,1,1,1,1,1,1,1,1
996250,1,1,1,1,1,1,1,1
996375,1,1,1,1,1,1,1,1
996500,1,1,1,1,1,1,1,1
996625,1,1,1,1,1,1,1,1
996750,1,1,1,1,1,1,1,1
996875,1,1,1,1,1,1,1,1
997000,1,1,1,1,1,1,1,1
997125,1,1,1,1,1,1,1,1
997250,1,1,1,1,1,1,1,1
997375,1,1,1,1,1,1,1,1
997500,1,1,1,1,1,1,1,1
997625,1,1,1,1,1,1,1,1
997750,1,1,1,1,1,1,1,1
997875,1,1,1,1,1,1,1,1
998000,1,1,1,1,1,1,1,1
998125,1,1,1,1,1,1,1,1
998250,1,1,1,1,1,1,1,1
998375,1,1,1,1,1,1,1,1
998500,1,1,1,1,1,1,1,1
998625,1,1,1,1,1,1,1,1
998750,1,1,1,1,1,1,1,1
998875,1,1,1,1,1,1,1,1
999000,1,1,1,1,1,1,1,1
999125,1,1,1,1,1,1,1,1
999250,1,1,1,1,1,1,1,1
999375,1,1,1,1,1,1,1,1
999500,1,1,1,1,1,1,1,1
999625,1,1,1,1,1,1,1,1
999750,1,1,1,1,1,1,1,1
999875,1,1,1,1,1,1,1,1
1000000,1,1,1,1,1,1,1,1
1000125,1,1,1,1,1,1,1,1
1000250,1,1,1,1,1,1,1,1
1000375,1,1,1,1,1,1,1,1
1000500,1,1,1,1,1,1,1,1
1000625,1,1,1,1,1,1,1,1
1000750,1,1,1,1,1,1,1,1
1000875,1,1,1,1,1,1,1,1
1001000,1,1,1,1,1,1,1,1
1001125,1,1,1,1,1,1,1,1
1001250,1,1,1,1,1,1,1,1
1001375,1,1,1,1,1,1,1,1
1001500,1,1,1,1,1,1,1,1
1001625,1,1,1,1,1,1,1,1
1001750,1,1,1,1,1,1,1,1
1001875,1,1,1,1,1,1,1,1
1002000,1,1,1,1,1,1,1,1
1002125,1,1,1,1,1,1,1,1
1002250,1,1,1,1,1,1,1,1
1002375,1,1,1,1,1,1,1,1
1002500,1,1,1,1,1,1,1,1
1002625,1,1,1,1,1,1,1,1
1002750,1,1,1,1,1,1,1,1
1002875,1,1,1,1,1,1,1,1
1003000,1,1,1,1,1,1,1,1
1003125,1,1,1,1,1,1,1,1
1003250,1,1,1,1,1,1,1,1
1003375,1,1,1,1,1,1,1,1
1003500,1,1,1,1,1,1,1,1
1003625,1,1,1,1,1,1,1,1
1003750,1,1,1,1,1,1,1,1
1003875,1,1,1,1,1,1,1,1
1004000,1,1,1,1,1,1,1,1
1004125,1,1,1,1,1,1,1,1
1004250,1,1,1,1,1,1,1,1
1004375,1,1,1,1,1,1,1,1
1004500,1,1,1,1,1,1,1,1
1004625,1,1,1,1,1,1,1,1
1004750,1,1,1,1,1,1,1,1
1004875,1,1,1,1,1,1,1,1
1005000,1,1,1,1,1,1,1,1
1005125,1,1,1,1,1,1,1,1
1005250,1,1,1,1,1,1,1,1
1005375,1,1,1,1,1,1,1,1
1005500,1,1,1,1,1,1,1,1
1005625,1,1,1,1,1,1,1,1
1005750,1,1,1,1,1,1,1,1
1005875,1,1,1,1,1,1,1,1
1006000,1,1,1,1,1,1,1,1
1006125,1,1,1,1,1,1,1,1
1006250,1,1,1,1,1,1,1,1
1006375,1,1,1,1,1,1,1,1
1006500,1,1,1,1,1,1,1,1
1006625,1,1,1,1,1,1,1,1
1006750,1,1,1,1,1,1,1,1
1006875,1,1,1,1,1,1,1,1
1007000,1,1,1,1,1,1,1,1
1007125,1,1,1,1,1,1,1,1
1007250,1,1,1,1,1,1,1,1
1007375,1,1,1,1,1,1,1,1
1007500,1,1,1,1,1,1,1,1
1007625,1,1,1,1,1,1,1,1
1007750,1,1,1,1,1,1,1,1
1007875,1,1,1,1,1,1,1,1
1008000,1,1,1,1,1,1,1,1
1008125,1,1,1,1,1,1,1,1
1008250,1,1,1,1,1,1,1,1
1008375,1,1,1,1,1,1,1,1
1008500,1,1,1,1,1,1,1,1
1008625,1,1,1,1,1,1,1,1
1008750,1,1,1,1,1,1,1,1
1008875,1,1,1,1,1,1,1,1
1009000,1,1,1,1,1,1,1,1
1009125,1,1,1,1,1,1,1,1
1009250,1,1,1,1,1,1,1,1
1009375,1,1,1,1,1,1,1,1
1009500,1,1,1,1,1,1,1,1
1009625,1,1,1,1,1,1,1,1
1009750,1,1,1,1,1,1,1,1
1009875,1,1,1,1,1,1,1,1
1010000,1,1,1,1,1,1,1,1
1010125,1,1,1,1,1,1,1,1
1010250,1,1,1,1,1,1,1,1
1010375,1,1,1,1,1,1,1,1
1010500,1,1,1,1,1,1,1,1
1010625,1,1,1,1,1,1,1,1
1010750,1,1,1,1,1,1,1,1
1010875,1,1,1,1,1,1,1,1
1011000,1,1,1,1,1,1,1,1
1011125,1,1,1,1,1,1,1,1
1011250,1,1,1,1,1,1,1,1
1011375,1,1,1,1,1,1,1,1
1011500,1,1,1,1,1,1,1,1
1011625,1,1,1,1,1,1,1,1
1011750,1,1,1,1,1,1,1,1
1011875,1,1,1,1,1,1,1,1
1012000,1,1,1,1,1,1,1,1
1012125,1,1,1,1,1,1,1,1
1012250,1,1,1,1,1,1,1,1
1012375,1,1,1,1,1,1,1,1
1012500,1,1,1,1,1,1,1,1
1012625,1,1,1,1,1,1,1,1
1012750,1,1,1,1,1,1,1,1
1012875,1,1,1,1,1,1,1,1
1013000,1,1,1,1,1,1,1,1
1013125,1,1,1,1,1,1,1,1
1013250,1,1,1,1,1,1,1,1
1013375,1,1,1,1,1,1,1,1
1013500,1,1,1,1,1,1,1,1
1013625,1,1,1,1,1,1,1,1
1013750,1,1,1,1,1,1,1,1
1013875,1,1,1,1,1,1,1,1
1014000,1,1,1,1,1,1,1,1
1014125,1,1,1,1,1,1,1,1
1014250,1,1,1,1,1,1,1,1
1014375,1,1,1,1,1,1,1,1
1014500,1,1,1,1,1,1,1,1
1014625,1,1,1,1,1,1,1,1
1014750,1,1,1,1,1,1,1,1
1014875,1,1,1,1,1,1,1,1
1015000,1,1,1,1,1,1,1,1
1015125,1,1,1,1,1,1,1,1
1015250,1,1,1,1,1,1,1,1
1015375,1,1,1,1,1,1,1,1
1015500,1,1,1,1,1,1,1,1
1015625,1,1,1,1,1,1,1,1
1015750,1,1,1,1,1,1,1,1
1015875,1,1,1,1,1,1,1,1
1016000,1,1,1,1,1,1,1,1
1016125,1,1,1,1,1,1,1,1
1016250,1,1,1,1,1,1,1,1
1016375,1,1,1,1,1,1,1,1
1016500,1,1,1,1,1,1,1,1
1016625,1,1,1,1,1,1,1,1
1016750,1,1,1,1,1,1,1,1
1016875,1,1,1,1,1,1,1,1
1017000,1,1,1,1,1,1,1,1
1017125,1,1,1,1,1,1,1,1
1017250,1,1,1,1,1,1,1,1
1017375,1,1,1,1,1,1,1,1
1017500,1,1,1,1,1,1,1,1
1017625,1,1,1,1,1,1,1,1
1017750,1,1,1,1,1,1,1,1
1017875,1,1,1,1,1,1,1,1
1018000,1,1,1,1,1,1,1,1
1018125,1,1,1,1,1,1,1,1
1018250,1,1,1,1,1,1,1,1
1018375,1,1,1,1,1,1,1,1
1018500,1,1,1,1,1,1,1,1
1018625,1,1,1,1,1,1,1,1
1018750,1,1,1,1,1,1,1,1
1018875,1,1,1,1,1,1,1,1
1019000,1,1,1,1,1,1,1,1
1019125,1,1,1,1,1,1,1,1
1019250,1,1,1,1,1,1,1,1
1019375,1,1,1,1,1,1,1,1
1019500,1,1,1,1,1,1,1,1
1019625,1,1,1,1,1,1,1,1
1019750,1,1,1,1,1,1,1,1
1019875,1,1,1,1,1,1,1,1
1020000,1,1,1,1,1,1,1,1
1020125,1,1,1,1,1,1,1,1
1020250,1,1,1,1,1,1,1,1
1020375,1,1,1,1,1,1,1,1
1020500,1,1,1,1,1,1,1,1
1020625,1,1,1,1,1,1,1,1
1020750,1,1,1,1,1,1,1,1
1020875,1,1,1,1,1,1,1,1
1021000,1,1,1,1,1,1,1,1
1021125,1,1,1,1,1,1,1,1
1021250,1,1,1,1,1,1,1,1
1021375,1,1,1,1,1,1,1,1
1021500,1,1,1,1,1,1,1,1
1021625,1,1,1,1,1,1,1,1
1021750,1,1,1,1,1,1,1,1
1021875,1,1,1,1,1,1,1,1
1022000,1,1,1,1,1,1,1,1
1022125,1,1,1,1,1,1,1,1
1022250,1,1,1,1,1,1,1,1
1022375,1,1,1,1,1,1,1,1
1022500,1,1,1,1,1,1,1,1
1022625,1,1,1,1,1,1,1,1
1022750,1,1,1,1,1,1,1,1
1022875,1,1,1,1,1,1,1,1
1023000,1,1,1,1,1,1,1,1
1023125,1,1,1,1,1,1,1,1
1023250,1,1,1,1,1,1,1,1
1023375,1,1,1,1,1,1,1,1
1023500,1,1,1,1,1,1,1,1
1023625,1,1,1,1,1,1,1,1
1023750,1,1,1,1,1,1,1,1
1023875,1,1,1,1,1,1,1,1
1024000,1,1,1,1,1,1,1,1
1024125,1,1,1,1,1,1,1,1
1024250,1,1,1,1,1,1,1,1
1024375,1,1,1,1,1,1,1,1
1024500,1,1,1,1,1,1,1,1
1024625,1,1,1,1,1,1,1,1
1024750,1,1,1,1,1,1,1,1
1024875,1,1,1,1,1,1,1,1
1025000,1,1,1,1,1,1,1,1
1025125,1,1,1,1,1,1,1,1
1025250,1,1,1,1,1,1,1,1
1025375,1,1,1,1,1,1,1,1
1025500,1,1,1,1,1,1,1,1
1025625,1,1,1,1,1,1,1,1
1025750,1,1,1,1,1,1,1,1
1025875,1,1,1,1,1,1,1,1
1026000,1,1,1,1,1,1,1,1
1026125,1,1,1,1,1,1,1,1
1026250,1,1,1,1,1,1,1,1
1026375,1,1,1,1,1,1,1,1
1026500,1,1,1,1,1,1,1,1
1026625,1,1,1,1,1,1,1,1
1026750,1,1,1,1,1,1,1,1
1026875,1,1,1,1,1,1,1,1
1027000,1,1,1,1,1,1,1,1
1027125,1,1,1,1,1,1,1,1
1027250,1,1,1,1,1,1,1,1
1027375,1,1,1,1,1,1,1,1
1027500,1,1,1,1,1,1,1,1
1027625,1,1,1,1,1,1,1,1
1027750,1,1,1,1,1,1,1,1
1027875,1,1,1,1,1,1,1,1
1028000,1,1,1,1,1,1,1,1
1028125,1,1,1,1,1,1,1,1
1028250,1,1,1,1,1,1,1,1
1028375,1,1,1,1,1,1,1,1
1028500,1,1,1,1,1,1,1,1
1028625,1,1,1,1,1,1,1,1
1028750,1,1,1,1,1,1,1,1
1028875,1,1,1,1,1,1,1,1
1029000,1,1,1,1,1,1,1,1
1029125,1,1,1,1,1,1,1,1
1029250,1,1,1,1,1,1,1,1
1029375,1,1,1,1,1,1,1,1
1029500,1,1,1,1,1,1,1,1
1029625,1,1,1,1,1,1,1,1
1029750,1,1,1,1,1,1,1,1
1029875,1,1,1,1,1,1,1,1
1030000,1,1,1,1,1,1,1,1
1030125,1,1,1,1,1,1,1,1
1030250,1,1,1,1,1,1,1,1
1030375,1,1,1,1,1,1,1,1
1030500,1,1,1,1,1,1,1,1
1030625,1,1,1,1,1,1,1,1
1030750,1,1,1,1,1,1,1,1
1030875,1,1,1,1,1,1,1,1
1031000,1,1,1,1,1,1,1,1
1031125,1,1,1,1,1,1,1,1
1031250,1,1,1,1,1,1,1,1
1031375,1,1,1,1,1,1,1,1
1031500,1,1,1,1,1,1,1,1
1031625,1,1,1,1,1,1,1,1
1031750,1,1,1,1,1,1,1,1
1031875,1,1,1,1,1,1,1,1
1032000,1,1,1,1,1,1,1,1
1032125,1,1,1,1,1,1,1,1
1032250,1,1,1,1,1,1,1,1
1032375,1,1,1,1,1,1,1,1
1032500,1,1,1,1,1,1,1,1
1032625,1,1,1,1,1,1,1,1
1032750,1,1,1,1,1,1,1,1
1032875,1,1,1,1,1,1,1,1
1033000,1,1,1,1,1,1,1,1
1033125,1,1,1,1,1,1,1,1
1033250,1,1,1,1,1,1,1,1
1033375,1,1,1,1,1,1,1,1
1033500,1,1,1,1,1,1,1,1
1033625,1,1,1,1,1,1,1,1
1033750,1,1,1,1,1,1,1,1
1033875,1,1,1,1,1,1,1,1
1034000,1,1,1,1,1,1,1,1
1034125,1,1,1,1,1,1,1,1
1034250,1,1,1,1,1,1,1,1
1034375,1,1,1,1,1,1,1,1
1034500,1,1,1,1,1,1,1,1
1034625,1,1,1,1,1,1,1,1
1034750,1,1,1,1,1,1,1,1
1034875,1,1,1,1,1,1,1,1
1035000,1,1,1,1,1,1,1,1
1035125,1,1,1,1,1,1,1,1
1035250,1,1,1,1,1,1,1,1
1035375,1,1,1,1,1,1,1,1
1035500,1,1,1,1,1,1,1,1
1035625,1,1,1,1,1,1,1,1
1035750,1,1,1,1,1,1,1,1
1035875,1,1,1,1,1,1,1,1
1036000,1,1,1,1,1,1,1,1
1036125,1,1,1,1,1,1,1,1
1036250,1,1,1,1,1,1,1,1
1036375,1,1,1,1,1,1,1,1
1036500,1,1,1,1,1,1,1,1
1036625,1,1,1,1,1,1,1,1
1036750,1,1,1,1,1,1,1,1
1036875,1,1,1,1,1,1,1,1
1037000,1,1,1,1,1,1,1,1
1037125,1,1,1,1,1,1,1,1
1037250,1,1,1,1,1,1,1,1
1037375,1,1,1,1,1,1,1,1
1037500,1,1,1,1,1,1,1,1
1037625,1,1,1,1,1,1,1,1
1037750,1,1,1,1,1,1,1,1
1037875,1,1,1,1,1,1,1,1
1038000,1,1,1,1,1,1,1,1
1038125,1,1,1,1,1,1,1,1
1038250,1,1,1,1,1,1,1,1
1038375,1,1,1,1,1,1,1,1
1038500,1,1,1,1,1,1,1,1
1038625,1,1,1,1,1,1,1,1
1038750,1,1,1,1,1,1,1,1
1038875,1,1,1,1,1,1,1,1
1039000,1,1,1,1,1,1,1,1
1039125,1,1,1,1,1,1,1,1
1039250,1,1,1,1,1,1,1,1
1039375,1,1,1,1,1,1,1,1
1039500,1,1,1,1,1,1,1,1
1039625,1,1,1,1,1,1,1,1
1039750,1,1,1,1,1,1,1,1
1039875,1,1,1,1,1,1,1,1
1040000,1,1,1,1,1,1,1,1
1040125,1,1,1,1,1,1,1,1
1040250,1,1,1,1,1,1,1,1
1040375,1,1,1,1,1,1,1,1
1040500,1,1,1,1,1,1,1,1
1040625,1,1,1,1,1,1,1,1
1040750,1,1,1,1,1,1,1,1
1040875,1,1,1,1,1,1,1,1
1041000,1,1,1,1,1,1,1,1
1041125,1,1,1,1,1,1,1,1
1041250,1,1,1,1,1,1,1,1
1041375,1,1,1,1,1,1,1,1
1041500,1,1,1,1,1,1,1,1
1041625,1,1,1,1,1,1,1,1
1041750,1,1,1,1,1,1,1,1
1041875,1,1,1,1,1,1,1,1
1042000,1,1,1,1,1,1,1,1
1042125,1,1,1,1,1,1,1,1
1042250,1,1,1,1,1,1,1,1
1042375,1,1,1,1,1,1,1,1
1042500,1,1,1,1,1,1,1,1
1042625,1,1,1,1,1,1,1,1
1042750,1,1,1,1,1,1,1,1
1042875,1,1,1,1,1,1,1,1
1043000,1,1,1,1,1,1,1,1
1043125,1,1,1,1,1,1,1,1
1043250,1,1,1,1,1,1,1,1
1043375,1,1,1,1,1,1,1,1
1043500,1,1,1,1,1,1,1,1
1043625,1,1,1,1,1,1,1,1
1043750,1,1,1,1,1,1,1,1
1043875,1,1,1,1,1,1,1,1
1044000,1,1,1,1,1,1,1,1
1044125,1,1,1,1,1,1,1,1
1044250,1,1,1,1,1,1,1,1
1044375,1,1,1,1,1,1,1,1
1044500,1,1,1,1,1,1,1,1
1044625,1,1,1,1,1,1,1,1
1044750,1,1,1,1,1,1,1,1
1044875,1,1,1,1,1,1,1,1
1045000,1,1,1,1,1,1,1,1
1045125,1,1,1,1,1,1,1,1
1045250,1,1,1,1,1,1,1,1
1045375,1,1,1,1,1,1,1,1
1045500,1,1,1,1,1,1,1,1
1045625,1,1,1,1,1,1,1,1
1045750,1,1,1,1,1,1,1,1
1045875,1,1,1,1,1,1,1,1
1046000,1,1,1,1,1,1,1,1
1046125,1,1,1,1,1,1,1,1
1046250,1,1,1,1,1,1,1,1
1046375,1,1,1,1,1,1,1,1
1046500,1,1,1,1,1,1,1,1
1046625,1,1,1,1,1,1,1,1
1046750,1,1,1,1,1,1,1,1
1046875,1,1,1,1,1,1,1,1
1047000,1,1,1,1,1,1,1,1
1047125,1,1,1,1,1,1,1,1
1047250,1,1,1,1,1,1,1,1
1047375,1,1,1,1,1,1,1,1
1047500,1,1,1,1,1,1,1,1
1047625,1,1,1,1,1,1,1,1
1047750,1,1,1,1,1,1,1,1
1047875,1,1,1,1,1,1,1,1
1048000,1,1,1,1,1,1,1,1
1048125,1,1,1,1,1,1,1,1
1048250,1,1,1,1,1,1,1,1
1048375,1,1,1,1,1,1,1,1
1048500,1,1,1,1,1,1,1,1
1048625,1,1,1,1,1,1,1,1
1048750,1,1,1,1,1,1,1,1
1048875,1,1,1,1,1,1,1,1
1049000,1,1,1,1,1,1,1,1
1049125,1,1,1,1,1,1,1,1
1049250,1,1,1,1,1,1,1,1
1049375,1,1,1,1,1,1,1,1
1049500,1,1,1,1,1,1,1,1
1049625,1,1,1,1,1,1,1,1
1049750,1,1,1,1,1,1,1,1
1049875,1,1,1,1,1,1,1,1
1050000,1,1,1,1,1,1,1,1
1050125,1,1,1,1,1,1,1,1
1050250,1,1,1,1,1,1,1,1
1050375,1,1,1,1,1,1,1,1
1050500,1,1,1,1,1,1,1,1
1050625,1,1,1,1,1,1,1,1
1050750,1,1,1,1,1,1,1,1
1050875,1,1,1,1,1,1,1,1
1051000,1,1,1,1,1,1,1,1
1051125,1,1,1,1,1,1,1,1
1051250,1,1,1,1,1,1,1,1
1051375,1,1,1,1,1,1,1,1
1051500,1,1,1,1,1,1,1,1
1051625,1,1,1,1,1,1,1,1
1051750,1,1,1,1,1,1,1,1
1051875,1,1,1,1,1,1,1,1
1052000,1,1,1,1,1,1,1,1
1052125,1,1,1,1,1,1,1,1
1052250,1,1,1,1,1,1,1,1
1052375,1,1,1,1,1,1,1,1
1052500,1,1,1,1,1,1,1,1
1052625,1,1,1,1,1,1,1,1
1052750,1,1,1,1,1,1,1,1
1052875,1,1,1,1,1,1,1,1
1053000,1,1,1,1,1,1,1,1
1053125,1,1,1,1,1,1,1,1
1053250,1,1,1,1,1,1,1,1
1053375,1,1,1,1,1,1,1,1
1053500,1,1,1,1,1,1,1,1
1053625,1,1,1,1,1,1,1,1
1053750,1,1,1,1,1,1,1,1
1053875,1,1,1,1,1,1,1,1
1054000,1,1,1,1,1,1,1,1
1054125,1,1,1,1,1,1,1,1
1054250,1,1,1,1,1,1,1,1
1054375,1,1,1,1,1,1,1,1
1054500,1,1,1,1,1,1,1,1
1054625,1,1,1,1,1,1,1,1
1054750,1,1,1,1,1,1,1,1
1054875,1,1,1,1,1,1,1,1
1055000,1,1,1,1,1,1,1,1
1055125,1,1,1,1,1,1,1,1
1055250,1,1,1,1,1,1,1,1
1055375,1,1,1,1,1,1,1,1
1055500,1,1,1,1,1,1,1,1
1055625,1,1,1,1,1,1,1,1
1055750,1,1,1,1,1,1,1,1
1055875,1,1,1,1,1,1,1,1
1056000,1,1,1,1,1,1,1,1
1056125,1,1,1,1,1,1,1,1
1056250,1,1,1,1,1,1,1,1
1056375,1,1,1,1,1,1,1,1
1056500,1,1,1,1,1,1,1,1
1056625,1,1,1,1,1,1,1,1
1056750,1,1,1,1,1,1,1,1
1056875,1,1,1,1,1,1,1,1
1057000,1,1,1,1,1,1,1,1
1057125,1,1,1,1,1,1,1,1
1057250,1,1,1,1,1,1,1,1
1057375,1,1,1,1,1,1,1,1
1057500,1,1,1,1,1,1,1,1
1057625,1,1,1,1,1,1,1,1
1057750,1,1,1,1,1,1,1,1
1057875,1,1,1,1,1,1,1,1
1058000,1,1,1,1,1,1,1,1
1058125,1,1,1,1,1,1,1,1
1058250,1,1,1,1,1,1,1,1
1058375,1,1,1,1,1,1,1,1
1058500,1,1,1,1,1,1,1,1
1058625,1,1,1,1,1,1,1,1
1058750,1,1,1,1,1,1,1,1
1058875,1,1,1,1,1,1,1,1
1059000,1,1,1,1,1,1,1,1
1059125,1,1,1,1,1,1,1,1
1059250,1,1,1,1,1,1,1,1
1059375,1,1,1,1,1,1,1,1
1059500,1,1,1,1,1,1,1,1
1059625,1,1,1,1,1,1,1,1
1059750,1,1,1,1,1,1,1,1
1059875,1,1,1,1,1,1,1,1
1060000,1,1,1,1,1,1,1,1
1060125,1,1,1,1,1,1,1,1
1060250,1,1,1,1,1,1,1,1
1060375,1,1,1,1,1,1,1,1
1060500,1,1,1,1,1,1,1,1
1060625,1,1,1,1,1,1,1,1
1060750,1,1,1,1,1,1,1,1
1060875,1,1,1,1,1,1,1,1
1061000,1,1,1,1,1,1,1,1
1061125,1,1,1,1,1,1,1,1
1061250,1,1,1,1,1,1,1,1
1061375,1,1,1,1,1,1,1,1
1061500,1,1,1,1,1,1,1,1
1061625,1,1,1,1,1,1,1,1
1061750,1,1,1,1,1,1,1,1
1061875,1,1,1,1,1,1,1,1
1062000,1,1,1,1,1,1,1,1
1062125,1,1,1,1,1,1,1,1
1062250,1,1,1,1,1,1,1,1
1062375,1,1,1,1,1,1,1,1
1062500,1,1,1,1,1,1,1,1
1062625,1,1,1,1,1,1,1,1
1062750,1,1,1,1,1,1,1,1
1062875,1,1,1,1,1,1,1,1
1063000,1,1,1,1,1,1,1,1
1063125,1,1,1,1,1,1,1,1
1063250,1,1,1,1,1,1,1,1
1063375,1,1,1,1,1,1,1,1
1063500,1,1,1,1,1,1,1,1
1063625,1,1,1,1,1,1,1,1
1063750,1,1,1,1,1,1,1,1
1063875,1,1,1,1,1,1,1,1
1064000,1,1,1,1,1,1,1,1
1064125,1,1,1,1,1,1,1,1
1064250,1,1,1,1,1,1,1,1
1064375,1,1,1,1,1,1,1,1
1064500,1,1,1,1,1,1,1,1
1064625,1,1,1,1,1,1,1,1
1064750,1,1,1,1,1,1,1,1
1064875,1,1,1,1,1,1,1,1
1065000,1,1,1,1,1,1,1,1
1065125,1,1,1,1,1,1,1,1
1065250,1,1,1,1,1,1,1,1
1065375,1,1,1,1,1,1,1,1
1065500,1,1,1,1,1,1,1,1
1065625,1,1,1,1,1,1,1,1
1065750,1,1,1,1,1,1,1,1
1065875,1,1,1,1,1,1,1,1
1066000,1,1,1,1,1,1,1,1
1066125,1,1,1,1,1,1,1,1
1066250,1,1,1,1,1,1,1,1
1066375,1,1,1,1,1,1,1,1
1066500,1,1,1,1,1,1,1,1
1066625,1,1,1,1,1,1,1,1
1066750,1,1,1,1,1,1,1,1
1066875,1,1,1,1,1,1,1,1
1067000,1,1,1,1,1,1,1,1
1067125,1,1,1,1,1,1,1,1
1067250,1,1,1,1,1,1,1,1
1067375,1,1,1,1,1,1,1,1
1067500,1,1,1,1,1,1,1,1
1067625,1,1,1,1,1,1,1,1
1067750,1,1,1,1,1,1,1,1
1067875,1,1,1,1,1,1,1,1
1068000,1,1,1,1,1,1,1,1
1068125,1,1,1,1,1,1,1,1
1068250,1,1,1,1,1,1,1,1
1068375,1,1,1,1,1,1,1,1
1068500,1,1,1,1,1,1,1,1
1068625,1,1,1,1,1,1,1,1
1068750,1,1,1,1,1,1,1,1
1068875,1,1,1,1,1,1,1,1
1069000,1,1,1,1,1,1,1,1
1069125,1,1,1,1,1,1,1,1
1069250,1,1,1,1,1,1,1,1
1069375,1,1,1,1,1,1,1,1
1069500,1,1,1,1,1,1,1,1
1069625,1,1,1,1,1,1,1,1
1069750,1,1,1,1,1,1,1,1
1069875,1,1,1,1,1,1,1,1
1070000,1,1,1,1,1,1,1,1
1070125,1,1,1,1,1,1,1,1
1070250,1,1,1,1,1,1,1,1
1070375,1,1,1,1,1,1,1,1
1070500,1,1,1,1,1,1,1,1
1070625,1,1,1,1,1,1,1,1
1070750,1,1,1,1,1,1,1,1
1070875,1,1,1,1,1,1,1,1
1071000,1,1,1,1,1,1,1,1
1071125,1,1,1,1,1,1,1,1
1071250,1,1,1,1,1,1,1,1
1071375,1,1,1,1,1,1,1,1
1071500,1,1,1,1,1,1,1,1
1071625,1,1,1,1,1,1,1,1
1071750,1,1,1,1,1,1,1,1
1071875,1,1,1,1,1,1,1,1
1072000,1,1,1,1,1,1,1,1
1072125,1,1,1,1,1,1,1,1
1072250,1,1,1,1,1,1,1,1
1072375,1,1,1,1,1,1,1,1
1072500,1,1,1,1,1,1,1,1
1072625,1,1,1,1,1,1,1,1
1072750,1,1,1,1,1,1,1,1
1072875,1,1,1,1,1,1,1,1
1073000,1,1,1,1,1,1,1,1
1073125,1,1,1,1,1,1,1,1
1073250,1,1,1,1,1,1,1,1
1073375,1,1,1,1,1,1,1,1
1073500,1,1,1,1,1,1,1,1
1073625,1,1,1,1,1,1,1,1
1073750,1,1,1,1,1,1,1,1
1073875,1,1,1,1,1,1,1,1
1074000,1,1,1,1,1,1,1,1
1074125,1,1,1,1,1,1,1,1
1074250,1,1,1,1,1,1,1,1
1074375,1,1,1,1,1,1,1,1
1074500,1,1,1,1,1,1,1,1
1074625,1,1,1,1,1,1,1,1
1074750,1,1,1,1,1,1,1,1
1074875,1,1,1,1,1,1,1,1
1075000,1,1,1,1,1,1,1,1
1075125,1,1,1,1,1,1,1,1
1075250,1,1,1,1,1,1,1,1
1075375,1,1,1,1,1,1,1,1
1075500,1,1,1,1,1,1,1,1
1075625,1,1,1,1,1,1,1,1
1075750,1,1,1,1,1,1,1,1
1075875,1,1,1,1,1,1,1,1
1076000,1,1,1,1,1,1,1,1
1076125,1,1,1,1,1,1,1,1
1076250,1,1,1,1,1,1,1,1
1076375,1,1,1,1,1,1,1,1
1076500,1,1,1,1,1,1,1,1
1076625,1,1,1,1,1,1,1,1
1076750,1,1,1,1,1,1,1,1
1076875,1,1,1,1,1,1,1,1
1077000,1,1,1,1,1,1,1,1
1077125,1,1,1,1,1,1,1,1
1077250,1,1,1,1,1,1,1,1
1077375,1,1,1,1,1,1,1,1
1077500,1,1,1,1,1,1,1,1
1077625,1,1,1,1,1,1,1,1
1077750,1,1,1,1,1,1,1,1
1077875,1,1,1,1,1,1,1,1
1078000,1,1,1,1,1,1,1,1
1078125,1,1,1,1,1,1,1,1
1078250,1,1,1,1,1,1,1,1
1078375,1,1,1,1,1,1,1,1
1078500,1,1,1,1,1,1,1,1
1078625,1,1,1,1,1,1,1,1
1078750,1,1,1,1,1,1,1,1
1078875,1,1,1,1,1,1,1,1
1079000,1,1,1,1,1,1,1,1
1079125,1,1,1,1,1,1,1,1
1079250,1,1,1,1,1,1,1,1
1079375,1,1,1,1,1,1,1,1
1079500,1,1,1,1,1,1,1,1
1079625,1,1,1,1,1,1,1,1
1079750,1,1,1,1,1,1,1,1
1079875,1,1,1,1,1,1,1,1
1080000,1,1,1,1,1,1,1,1
1080125,1,1,1,1,1,1,1,1
1080250,1,1,1,1,1,1,1,1
1080375,1,1,1,1,1,1,1,1
1080500,1,1,1,1,1,1,1,1
1080625,1,1,1,1,1,1,1,1
1080750,1,1,1,1,1,1,1,1
1080875,1,1,1,1,1,1,1,1
1081000,1,1,1,1,1,1,1,1
1081125,1,1,1,1,1,1,1,1
1081250,1,1,1,1,1,1,1,1
1081375,1,1,1,1,1,1,1,1
1081500,1,1,1,1,1,1,1,1
1081625,1,1,1,1,1,1,1,1
1081750,1,1,1,1,1,1,1,1
1081875,1,1,1,1,1,1,1,1
1082000,1,1,1,1,1,1,1,1
1082125,1,1,1,1,1,1,1,1
1082250,1,1,1,1,1,1,1,1
1082375,1,1,1,1,1,1,1,1
1082500,1,1,1,1,1,1,1,1
1082625,1,1,1,1,1,1,1,1
1082750,1,1,1,1,1,1,1,1
1082875,1,1,1,1,1,1,1,1
1083000,1,1,1,1,1,1,1,1
1083125,1,1,1,1,1,1,1,1
1083250,1,1,1,1,1,1,1,1
1083375,1,1,1,1,1,1,1,1
1083500,1,1,1,1,1,1,1,1
1083625,1,1,1,1,1,1,1,1
1083750,1,1,1,1,1,1,1,1
1083875,1,1,1,1,1,1,1,1
1084000,1,1,1,1,1,1,1,1
1084125,1,1,1,1,1,1,1,1
1084250,1,1,1,1,1,1,1,1
1084375,1,1,1,1,1,1,1,1
1084500,1,1,1,1,1,1,1,1
1084625,1,1,1,1,1,1,1,1
1084750,1,1,1,1,1,1,1,1
1084875,1,1,1,1,1,1,1,1
1085000,1,1,1,1,1,1,1,1
1085125,1,1,1,1,1,1,1,1
1085250,1,1,1,1,1,1,1,1
1085375,1,1,1,1,1,1,1,1
1085500,1,1,1,1,1,1,1,1
1085625,1,1,1,1,1,1,1,1
1085750,1,1,1,1,1,1,1,1
1085875,1,1,1,1,1,1,1,1
1086000,1,1,1,1,1,1,1,1
1086125,1,1,1,1,1,1,1,1
1086250,1,1,1,1,1,1,1,1
1086375,1,1,1,1,1,1,1,1
1086500,1,1,1,1,1,1,1,1
1086625,1,1,1,1,1,1,1,1
1086750,1,1,1,1,1,1,1,1
1086875,1,1,1,1,1,1,1,1
1087000,1,1,1,1,1,1,1,1
1087125,1,1,1,1,1,1,1,1
1087250,1,1,1,1,1,1,1,1
1087375,1,1,1,1,1,1,1,1
1087500,1,1,1,1,1,1,1,1
1087625,1,1,1,1,1,1,1,1
1087750,1,1,1,1,1,1,1,1
1087875,1,1,1,1,1,1,1,1
1088000,1,1,1,1,1,1,1,1
1088125,1,1,1,1,1,1,1,1
1088250,1,1,1,1,1,1,1,1
1088375,1,1,1,1,1,1,1,1
1088500,1,1,1,1,1,1,1,1
1088625,1,1,1,1,1,1,1,1
1088750,1,1,1,1,1,1,1,1
1088875,1,1,1,1,1,1,1,1
1089000,1,1,1,1,1,1,1,1
1089125,1,1,1,1,1,1,1,1
1089250,1,1,1,1,1,1,1,1
1089375,1,1,1,1,1,1,1,1
1089500,1,1,1,1,1,1,1,1
1089625,1,1,1,1,1,1,1,1
1089750,1,1,1,1,1,1,1,1
1089875,1,1,1,1,1,1,1,1
1090000,1,1,1,1,1,1,1,1
1090125,1,1,1,1,1,1,1,1
1090250,1,1,1,1,1,1,1,1
1090375,1,1,1,1,1,1,1,1
1090500,1,1,1,1,1,1,1,1
1090625,1,1,1,1,1,1,1,1
1090750,1,1,1,1,1,1,1,1
1090875,1,1,1,1,1,1,1,1
1091000,1,1,1,1,1,1,1,1
1091125,1,1,1,1,1,1,1,1
1091250,1,1,1,1,1,1,1,1
1091375,1,1,1,1,1,1,1,1
1091500,1,1,1,1,1,1,1,1
1091625,1,1,1,1,1,1,1,1
1091750,1,1,1,1,1,1,1,1
1091875,1,1,1,1,1,1,1,1
1092000,1,1,1,1,1,1,1,1
1092125,1,1,1,1,1,1,1,1
1092250,1,1,1,1,1,1,1,1
1092375,1,1,1,1,1,1,1,1
1092500,1,1,1,1,1,1,1,1
1092625,1,1,1,1,1,1,1,1
1092750,1,1,1,1,1,1,1,1
1092875,1,1,1,1,1,1,1,1
1093000,1,1,1,1,1,1,1,1
1093125,1,1,1,1,1,1,1,1
1093250,1,1,1,1,1,1,1,1
1093375,1,1,1,1,1,1,1,1
1093500,1,1,1,1,1,1,1,1
1093625,1,1,1,1,1,1,1,1
1093750,1,1,1,1,1,1,1,1
1093875,1,1,1,1,1,1,1,1
1094000,1,1,1,1,1,1,1,1
1094125,1,1,1,1,1,1,1,1
1094250,1,1,1,1,1,1,1,1
1094375,1,1,1,1,1,1,1,1
1094500,1,1,1,1,1,1,1,1
1094625,1,1,1,1,1,1,1,1
1094750,1,1,1,1,1,1,1,1
1094875,1,1,1,1,1,1,1,1
1095000,1,1,1,1,1,1,1,1
1095125,1,1,1,1,1,1,1,1
1095250,1,1,1,1,1,1,1,1
1095375,1,1,1,1,1,1,1,1
1095500,1,1,1,1,1,1,1,1
1095625,1,1,1,1,1,1,1,1
1095750,1,1,1,1,1,1,1,1
1095875,1,1,1,1,1,1,1,1
1096000,1,1,1,1,1,1,1,1
1096125,1,1,1,1,1,1,1,1
1096250,1,1,1,1,1,1,1,1
1096375,1,1,1,1,1,1,1,1
1096500,1,1,1,1,1,1,1,1
1096625,1,1,1,1,1,1,1,1
1096750,1,1,1,1,1,1,1,1
1096875,1,1,1,1,1,1,1,1
1097000,1,1,1,1,1,1,1,1
1097125,1,1,1,1,1,1,1,1
1097250,1,1,1,1,1,1,1,1
1097375,1,1,1,1,1,1,1,1
1097500,1,1,1,1,1,1,1,1
1097625,1,1,1,1,1,1,1,1
1097750,1,1,1,1,1,1,1,1
1097875,1,1,1,1,1,1,1,1
1098000,1,1,1,1,1,1,1,1
1098125,1,1,1,1,1,1,1,1
1098250,1,1,1,1,1,1,1,1
1098375,1,1,1,1,1,1,1,1
1098500,1,1,1,1,1,1,1,1
1098625,1,1,1,1,1,1,1,1
1098750,1,1,1,1,1,1,1,1
1098875,1,1,1,1,1,1,1,1
1099000,1,1,1,1,1,1,1,1
1099125,1,1,1,1,1,1,1,1
1099250,1,1,1,1,1,1,1,1
1099375,1,1,1,1,1,1,1,1
1099500,1,1,1,1,1,1,1,1
1099625,1,1,1,1,1,1,1,1
1099750,1,1,1,1,1,1,1,1
1099875,1,1,1,1,1,1,1,1
1100000,1,1,1,1,1,1,1,1
1100125,1,1,1,1,1,1,1,1
1100250,1,1,1,1,1,1,1,1
1100375,1,1,1,1,1,1,1,1
1100500,1,1,1,1,1,1,1,1
1100625,1,1,1,1,1,1,1,1
1100750,1,1,1,1,1,1,1,1
1100875,1,1,1,1,1,1,1,1
1101000,1,1,1,1,1,1,1,1
1101125,1,1,1,1,1,1,1,1
1101250,1,1,1,1,1,1,1,1
1101375,1,1,1,1,1,1,1,1
1101500,1,1,1,1,1,1,1,1
1101625,1,1,1,1,1,1,1,1
1101750,1,1,1,1,1,1,1,1
1101875,1,1,1,1,1,1,1,1
1102000,1,1,1,1,1,1,1,1
1102125,1,1,1,1,1,1,1,1
1102250,1,1,1,1,1,1,1,1
1102375,1,1,1,1,1,1,1,1
1102500,1,1,1,1,1,1,1,1
1102625,1,1,1,1,1,1,1,1
1102750,1,1,1,1,1,1,1,1
1102875,1,1,1,1,1,1,1,1
1103000,1,1,1,1,1,1,1,1
1103125,1,1,1,1,1,1,1,1
1103250,1,1,1,1,1,1,1,1
1103375,1,1,1,1,1,1,1,1
1103500,1,1,1,1,1,1,1,1
1103625,1,1,1,1,1,1,1,1
1103750,1,1,1,1,1,1,1,1
1103875,1,1,1,1,1,1,1,1
1104000,1,1,1,1,1,1,1,1
1104125,1,1,1,1,1,1,1,1
1104250,1,1,1,1,1,1,1,1
1104375,1,1,1,1,1,1,1,1
1104500,1,1,1,1,1,1,1,1
1104625,1,1,1,1,1,1,1,1
1104750,1,1,1,1,1,1,1,1
1104875,1,1,1,1,1,1,1,1
1105000,1,1,1,1,1,1,1,1
1105125,1,1,1,1,1,1,1,1
1105250,1,1,1,1,1,1,1,1
1105375,1,1,1,1,1,1,1,1
1105500,1,1,1,1,1,1,1,1
1105625,1,1,1,1,1,1,1,1
1105750,1,1,1,1,1,1,1,1
1105875,1,1,1,1,1,1,1,1
1106000,1,1,1,1,1,1,1,1
1106125,1,1,1,1,1,1,1,1
1106250,1,1,1,1,1,1,1,1
1106375,1,1,1,1,1,1,1,1
1106500,1,1,1,1,1,1,1,1
1106625,1,1,1,1,1,1,1,1
1106750,1,1,1,1,1,1,1,1
1106875,1,1,1,1,1,1,1,1
1107000,1,1,1,1,1,1,1,1
1107125,1,1,1,1,1,1,1,1
1107250,1,1,1,1,1,1,1,1
1107375,1,1,1,1,1,1,1,1
1107500,1,1,1,1,1,1,1,1
1107625,1,1,1,1,1,1,1,1
1107750,1,1,1,1,1,1,1,1
1107875,1,1,1,1,1,1,1,1
1108000,1,1,1,1,1,1,1,1
1108125,1,1,1,1,1,1,1,1
1108250,1,1,1,1,1,1,1,1
1108375,1,1,1,1,1,1,1,1
1108500,1,1,1,1,1,1,1,1
1108625,1,1,1,1,1,1,1,1
1108750,1,1,1,1,1,1,1,1
1108875,1,1,1,1,1,1,1,1
1109000,1,1,1,1,1,1,1,1
1109125,1,1,1,1,1,1,1,1
1109250,1,1,1,1,1,1,1,1
1109375,1,1,1,1,1,1,1,1
1109500,1,1,1,1,1,1,1,1
1109625,1,1,1,1,1,1,1,1
1109750,1,1,1,1,1,1,1,1
1109875,1,1,1,1,1,1,1,1
1110000,1,1,1,1,1,1,1,1
1110125,1,1,1,1,1,1,1,1
1110250,1,1,1,1,1,1,1,1
1110375,1,1,1,1,1,1,1,1
1110500,1,1,1,1,1,1,1,1
1110625,1,1,1,1,1,1,1,1
1110750,1,1,1,1,1,1,1,1
1110875,1,1,1,1,1,1,1,1
1111000,1,1,1,1,1,1,1,1
1111125,1,1,1,1,1,1,1,1
1111250,1,1,1,1,1,1,1,1
1111375,1,1,1,1,1,1,1,1
1111500,1,1,1,1,1,1,1,1
1111625,1,1,1,1,1,1,1,1
1111750,1,1,1,1,1,1,1,1
1111875,1,1,1,1,1,1,1,1
1112000,1,1,1,1,1,1,1,1
1112125,1,1,1,1,1,1,1,1
1112250,1,1,1,1,1,1,1,1
1112375,1,1,1,1,1,1,1,1
1112500,1,1,1,1,1,1,1,1
1112625,1,1,1,1,1,1,1,1
1112750,1,1,1,1,1,1,1,1
1112875,1,1,1,1,1,1,1,1
1113000,1,1,1,1,1,1,1,1
1113125,1,1,1,1,1,1,1,1
1113250,1,1,1,1,1,1,1,1
1113375,1,1,1,1,1,1,1,1
1113500,1,1,1,1,1,1,1,1
1113625,1,1,1,1,1,1,1,1
1113750,1,1,1,1,1,1,1,1
1113875,1,1,1,1,1,1,1,1
1114000,1,1,1,1,1,1,1,1
1114125,1,1,1,1,1,1,1,1
1114250,1,1,1,1,1,1,1,1
1114375,1,1,1,1,1,1,1,1
1114500,1,1,1,1,1,1,1,1
1114625,1,1,1,1,1,1,1,1
1114750,1,1,1,1,1,1,1,1
1114875,1,1,1,1,1,1,1,1
1115000,1,1,1,1,1,1,1,1
1115125,1,1,1,1,1,1,1,1
1115250,1,1,1,1,1,1,1,1
1115375,1,1,1,1,1,1,1,1
1115500,1,1,1,1,1,1,1,1
1115625,1,1,1,1,1,1,1,1
1115750,1,1,1,1,1,1,1,1
1115875,1,1,1,1,1,1,1,1
1116000,1,1,1,1,1,1,1,1
1116125,1,1,1,1,1,1,1,1
1116250,1,1,1,1,1,1,1,1
1116375,1,1,1,1,1,1,1,1
1116500,1,1,1,1,1,1,1,1
1116625,1,1,1,1,1,1,1,1
1116750,1,1,1,1,1,1,1,1
1116875,1,1,1,1,1,1,1,1
1117000,1,1,1,1,1,1,1,1
1117125,1,1,1,1,1,1,1,1
1117250,1,1,1,1,1,1,1,1
1117375,1,1,1,1,1,1,1,1
1117500,1,1,1,1,1,1,1,1
1117625,1,1,1,1,1,1,1,1
1117750,1,1,1,1,1,1,1,1
1117875,1,1,1,1,1,1,1,1
1118000,1,1,1,1,1,1,1,1
1118125,1,1,1,1,1,1,1,1
1118250,1,1,1,1,1,1,1,1
1118375,1,1,1,1,1,1,1,1
1118500,1,1,1,1,1,1,1,1
1118625,1,1,1,1,1,1,1,1
1118750,1,1,1,1,1,1,1,1
1118875,1,1,1,1,1,1,1,1
1119000,1,1,1,1,1,1,1,1
1119125,1,1,1,1,1,1,1,1
1119250,1,1,1,1,1,1,1,1
1119375,1,1,1,1,1,1,1,1
1119500,1,1,1,1,1,1,1,1
1119625,1,1,1,1,1,1,1,1
1119750,1,1,1,1,1,1,1,1
1119875,1,1,1,1,1,1,1,1
1120000,1,1,1,1,1,1,1,1
1120125,1,1,1,1,1,1,1,1
1120250,1,1,1,1,1,1,1,1
1120375,1,1,1,1,1,1,1,1
1120500,1,1,1,1,1,1,1,1
1120625,1,1,1,1,1,1,1,1
1120750,1,1,1,1,1,1,1,1
1120875,1,1,1,1,1,1,1,1
1121000,1,1,1,1,1,1,1,1
1121125,1,1,1,1,1,1,1,1
1121250,1,1,1,1,1,1,1,1
1121375,1,1,1,1,1,1,1,1
1121500,1,1,1,1,1,1,1,1
1121625,1,1,1,1,1,1,1,1
1121750,1,1,1,1,1,1,1,1
1121875,1,1,1,1,1,1,1,1
1122000,1,1,1,1,1,1,1,1
1122125,1,1,1,1,1,1,1,1
1122250,1,1,1,1,1,1,1,1
1122375,1,1,1,1,1,1,1,1
1122500,1,1,1,1,1,1,1,1
1122625,1,1,1,1,1,1,1,1
1122750,1,1,1,1,1,1,1,1
1122875,1,1,1,1,1,1,1,1
1123000,1,1,1,1,1,1,1,1
1123125,1,1,1,1,1,1,1,1
1123250,1,1,1,1,1,1,1,1
1123375,1,1,1,1,1,1,1,1
1123500,1,1,1,1,1,1,1,1
1123625,1,1,1,1,1,1,1,1
1123750,1,1,1,1,1,1,1,1
1123875,1,1,1,1,1,1,1,1
1124000,1,1,1,1,1,1,1,1
1124125,1,1,1,1,1,1,1,1
1124250,1,1,1,1,1,1,1,1
1124375,1,1,1,1,1,1,1,1
1124500,1,1,1,1,1,1,1,1
1124625,1,1,1,1,1,1,1,1
1124750,1,1,1,1,1,1,1,1
1124875,1,1,1,1,1,1,1,1
1125000,1,1,1,1,1,1,1,1
1125125,1,1,1,1,1,1,1,1
1125250,1,1,1,1,1,1,1,1
1125375,1,1,1,1,1,1,1,1
1125500,1,1,1,1,1,1,1,1
1125625,1,1,1,1,1,1,1,1
1125750,1,1,1,1,1,1,1,1
1125875,1,1,1,1,1,1,1,1
1126000,1,1,1,1,1,1,1,1
1126125,1,1,1,1,1,1,1,1
1126250,1,1,1,1,1,1,1,1
1126375,1,1,1,1,1,1,1,1
1126500,1,1,1,1,1,1,1,1
1126625,1,1,1,1,1,1,1,1
1126750,1,1,1,1,1,1,1,1
1126875,1,1,1,1,1,1,1,1
1127000,1,1,1,1,1,1,1,1
1127125,1,1,1,1,1,1,1,1
1127250,1,1,1,1,1,1,1,1
1127375,1,1,1,1,1,1,1,1
1127500,1,1,1,1,1,1,1,1
1127625,1,1,1,1,1,1,1,1
1127750,1,1,1,1,1,1,1,1
1127875,1,1,1,1,1,1,1,1
1128000,1,1,1,1,1,1,1,1
1128125,1,1,1,1,1,1,1,1
1128250,1,1,1,1,1,1,1,1
1128375,1,1,1,1,1,1,1,1
1128500,1,1,1,1,1,1,1,1
1128625,1,1,1,1,1,1,1,1
1128750,1,1,1,1,1,1,1,1
1128875,1,1,1,1,1,1,1,1
1129000,1,1,1,1,1,1,1,1
1129125,1,1,1,1,1,1,1,1
1129250,1,1,1,1,1,1,1,1
1129375,1,1,1,1,1,1,1,1
1129500,1,1,1,1,1,1,1,1
1129625,1,1,1,1,1,1,1,1
1129750,1,1,1,1,1,1,1,1
1129875,1,1,1,1,1,1,1,1
1130000,1,1,1,1,1,1,1,1
1130125,1,1,1,1,1,1,1,1
1130250,1,1,1,1,1,1,1,1
1130375,1,1,1,1,1,1,1,1
1130500,1,1,1,1,1,1,1,1
1130625,1,1,1,1,1,1,1,1
1130750,1,1,1,1,1,1,1,1
1130875,1,1,1,1,1,1,1,1
1131000,1,1,1,1,1,1,1,1
1131125,1,1,1,1,1,1,1,1
1131250,1,1,1,1,1,1,1,1
1131375,1,1,1,1,1,1,1,1
1131500,1,1,1,1,1,1,1,1
1131625,1,1,1,1,1,1,1,1
1131750,1,1,1,1,1,1,1,1
1131875,1,1,1,1,1,1,1,1
1132000,1,1,1,1,1,1,1,1
1132125,1,1,1,1,1,1,1,1
1132250,1,1,1,1,1,1,1,1
1132375,1,1,1,1,1,1,1,1
1132500,1,1,1,1,1,1,1,1
1132625,1,1,1,1,1,1,1,1
1132750,1,1,1,1,1,1,1,1
1132875,1,1,1,1,1,1,1,1
1133000,1,1,1,1,1,1,1,1
1133125,1,1,1,1,1,1,1,1
1133250,1,1,1,1,1,1,1,1
1133375,1,1,1,1,1,1,1,1
1133500,1,1,1,1,1,1,1,1
1133625,1,1,1,1,1,1,1,1
1133750,1,1,1,1,1,1,1,1
1133875,1,1,1,1,1,1,1,1
1134000,1,1,1,1,1,1,1,1
1134125,1,1,1,1,1,1,1,1
1134250,1,1,1,1,1,1,1,1
1134375,1,1,1,1,1,1,1,1
1134500,1,1,1,1,1,1,1,1
1134625,1,1,1,1,1,1,1,1
1134750,1,1,1,1,1,1,1,1
1134875,1,1,1,1,1,1,1,1
1135000,1,1,1,1,1,1,1,1
1135125,1,1,1,1,1,1,1,1
1135250,1,1,1,1,1,1,1,1
1135375,1,1,1,1,1,1,1,1
1135500,1,1,1,1,1,1,1,1
1135625,1,1,1,1,1,1,1,1
1135750,1,1,1,1,1,1,1,1
1135875,1,1,1,1,1,1,1,1
1136000,1,1,1,1,1,1,1,1
1136125,1,1,1,1,1,1,1,1
1136250,1,1,1,1,1,1,1,1
1136375,1,1,1,1,1,1,1,1
1136500,1,1,1,1,1,1,1,1
1136625,1,1,1,1,1,1,1,1
1136750,1,1,1,1,1,1,1,1
1136875,1,1,1,1,1,1,1,1
1137000,1,1,1,1,1,1,1,1
1137125,1,1,1,1,1,1,1,1
1137250,1,1,1,1,1,1,1,1
1137375,1,1,1,1,1,1,1,1
1137500,1,1,1,1,1,1,1,1
1137625,1,1,1,1,1,1,1,1
1137750,1,1,1,1,1,1,1,1
1137875,1,1,1,1,1,1,1,1
1138000,1,1,1,1,1,1,1,1
1138125,1,1,1,1,1,1,1,1
1138250,1,1,1,1,1,1,1,1
1138375,1,1,1,1,1,1,1,1
1138500,1,1,1,1,1,1,1,1
1138625,1,1,1,1,1,1,1,1
1138750,1,1,1,1,1,1,1,1
1138875,1,1,1,1,1,1,1,1
1139000,1,1,1,1,1,1,1,1
1139125,1,1,1,1,1,1,1,1
1139250,1,1,1,1,1,1,1,1
1139375,1,1,1,1,1,1,1,1
1139500,1,1,1,1,1,1,1,1
1139625,1,1,1,1,1,1,1,1
1139750,1,1,1,1,1,1,1,1
1139875,1,1,1,1,1,1,1,1
1140000,1,1,1,1,1,1,1,1
1140125,1,1,1,1,1,1,1,1
1140250,1,1,1,1,1,1,1,1
1140375,1,1,1,1,1,1,1,1
1140500,1,1,1,1,1,1,1,1
1140625,1,1,1,1,1,1,1,1
1140750,1,1,1,1,1,1,1,1
1140875,1,1,1,1,1,1,1,1
1141000,1,1,1,1,1,1,1,1
1141125,1,1,1,1,1,1,1,1
1141250,1,1,1,1,1,1,1,1
1141375,1,1,1,1,1,1,1,1
1141500,1,1,1,1,1,1,1,1
1141625,1,1,1,1,1,1,1,1
1141750,1,1,1,1,1,1,1,1
1141875,1,1,1,1,1,1,1,1
1142000,1,1,1,1,1,1,1,1
1142125,1,1,1,1,1,1,1,1
1142250,1,1,1,1,1,1,1,1
1142375,1,1,1,1,1,1,1,1
1142500,1,1,1,1,1,1,1,1
1142625,1,1,1,1,1,1,1,1
1142750,1,1,1,1,1,1,1,1
1142875,1,1,1,1,1,1,1,1
1143000,1,1,1,1,1,1,1,1
1143125,1,1,1,1,1,1,1,1
1143250,1,1,1,1,1,1,1,1
1143375,1,1,1,1,1,1,1,1
1143500,1,1,1,1,1,1,1,1
1143625,1,1,1,1,1,1,1,1
1143750,1,1,1,1,1,1,1,1
1143875,1,1,1,1,1,1,1,1
1144000,1,1,1,1,1,1,1,1
1144125,1,1,1,1,1,1,1,1
1144250,1,1,1,1,1,1,1,1
1144375,1,1,1,1,1,1,1,1
1144500,1,1,1,1,1,1,1,1
1144625,1,1,1,1,1,1,1,1
1144750,1,1,1,1,1,1,1,1
1144875,1,1,1,1,1,1,1,1
1145000,1,1,1,1,1,1,1,1
1145125,1,1,1,1,1,1,1,1
1145250,1,1,1,1,1,1,1,1
1145375,1,1,1,1,1,1,1,1
1145500,1,1,1,1,1,1,1,1
1145625,1,1,1,1,1,1,1,1
1145750,1,1,1,1,1,1,1,1
1145875,1,1,1,1,1,1,1,1
1146000,1,1,1,1,1,1,1,1
1146125,1,1,1,1,1,1,1,1
1146250,1,1,1,1,1,1,1,1
1146375,1,1,1,1,1,1,1,1
1146500,1,1,1,1,1,1,1,1
1146625,1,1,1,1,1,1,1,1
1146750,1,1,1,1,1,1,1,1
1146875,1,1,1,1,1,1,1,1
1147000,1,1,1,1,1,1,1,1
1147125,1,1,1,1,1,1,1,1
1147250,1,1,1,1,1,1,1,1
1147375,1,1,1,1,1,1,1,1
1147500,1,1,1,1,1,1,1,1
1147625,1,1,1,1,1,1,1,1
1147750,1,1,1,1,1,1,1,1
1147875,1,1,1,1,1,1,1,1
1148000,1,1,1,1,1,1,1,1
1148125,1,1,1,1,1,1,1,1
1148250,1,1,1,1,1,1,1,1
1148375,1,1,1,1,1,1,1,1
1148500,1,1,1,1,1,1,1,1
1148625,1,1,1,1,1,1,1,1
1148750,1,1,1,1,1,1,1,1
1148875,1,1,1,1,1,1,1,1
1149000,1,1,1,1,1,1,1,1
1149125,1,1,1,1,1,1,1,1
1149250,1,1,1,1,1,1,1,1
1149375,1,1,1,1,1,1,1,1
1149500,1,1,1,1,1,1,1,1
1149625,1,1,1,1,1,1,1,1
1149750,1,1,1,1,1,1,1,1
1149875,1,1,1,1,1,1,1,1
1150000,1,1,1,1,1,1,1,1
1150125,1,1,1,1,1,1,1,1
1150250,1,1,1,1,1,1,1,1
1150375,1,1,1,1,1,1,1,1
1150500,1,1,1,1,1,1,1,1
1150625,1,1,1,1,1,1,1,1
1150750,1,1,1,1,1,1,1,1
1150875,1,1,1,1,1,1,1,1
1151000,1,1,1,1,1,1,1,1
1151125,1,1,1,1,1,1,1,1
1151250,1,1,1,1,1,1,1,1
1151375,1,1,1,1,1,1,1,1
1151500,1,1,1,1,1,1,1,1
1151625,1,1,1,1,1,1,1,1
1151750,1,1,1,1,1,1,1,1
1151875,1,1,1,1,1,1,1,1
1152000,1,1,1,1,1,1,1,1
1152125,1,1,1,1,1,1,1,1
1152250,1,1,1,1,1,1,1,1
1152375,1,1,1,1,1,1,1,1
1152500,1,1,1,1,1,1,1,1
1152625,1,1,1,1,1,1,1,1
1152750,1,1,1,1,1,1,1,1
1152875,1,1,1,1,1,1,1,1
1153000,1,1,1,1,1,1,1,1
1153125,1,1,1,1,1,1,1,1
1153250,1,1,1,1,1,1,1,1
1153375,1,1,1,1,1,1,1,1
1153500,1,1,1,1,1,1,1,1
1153625,1,1,1,1,1,1,1,1
1153750,1,1,1,1,1,1,1,1
1153875,1,1,1,1,1,1,1,1
1154000,1,1,1,1,1,1,1,1
1154125,1,1,1,1,1,1,1,1
1154250,1,1,1,1,1,1,1,1
1154375,1,1,1,1,1,1,1,1
1154500,1,1,1,1,1,1,1,1
1154625,1,1,1,1,1,1,1,1
1154750,1,1,1,1,1,1,1,1
1154875,1,1,1,1,1,1,1,1
1155000,1,1,1,1,1,1,1,1
1155125,1,1,1,1,1,1,1,1
1155250,1,1,1,1,1,1,1,1
1155375,1,1,1,1,1,1,1,1
1155500,1,1,1,1,1,1,1,1
1155625,1,1,1,1,1,1,1,1
1155750,1,1,1,1,1,1,1,1
1155875,1,1,1,1,1,1,1,1
1156000,1,1,1,1,1,1,1,1
1156125,1,1,1,1,1,1,1,1
1156250,1,1,1,1,1,1,1,1
1156375,1,1,1,1,1,1,1,1
1156500,1,1,1,1,1,1,1,1
1156625,1,1,1,1,1,1,1,1
1156750,1,1,1,1,1,1,1,1
1156875,1,1,1,1,1,1,1,1
1157000,1,1,1,1,1,1,1,1
1157125,1,1,1,1,1,1,1,1
1157250,1,1,1,1,1,1,1,1
1157375,1,1,1,1,1,1,1,1
1157500,1,1,1,1,1,1,1,1
1157625,1,1,1,1,1,1,1,1
1157750,1,1,1,1,1,1,1,1
1157875,1,1,1,1,1,1,1,1
1158000,1,1,1,1,1,1,1,1
1158125,1,1,1,1,1,1,1,1
1158250,1,1,1,1,1,1,1,1
1158375,1,1,1,1,1,1,1,1
1158500,1,1,1,1,1,1,1,1
1158625,1,1,1,1,1,1,1,1
1158750,1,1,1,1,1,1,1,1
1158875,1,1,1,1,1,1,1,1
1159000,1,1,1,1,1,1,1,1
1159125,1,1,1,1,1,1,1,1
1159250,1,1,1,1,1,1,1,1
1159375,1,1,1,1,1,1,1,1
1159500,1,1,1,1,1,1,1,1
1159625,1,1,1,1,1,1,1,1
1159750,1,1,1,1,1,1,1,1
1159875,1,1,1,1,1,1,1,1
1160000,1,1,1,1,1,1,1,1
1160125,1,1,1,1,1,1,1,1
1160250,1,1,1,1,1,1,1,1
1160375,1,1,1,1,1,1,1,1
1160500,1,1,1,1,1,1,1,1
1160625,1,1,1,1,1,1,1,1
1160750,1,1,1,1,1,1,1,1
1160875,1,1,1,1,1,1,1,1
1161000,1,1,1,1,1,1,1,1
1161125,1,1,1,1,1,1,1,1
1161250,1,1,1,1,1,1,1,1
1161375,1,1,1,1,1,1,1,1
1161500,1,1,1,1,1,1,1,1
1161625,1,1,1,1,1,1,1,1
1161750,1,1,1,1,1,1,1,1
1161875,1,1,1,1,1,1,1,1
1162000,1,1,1,1,1,1,1,1
1162125,1,1,1,1,1,1,1,1
1162250,1,1,1,1,1,1,1,1
1162375,1,1,1,1,1,1,1,1
1162500,1,1,1,1,1,1,1,1
1162625,1,1,1,1,1,1,1,1
1162750,1,1,1,1,1,1,1,1
1162875,1,1,1,1,1,1,1,1
1163000,1,1,1,1,1,1,1,1
1163125,1,1,1,1,1,1,1,1
1163250,1,1,1,1,1,1,1,1
1163375,1,1,1,1,1,1,1,1
1163500,1,1,1,1,1,1,1,1
1163625,1,1,1,1,1,1,1,1
1163750,1,1,1,1,1,1,1,1
1163875,1,1,1,1,1,1,1,1
1164000,1,1,1,1,1,1,1,1
1164125,1,1,1,1,1,1,1,1
1164250,1,1,1,1,1,1,1,1
1164375,1,1,1,1,1,1,1,1
1164500,1,1,1,1,1,1,1,1
1164625,1,1,1,1,1,1,1,1
1164750,1,1,1,1,1,1,1,1
1164875,1,1,1,1,1,1,1,1
1165000,1,1,1,1,1,1,1,1
1165125,1,1,1,1,1,1,1,1
1165250,1,1,1,1,1,1,1,1
1165375,1,1,1,1,1,1,1,1
1165500,1,1,1,1,1,1,1,1
1165625,1,1,1,1,1,1,1,1
1165750,1,1,1,1,1,1,1,1
1165875,1,1,1,1,1,1,1,1
1166000,1,1,1,1,1,1,1,1
1166125,1,1,1,1,1,1,1,1
